uuid,set,video,pedestrian_id,start_frame,end_frame,split
bc53db5c-6057-42ab-b1b7-376bb58de9a3,gp_set_0002,gp_set_0002_vid_0002.MP4,gp_5024,8570,8584,train
fa04c6a5-3b2d-4cc3-ae47-54ec9ef37c29,gp_set_0006,gp_set_0006_vid_0002.MP4,gp_4231,4220,4234,train
c2ec625c-4f0e-48ed-baa8-f82fcfc3222e,gp_set_0005,gp_set_0005_vid_0005.MP4,gp_5763,6066,6080,test
71205838-3f50-442f-b4a1-5a20f5a0c066,gp_set_0005,gp_set_0005_vid_0001.MP4,gp_1672,16914,16928,test
ae899e8f-8f8e-48d7-b253-b09423130ea1,gp_set_0003,gp_set_0003_vid_0004.MP4,gp_3606,20868,20882,test
495a1109-655b-4fae-8fff-63135c9612e3,gp_set_0005,gp_set_0005_vid_0001.MP4,gp_1306,1306,1320,test
775f9cb6-a616-4192-b142-6e8e4886196a,gp_set_0001,gp_set_0001_vid_0008.MP4,gp_1185,12249,12263,train
9e1a753c-e144-4d3a-8d14-3ad4bd8a6495,gp_set_0004,gp_set_0004_vid_0003.MP4,gp_2857,8368,8382,train
69029f27-5da8-47db-98c9-cbb4503f8916,gp_set_0001,gp_set_0001_vid_0005.MP4,gp_637,13620,13634,train
ee7f9167-8542-48ed-a3ce-196c65192cd2,gp_set_0009,gp_set_0009_vid_0001.MP4,gp_6920,789,803,test
711d69b0-90fb-4c03-a0c4-11e3bb92c6ee,gp_set_0001,gp_set_0001_vid_0008.MP4,gp_1037,8476,8490,train
3291ab09-58f8-4f3c-898b-df595b83233d,gp_set_0004,gp_set_0004_vid_0003.MP4,gp_2598,5438,5452,train
62b147ea-b30a-4d87-a340-e4a53196d3c7,gp_set_0003,gp_set_0003_vid_0004.MP4,gp_2778,5309,5323,test
9a68bfc8-00ea-4cd5-97fd-2f1e64c5960e,gp_set_0002,gp_set_0002_vid_0004.MP4,gp_4174,12968,12982,train
b25b6f24-6d71-4947-b468-72aee40f7c60,gp_set_0002,gp_set_0002_vid_0002.MP4,gp_4969,7234,7248,train
4bd37940-af1e-400b-bb42-8d82b55ba5e0,gp_set_0003,gp_set_0003_vid_0002.MP4,gp_2504,12736,12750,test
445a1069-f5f9-4356-bf7c-62d39c5cab20,gp_set_0001,gp_set_0001_vid_0005.MP4,gp_1331,20654,20668,train
a71e67c9-5c99-4df0-9be4-b0c680da7615,gp_set_0002,gp_set_0002_vid_0001.MP4,gp_4358,10757,10771,train
9554a322-f89c-47d9-ba33-59dbefd0e945,gp_set_0001,gp_set_0001_vid_0005.MP4,gp_936,20556,20570,train
6b612aba-2031-4a4a-98e1-c32d564e7767,gp_set_0003,gp_set_0003_vid_0004.MP4,gp_3598,20868,20882,test
f1d3c4b3-e113-433d-ab4d-63ad25c79e5d,gp_set_0004,gp_set_0004_vid_0005.MP4,gp_5594,4972,4986,train
5c50946f-f61c-4ecc-82e9-138ef561e978,gp_set_0002,gp_set_0002_vid_0004.MP4,gp_4144,16884,16898,train
46f84bee-9e66-4e88-9692-e22fec82f845,gp_set_0001,gp_set_0001_vid_0002.MP4,gp_231,96,110,train
57495f9e-59f8-4f3c-8b27-2c65835abff5,gp_set_0008,gp_set_0008_vid_0001.MP4,gp_5931,10130,10144,test
568c0049-eb55-4010-a4f1-26cfc489bfcd,gp_set_0004,gp_set_0004_vid_0002.MP4,gp_3709,43,57,train
ae0a22d7-25f1-440e-a0d1-360a0ff45eb3,gp_set_0003,gp_set_0003_vid_0005.MP4,gp_6947,7446,7460,test
2ea0e09a-14e2-44b4-816d-7651ebd3631a,gp_set_0006,gp_set_0006_vid_0003.MP4,gp_6933,1246,1260,train
ed378e6b-baf1-4af7-9aa4-0c16f43990f2,gp_set_0001,gp_set_0001_vid_0008.MP4,gp_675,1117,1131,train
ed5e0df2-8a91-405f-a330-c414031fd9d4,gp_set_0003,gp_set_0003_vid_0004.MP4,gp_2765,5320,5334,test
0d972477-5a52-4e41-bb14-b84e67e423fe,gp_set_0004,gp_set_0004_vid_0003.MP4,gp_3174,12552,12566,train
46a19af3-f409-406b-bf09-9bd7fc6c478b,gp_set_0002,gp_set_0002_vid_0001.MP4,gp_6750,8476,8490,train
ecfa8674-076d-41d5-ae2b-4fa20a536387,gp_set_0009,gp_set_0009_vid_0001.MP4,gp_6879,356,370,test
0ff826cc-f422-4644-86e3-408747751078,gp_set_0004,gp_set_0004_vid_0003.MP4,gp_3676,20077,20091,train
02160f19-61fa-4570-a27d-8738c7089610,gp_set_0004,gp_set_0004_vid_0003.MP4,gp_2521,522,536,train
1fefe122-02ea-4171-b8a5-fb767807abd6,gp_set_0002,gp_set_0002_vid_0004.MP4,gp_4133,16909,16923,train
a452042e-ac4a-4f09-8a00-0e497e469e43,gp_set_0003,gp_set_0003_vid_0004.MP4,gp_3023,10837,10851,test
1a1a2efd-5d46-4f0c-bbf5-8e42d8825883,gp_set_0001,gp_set_0001_vid_0005.MP4,gp_963,20703,20717,train
8fdf050d-bce7-4a1e-b39e-e21c97053f50,gp_set_0001,gp_set_0001_vid_0008.MP4,gp_284,5992,6006,train
ffb40537-5d79-44a2-bbd4-6b7aff4200cb,gp_set_0003,gp_set_0003_vid_0005.MP4,gp_6946,7389,7403,test
0e31c305-9d7a-4d59-920a-e9a567679af9,gp_set_0003,gp_set_0003_vid_0001.MP4,gp_3334,15892,15906,test
b3e35682-8a2c-4e75-bd6b-19c1f3773960,gp_set_0002,gp_set_0002_vid_0001.MP4,gp_4359,10757,10771,train
2bb427c1-57cd-4456-b53a-7dad34843e83,gp_set_0001,gp_set_0001_vid_0005.MP4,gp_952,20676,20690,train
05525cb0-d0e8-425e-812d-f7e9b6c93e39,gp_set_0005,gp_set_0005_vid_0001.MP4,gp_1302,1306,1320,test
56881f94-0c4f-4323-ae3e-5ac431e95925,gp_set_0007,gp_set_0007_vid_0004.MP4,gp_6616,10757,10771,train
6c2cbb79-d5ec-457d-a3a1-925384d73777,gp_set_0008,gp_set_0008_vid_0001.MP4,gp_5971,6226,6240,test
8293f1b4-2f42-4b1b-bb6d-0d91a79a28da,gp_set_0003,gp_set_0003_vid_0004.MP4,gp_3056,11042,11056,test
de53e80a-7db2-4b47-bc0c-2de4332650ee,gp_set_0003,gp_set_0003_vid_0004.MP4,gp_2664,732,746,test
7eefc71e-0f66-4ac1-a33d-1a1c8760aa60,gp_set_0001,gp_set_0001_vid_0005.MP4,gp_940,20544,20558,train
dfd13955-118d-4de7-bba3-2cbe9a716331,gp_set_0001,gp_set_0001_vid_0005.MP4,gp_397,286,300,train
8b81ecb9-80a5-4aa6-a099-343a97bf8b1a,gp_set_0001,gp_set_0001_vid_0005.MP4,gp_944,20597,20611,train
b047e9f5-e56b-4481-8dab-99e708930180,gp_set_0003,gp_set_0003_vid_0002.MP4,gp_2448,12552,12566,test
d42185ad-a1f0-4d1e-9839-a923d9e3f226,gp_set_0005,gp_set_0005_vid_0001.MP4,gp_1647,15038,15052,test
c47878a2-aea9-4e48-b1e8-ebe041abe2eb,gp_set_0001,gp_set_0001_vid_0008.MP4,gp_273,5901,5915,train
33ab6c57-782e-41aa-99fd-723e69426a95,gp_set_0003,gp_set_0003_vid_0004.MP4,gp_3026,10929,10943,test
69728a48-44f4-4544-ab25-0f64737fee86,gp_set_0002,gp_set_0002_vid_0004.MP4,gp_4209,12286,12300,train
02784397-9f17-4202-9be5-8681c3937544,gp_set_0001,gp_set_0001_vid_0005.MP4,gp_955,20708,20722,train
76048a8d-e04e-49aa-b74b-187250518754,gp_set_0002,gp_set_0002_vid_0004.MP4,gp_4198,10886,10900,train
5a4d384b-4771-4183-8a3c-3cbbeb827deb,gp_set_0004,gp_set_0004_vid_0003.MP4,gp_2522,522,536,train
320f6809-d3eb-46e6-b2a6-f8c932449b63,gp_set_0003,gp_set_0003_vid_0003.MP4,gp_2896,416,430,test
50d40326-55eb-4b55-8f3e-c5f52ed4d322,gp_set_0002,gp_set_0002_vid_0004.MP4,gp_4143,16884,16898,train
9cd7d09b-c3c3-4bd3-8761-fd46538de591,gp_set_0004,gp_set_0004_vid_0003.MP4,gp_2842,8185,8199,train
5ba35594-700d-42da-95e3-d3b30b077e5b,gp_set_0003,gp_set_0003_vid_0004.MP4,gp_3394,15777,15791,test
5333e0aa-8222-41dd-a838-0719b50cf430,gp_set_0001,gp_set_0001_vid_0005.MP4,gp_367,12552,12566,train
66786b08-5797-4a6f-83bc-1a2bb2678e7c,gp_set_0003,gp_set_0003_vid_0005.MP4,gp_6971,7636,7650,test
330e8277-4d75-4070-af26-05467fdee19f,gp_set_0002,gp_set_0002_vid_0002.MP4,gp_5026,8576,8590,train
65bbaa41-8ac9-4dd9-ba80-6e5f8398699c,gp_set_0003,gp_set_0003_vid_0005.MP4,gp_6979,14981,14995,test
09c7658a-0e1e-46b1-8d4f-15f860cbc2bc,gp_set_0006,gp_set_0006_vid_0002.MP4,gp_4229,2116,2130,train
3c3286c3-919f-4cd3-aece-409a96fc76e8,gp_set_0002,gp_set_0002_vid_0004.MP4,gp_4162,15615,15629,train
a738688d-ef98-4828-ad4a-d6939bd1e572,gp_set_0005,gp_set_0005_vid_0003.MP4,gp_4016,6949,6963,test
40a0154f-1e55-441e-88ea-f25cf76ba1d1,gp_set_0004,gp_set_0004_vid_0001.MP4,gp_3648,108,122,train
f9008f9e-b9a0-4055-9e22-b5cb4fc81a5e,gp_set_0007,gp_set_0007_vid_0004.MP4,gp_6571,8555,8569,train
f5acd577-159d-44bb-b06c-ddebdd65c2a9,gp_set_0003,gp_set_0003_vid_0004.MP4,gp_2727,4467,4481,test
4dd25368-e2f7-4c54-a8d2-c03eaef8bc31,gp_set_0002,gp_set_0002_vid_0004.MP4,gp_4178,13531,13545,train
d4e360c3-278a-464b-953b-4d25824f8c57,gp_set_0002,gp_set_0002_vid_0002.MP4,gp_5022,8586,8600,train
60df0465-fc55-4086-997c-04ae74587515,gp_set_0001,gp_set_0001_vid_0008.MP4,gp_906,5372,5386,train
6991bb6a-5849-427c-9a0c-8d3d86c5f4c1,gp_set_0008,gp_set_0008_vid_0001.MP4,gp_5789,6226,6240,test
67a901e4-88df-43ca-9d53-224b9f172ff0,gp_set_0002,gp_set_0002_vid_0002.MP4,gp_5023,8541,8555,train
f892a297-c728-4663-9cf6-f93d7b571822,gp_set_0003,gp_set_0003_vid_0003.MP4,gp_2944,1468,1482,test
6fcc18a8-c30a-4cb9-a7b0-fdc528fd83c0,gp_set_0004,gp_set_0004_vid_0003.MP4,gp_4121,8843,8857,train
dc598945-4fd1-4c18-bfde-6600989f23eb,gp_set_0001,gp_set_0001_vid_0005.MP4,gp_961,20685,20699,train
396e4ff3-a746-4a71-8643-138691b7ac35,gp_set_0003,gp_set_0003_vid_0004.MP4,gp_2883,8525,8539,test
31eb423c-58fb-45b6-939e-127111518512,gp_set_0003,gp_set_0003_vid_0005.MP4,gp_6942,7167,7181,test
8564a388-d779-4df8-9980-08b2e3328e77,gp_set_0001,gp_set_0001_vid_0005.MP4,gp_958,20631,20645,train
cd0e42e4-3de6-4c95-84bb-a9af213e8654,gp_set_0004,gp_set_0004_vid_0003.MP4,gp_2832,8108,8122,train
4e6a30ad-7cea-4e3e-8d74-9eaa5e617de6,gp_set_0006,gp_set_0006_vid_0001.MP4,gp_2037,12186,12200,train
ef9c10e8-b93c-41dc-9ecf-53d83773cabf,gp_set_0003,gp_set_0003_vid_0003.MP4,gp_2918,804,818,test
3b4407de-c2fa-43c9-a757-726731eb94ed,gp_set_0001,gp_set_0001_vid_0007.MP4,gp_1522,18157,18170,train
b82817f7-c300-49f1-8cc5-d9a8c2c46745,gp_set_0004,gp_set_0004_vid_0005.MP4,gp_5686,5517,5531,train
b030517d-a729-4a5b-920e-37bb24596178,gp_set_0006,gp_set_0006_vid_0003.MP4,gp_6951,2072,2086,train
58f284c0-1ae5-4ffe-9bae-c7b4795a75ee,gp_set_0006,gp_set_0006_vid_0003.MP4,gp_6953,2117,2131,train
6b4a1e9a-3067-46c2-b755-213f8d3bf7b3,gp_set_0004,gp_set_0004_vid_0005.MP4,gp_5597,5371,5385,train
92cb730a-9101-4cb6-a239-1ec813443209,gp_set_0008,gp_set_0008_vid_0001.MP4,gp_5794,6226,6240,test
f28fef5f-2c3f-480e-aa05-e0eb087d4a97,gp_set_0001,gp_set_0001_vid_0008.MP4,gp_325,6596,6610,train
f4ea994e-00fa-40d9-ad38-0a01fa8be4ea,gp_set_0004,gp_set_0004_vid_0002.MP4,gp_3811,14919,14932,train
77b34cc1-618a-4be2-93e0-7e890152d41b,gp_set_0005,gp_set_0005_vid_0003.MP4,gp_4039,9794,9808,test
99a92182-48eb-461a-8d0d-10ce2a9e9270,gp_set_0006,gp_set_0006_vid_0003.MP4,gp_6955,2177,2191,train
2749f728-03f2-4d28-8b68-e665029ce7e1,gp_set_0005,gp_set_0005_vid_0005.MP4,gp_5813,6162,6176,test
478d4570-2eec-4e98-ad2a-89c2553a0fea,gp_set_0008,gp_set_0008_vid_0001.MP4,gp_5809,6226,6240,test
bed92049-05c5-4fef-a6b1-0b8470ea8dec,gp_set_0003,gp_set_0003_vid_0005.MP4,gp_6945,7384,7398,test
c8eea11c-d379-49bd-ba56-d599402567da,gp_set_0005,gp_set_0005_vid_0001.MP4,gp_1469,4620,4634,test
b4d47efc-b801-4074-a62c-c3925cdb9e7e,gp_set_0001,gp_set_0001_vid_0008.MP4,gp_295,6036,6050,train
979e0825-311a-4fb8-b36d-51232bf356b4,gp_set_0002,gp_set_0002_vid_0004.MP4,gp_4109,6186,6200,train
1642e154-537c-41a2-b895-aea2e192013a,gp_set_0005,gp_set_0005_vid_0001.MP4,gp_1415,4007,4021,test
b90ecf45-be36-4ef4-b87b-5612b2d24cc8,gp_set_0004,gp_set_0004_vid_0003.MP4,gp_3239,13476,13490,train
78dbc51b-dbb8-4219-9060-a63af4a5e186,gp_set_0003,gp_set_0003_vid_0004.MP4,gp_3031,10938,10952,test
8e017f63-5725-4085-9ea2-757e2ffa04a0,gp_set_0004,gp_set_0004_vid_0003.MP4,gp_3048,10779,10793,train
2edfd254-b143-4f76-9d82-a174808d3b38,gp_set_0003,gp_set_0003_vid_0004.MP4,gp_3357,15075,15089,test
a30b9150-d49f-4379-8d1c-09da48eed962,gp_set_0003,gp_set_0003_vid_0004.MP4,gp_3052,11040,11054,test
610fb182-9865-4b5e-acf9-93bdb3db0484,gp_set_0003,gp_set_0003_vid_0004.MP4,gp_3058,11086,11100,test
79976b03-baed-44bf-ba5a-0e282ee341b4,gp_set_0001,gp_set_0001_vid_0008.MP4,gp_670,1711,1725,train
91be7df2-2d91-44d6-9c02-ffd5377b8a56,gp_set_0008,gp_set_0008_vid_0005.MP4,gp_6067,2913,2927,test
796816bd-7a75-41d2-9dbb-38c8366e9a87,gp_set_0003,gp_set_0003_vid_0004.MP4,gp_3060,11117,11131,test
13e41c36-f4d5-4b12-9b27-491251d6b006,gp_set_0005,gp_set_0005_vid_0005.MP4,gp_5758,6066,6080,test
f0be5efa-a8aa-4a1b-be83-63a0907b0fae,gp_set_0009,gp_set_0009_vid_0001.MP4,gp_6877,356,370,test
732a7a41-8b8c-436c-8ec7-1e602258c94f,gp_set_0004,gp_set_0004_vid_0005.MP4,gp_5606,4013,4027,train
c6e06363-5004-4ab8-a3ae-87c6e4315c0f,gp_set_0001,gp_set_0001_vid_0006.MP4,gp_651,650,664,train
6ce6bba7-b43d-4d6c-9261-284b138e5c2a,gp_set_0001,gp_set_0001_vid_0005.MP4,gp_398,286,300,train
3d6b9cdd-57f8-410a-b8dc-62782c9d31d7,gp_set_0006,gp_set_0006_vid_0003.MP4,gp_6950,2067,2081,train
45f4a4bd-3a22-46bf-8ef4-08a32d86c449,gp_set_0001,gp_set_0001_vid_0008.MP4,gp_266,5600,5614,train
ba0735ba-fa4a-4d5f-a8ea-20bc5bb1c8b3,gp_set_0001,gp_set_0001_vid_0008.MP4,gp_815,4542,4556,train
debb0f96-b7e3-485c-9ade-bd4463a275a9,gp_set_0003,gp_set_0003_vid_0005.MP4,gp_6969,7551,7565,test
3822e323-745d-400f-9f08-12438035d7b8,gp_set_0007,gp_set_0007_vid_0004.MP4,gp_6613,10280,10294,train
998cf1f0-7d02-42cc-b453-8aa555456251,gp_set_0001,gp_set_0001_vid_0005.MP4,gp_946,20615,20629,train
bf56c935-b8e3-4341-8776-2f63bd411ec5,gp_set_0004,gp_set_0004_vid_0003.MP4,gp_2596,5432,5446,train
a9958b76-6c0a-4ba3-8d72-faeeea1adcf2,gp_set_0004,gp_set_0004_vid_0005.MP4,gp_5600,5371,5385,train
1ee49e8c-579b-422b-9837-5e8640ffc659,gp_set_0002,gp_set_0002_vid_0004.MP4,gp_4110,6186,6200,train
022df173-3824-4992-b4b9-c5053f2fda7f,gp_set_0003,gp_set_0003_vid_0004.MP4,gp_3477,17781,17795,test
79b54561-6a9f-43bf-a92c-908359571701,gp_set_0006,gp_set_0006_vid_0001.MP4,gp_2070,13078,13092,train
dd0440b2-984c-42bd-9755-aaaded342870,gp_set_0004,gp_set_0004_vid_0001.MP4,gp_3522,8962,8976,train
5732cf44-3db1-4e86-878f-0eb7887d9ef4,gp_set_0001,gp_set_0001_vid_0005.MP4,gp_957,20771,20785,train
e2385430-955a-485b-afb6-f9712d956ea4,gp_set_0001,gp_set_0001_vid_0008.MP4,gp_333,6858,6872,train
70da8d40-acae-4e4f-a4c1-419a27cc1380,gp_set_0002,gp_set_0002_vid_0002.MP4,gp_5012,8431,8445,train
9ecfb546-393b-4f6e-bd26-7b056f0c1d38,gp_set_0003,gp_set_0003_vid_0002.MP4,gp_2097,8357,8371,test
9c6f665c-ff4c-4a4e-8187-d90153c78838,gp_set_0003,gp_set_0003_vid_0001.MP4,gp_3326,16010,16024,test
bd1728ee-a513-4f9b-8a99-8d62722bb32e,gp_set_0001,gp_set_0001_vid_0008.MP4,gp_280,5742,5851,train
1f48ae6b-b73b-4bc1-864e-9dff2f0a1d4b,gp_set_0003,gp_set_0003_vid_0004.MP4,gp_3213,12603,12617,test
f1154166-4130-4980-aa27-312a1accaaa9,gp_set_0001,gp_set_0001_vid_0005.MP4,gp_399,329,343,train
afa0e52d-78ef-41c8-b7fc-ab0b93767ed1,gp_set_0003,gp_set_0003_vid_0004.MP4,gp_3467,17593,17607,test
b038ada7-fa79-49b9-84cf-7fee56d54ca9,gp_set_0004,gp_set_0004_vid_0003.MP4,gp_2982,9860,9874,train
deb68bf6-ccaf-4b51-ae13-0a4e25d98326,gp_set_0001,gp_set_0001_vid_0007.MP4,gp_1373,16782,16796,train
0b600a58-c8af-466b-b77c-0d3fcbbd5344,gp_set_0004,gp_set_0004_vid_0003.MP4,gp_3115,11179,11193,train
97b4f155-d2aa-4cff-948e-5b5b49559768,gp_set_0004,gp_set_0004_vid_0003.MP4,gp_2525,517,531,train
e54ea778-01c1-447d-82d2-3d52603dced4,gp_set_0007,gp_set_0007_vid_0004.MP4,gp_6556,8096,8110,train
173ca4ad-96b6-4c7c-b17b-bc99b5b47880,gp_set_0001,gp_set_0001_vid_0008.MP4,gp_278,5946,5960,train
bd426b4a-eade-4262-a01e-d178112cf7be,gp_set_0006,gp_set_0006_vid_0002.MP4,gp_4291,15866,15880,train
71801c69-38f8-4b2d-9c48-a2b1b278b8c0,gp_set_0004,gp_set_0004_vid_0003.MP4,gp_2833,8107,8121,train
d320eb26-818e-4a4e-bde7-31c3a106468f,gp_set_0004,gp_set_0004_vid_0003.MP4,gp_2927,9289,9303,train
dd565a36-ff46-4125-85de-8380417db979,gp_set_0006,gp_set_0006_vid_0003.MP4,gp_6954,2173,2187,train
7947ba9f-fedb-4907-b9a7-62c7311bde8d,gp_set_0004,gp_set_0004_vid_0002.MP4,gp_3911,5832,5846,train
97e3f897-e036-4b2d-a649-ec208874c21d,gp_set_0004,gp_set_0004_vid_0003.MP4,gp_2906,8996,9010,train
7fc23a1e-2825-4ecf-926b-4b607ce504ad,gp_set_0003,gp_set_0003_vid_0002.MP4,gp_2520,13231,13245,test
8747e40c-e3d8-4830-a718-896df56b532c,gp_set_0007,gp_set_0007_vid_0004.MP4,gp_6612,10280,10294,train
1659c34b-7f58-4f23-9002-de4b0ca6e3a8,gp_set_0003,gp_set_0003_vid_0002.MP4,gp_2035,7167,7181,test
a1d5be71-eb60-44da-bb8f-0a7ccdf08826,gp_set_0001,gp_set_0001_vid_0007.MP4,gp_1376,16782,16796,train
127d4e05-cf53-4aa5-a9a3-ebc8d8cc2f54,gp_set_0004,gp_set_0004_vid_0002.MP4,gp_3914,6016,6030,train
6dec3eac-c1b9-4d2e-b5ed-c95d0d822c46,gp_set_0002,gp_set_0002_vid_0004.MP4,gp_4203,11286,11300,train
df0fe318-6dd8-489f-9709-d9cd67255c63,gp_set_0003,gp_set_0003_vid_0004.MP4,gp_3037,10973,10987,test
0bad902f-4ba2-485f-b3b8-3e00d92bffb3,gp_set_0002,gp_set_0002_vid_0004.MP4,gp_4111,6186,6200,train
368c7b6c-f597-423c-abe6-a829ca31bcb9,gp_set_0004,gp_set_0004_vid_0002.MP4,gp_3912,5837,5851,train
a915dbfd-db1f-492d-8169-6b2c2ea05265,gp_set_0006,gp_set_0006_vid_0003.MP4,gp_6948,2081,2095,train
26865318-9e84-4fdc-821e-1f9a5daefa5a,gp_set_0002,gp_set_0002_vid_0002.MP4,gp_5025,8606,8620,train
03a0293e-79eb-4bfb-a8fd-81474094fb3d,gp_set_0003,gp_set_0003_vid_0003.MP4,gp_3024,7167,7181,test
63e34aca-9034-4541-b08b-56339aeb976c,gp_set_0005,gp_set_0005_vid_0001.MP4,gp_1640,14432,14446,test
c2606ae3-3df4-470a-8d79-286f10b8e647,gp_set_0002,gp_set_0002_vid_0004.MP4,gp_4150,14758,14772,train
80801c2d-e46c-4718-8861-10811175f4ab,gp_set_0006,gp_set_0006_vid_0001.MP4,gp_2043,12186,12200,train
4817e521-fc2e-45ce-85b5-e798e31d7124,gp_set_0004,gp_set_0004_vid_0005.MP4,gp_5688,5517,5531,train
d7bc305d-4ca4-4a61-b54d-8d9b8185ad61,gp_set_0002,gp_set_0002_vid_0002.MP4,gp_5046,8616,8630,train
4bcbae28-3f9e-4a44-9d11-fd07ea49607d,gp_set_0003,gp_set_0003_vid_0004.MP4,gp_3474,17663,17677,test
192e7c8d-b208-48c9-87e8-ad9728a99950,gp_set_0004,gp_set_0004_vid_0003.MP4,gp_3246,13532,13546,train
53e4b4db-1077-4acb-9457-d05e1e276efe,gp_set_0001,gp_set_0001_vid_0008.MP4,gp_674,1117,1131,train
16d04789-53dc-41dd-84af-4ddbde2f66d7,gp_set_0003,gp_set_0003_vid_0004.MP4,gp_3043,10998,11012,test
b2cf3a13-8626-4edd-bb26-df5b7ef55bc1,gp_set_0001,gp_set_0001_vid_0008.MP4,gp_1278,12754,12768,train
70610ae1-0952-4fca-9b65-d3131ab6d51d,gp_set_0004,gp_set_0004_vid_0003.MP4,gp_2978,9808,9822,train
0a6941be-0d28-480a-bb82-10dbc8be58bb,gp_set_0006,gp_set_0006_vid_0001.MP4,gp_2039,12186,12200,train
77004b8d-0b66-4b2d-978b-7d7271418f6e,gp_set_0001,gp_set_0001_vid_0008.MP4,gp_902,5372,5386,train
cd39df0a-0a70-4399-9b4b-45f28f0b79e2,gp_set_0003,gp_set_0003_vid_0002.MP4,gp_1965,5887,5901,test
7c14b5ad-8e9b-426e-b11b-e99d2593ba9e,gp_set_0003,gp_set_0003_vid_0001.MP4,gp_3338,15977,15991,test
6c87384e-4c85-4a8f-9fd7-b30e69e1cf71,gp_set_0001,gp_set_0001_vid_0007.MP4,gp_1126,12841,12855,train
4d77d4b0-7fb5-4f8e-9370-767b2c9e9d54,gp_set_0003,gp_set_0003_vid_0004.MP4,gp_2775,5292,5306,test
763f5230-5b43-4400-8a28-297b8fe6e3c0,gp_set_0001,gp_set_0001_vid_0008.MP4,gp_296,6020,6034,train
a6ac7eb5-c9af-4fb2-ae80-29ad82d3bbd6,gp_set_0001,gp_set_0001_vid_0008.MP4,gp_274,5901,5915,train
a3996891-9fe5-4f9c-be50-7d1037ed14bd,gp_set_0009,gp_set_0009_vid_0001.MP4,gp_6878,399,413,test
903e1fa2-07f9-4a9e-b538-c8a7601fcd89,gp_set_0003,gp_set_0003_vid_0004.MP4,gp_3196,12461,12475,test
5d05f1f7-d23a-4df4-8ac5-387a39954fc6,gp_set_0001,gp_set_0001_vid_0008.MP4,gp_276,5874,5888,train
ece5f688-6cf5-459a-b73a-83ec1f37a3a0,gp_set_0006,gp_set_0006_vid_0001.MP4,gp_2013,10418,10432,train
31fc246c-c299-4db2-a885-2460b4baa92f,gp_set_0003,gp_set_0003_vid_0004.MP4,gp_3479,17805,17819,test
52c3ebc0-347c-4d84-b835-1c7915ce6122,gp_set_0005,gp_set_0005_vid_0003.MP4,gp_4040,9816,9830,test
3b48068f-0a97-436d-a6f6-78ccaa087eab,gp_set_0003,gp_set_0003_vid_0005.MP4,gp_6944,7309,7323,test
bcf1e4eb-e5fb-4bb0-b215-6db17ef10f79,gp_set_0008,gp_set_0008_vid_0001.MP4,gp_5811,6296,6310,test
07799620-556b-42cb-ae62-d149d5c56427,gp_set_0008,gp_set_0008_vid_0001.MP4,gp_5803,6226,6240,test
1a16afb8-20dd-4dbd-a764-75321f99fe17,gp_set_0001,gp_set_0001_vid_0008.MP4,gp_293,6156,6170,train
2c0cabcc-1622-4a67-9807-3a889d875b63,gp_set_0001,gp_set_0001_vid_0008.MP4,gp_905,5372,5386,train
fc4c566c-8d98-4853-9ca7-bd075a1f7d9f,gp_set_0005,gp_set_0005_vid_0003.MP4,gp_4043,9866,9880,test
6694fbe8-3b66-48d8-ad32-cfd8e4d5c09d,gp_set_0003,gp_set_0003_vid_0004.MP4,gp_3471,17713,17727,test
9a379ae8-3c7f-48cc-b4a0-3d632aac1f1e,gp_set_0005,gp_set_0005_vid_0003.MP4,gp_4024,9334,9348,test
bcb1e4cc-39be-410a-8341-76786c6a2c31,gp_set_0001,gp_set_0001_vid_0008.MP4,gp_275,5861,5875,train
f311d19b-8782-41d0-aea2-da57a45b2707,gp_set_0002,gp_set_0002_vid_0001.MP4,gp_4360,10757,10771,train
08968373-ca20-46db-b6ca-30e49c8025c8,gp_set_0004,gp_set_0004_vid_0005.MP4,gp_5603,5371,5385,train
2d7fbe3c-b550-43a3-a995-95ac996ecaff,gp_set_0004,gp_set_0004_vid_0005.MP4,gp_5554,3657,3671,train
422766ee-2357-40b6-95ab-658cff1590f4,gp_set_0006,gp_set_0006_vid_0001.MP4,gp_1831,2976,2990,train
27c52b2b-281e-4813-8332-2c404f05e67f,gp_set_0008,gp_set_0008_vid_0005.MP4,gp_6043,2420,2434,test
0c41ee2f-44fc-4c9c-81f4-b41343eb0d6f,gp_set_0001,gp_set_0001_vid_0006.MP4,gp_829,9151,9165,train
e684db73-07dd-4a77-83a8-51664439f6e5,gp_set_0001,gp_set_0001_vid_0001.MP4,gp_49,6585,6599,train
bc4b6d69-9550-4df2-a14e-4420988c26d5,gp_set_0002,gp_set_0002_vid_0001.MP4,gp_4259,388,402,train
1a33ff25-28c0-4200-bdad-18d2de84c549,gp_set_0003,gp_set_0003_vid_0002.MP4,gp_2042,7344,7358,test
ba080647-42a0-4557-aa96-f35007d49092,gp_set_0008,gp_set_0008_vid_0001.MP4,gp_5774,5979,5993,test
53d64536-c87a-4a74-b322-565f1ae20d28,gp_set_0004,gp_set_0004_vid_0003.MP4,gp_2742,7466,7480,train
2bd5072d-7209-4a2d-8f95-4edb4f840cd3,gp_set_0005,gp_set_0005_vid_0001.MP4,gp_1709,19650,19664,test
55b2e0ba-f5af-43db-8a3b-10c817f26f5a,gp_set_0003,gp_set_0003_vid_0002.MP4,gp_2014,6849,6863,test
0a43741a-3005-4552-8ee8-e7836ea40ea0,gp_set_0001,gp_set_0001_vid_0005.MP4,gp_932,20465,20479,train
847ea01d-cce4-45a9-ab74-7e9aa8a8da50,gp_set_0001,gp_set_0001_vid_0002.MP4,gp_500,10626,10640,train
d601a41a-211b-44ca-882e-10e2f6403b9f,gp_set_0003,gp_set_0003_vid_0002.MP4,gp_2822,19559,19573,test
db497d5a-f760-4b0e-aefd-a033ce00c3d1,gp_set_0003,gp_set_0003_vid_0004.MP4,gp_3578,20479,20493,test
c20f3c15-ecd3-4f9f-a2fd-104890615c78,gp_set_0003,gp_set_0003_vid_0004.MP4,gp_2759,4787,4801,test
01c54edd-bb85-4413-95aa-50c854542489,gp_set_0004,gp_set_0004_vid_0002.MP4,gp_3928,7167,7181,train
f4ecb981-3946-46a9-9efc-8088790869fb,gp_set_0001,gp_set_0001_vid_0008.MP4,gp_997,7940,7954,train
15e76651-147c-4175-8959-1640f5ac0899,gp_set_0001,gp_set_0001_vid_0008.MP4,gp_655,293,307,train
250562e1-a893-4868-8adc-70ece522d495,gp_set_0003,gp_set_0003_vid_0004.MP4,gp_2795,5636,5650,test
a24bb32c-fc6e-4c47-b102-5de8019cc11f,gp_set_0001,gp_set_0001_vid_0007.MP4,gp_1341,16577,16591,train
80159b6e-5072-4774-9253-69f726b60359,gp_set_0004,gp_set_0004_vid_0002.MP4,gp_3805,14677,14691,train
ebc03598-f172-4e7e-9ec4-ace797eb68fa,gp_set_0002,gp_set_0002_vid_0005.MP4,gp_3793,7519,7533,train
15a2541d-d9d6-48aa-a19b-bb3a6b486980,gp_set_0001,gp_set_0001_vid_0006.MP4,gp_687,5152,5166,train
d5b354a2-abb5-4321-9b7e-2d5db37de9c3,gp_set_0001,gp_set_0001_vid_0007.MP4,gp_1073,4937,4951,train
d4776de6-e123-4950-8f00-b305e99efbca,gp_set_0005,gp_set_0005_vid_0001.MP4,gp_1650,15249,15263,test
0a7dec6e-2ea3-41b8-94fa-55765bad6f0d,gp_set_0004,gp_set_0004_vid_0005.MP4,gp_5616,1354,1368,train
f64ced53-cdc9-4ff9-bdbf-43f48ccc3c34,gp_set_0004,gp_set_0004_vid_0003.MP4,gp_3660,19582,19596,train
1fe5e5c4-fb30-45ab-9b58-ec59b9d7898d,gp_set_0001,gp_set_0001_vid_0007.MP4,gp_1625,21052,21066,train
de137cc2-af78-44b1-9fa8-866c2e743e19,gp_set_0007,gp_set_0007_vid_0004.MP4,gp_6593,12339,12353,train
17ad7e9d-28e3-4e70-850e-bb099b20ee1f,gp_set_0001,gp_set_0001_vid_0007.MP4,gp_1541,18857,18871,train
872bb4bb-0582-43ad-aad8-d8df571651c6,gp_set_0003,gp_set_0003_vid_0004.MP4,gp_2921,9349,9363,test
69723b98-2dd7-4c22-923a-29cb3c70d9ed,gp_set_0001,gp_set_0001_vid_0007.MP4,gp_1213,9672,9686,train
935b370d-e123-4808-b678-3558b73ae686,gp_set_0003,gp_set_0003_vid_0002.MP4,gp_2461,20562,20576,test
91edcb33-8da9-46da-99d1-b26d0bdfde65,gp_set_0003,gp_set_0003_vid_0002.MP4,gp_2726,15334,15348,test
68418df8-889d-4b89-824e-2828b5dac323,gp_set_0003,gp_set_0003_vid_0001.MP4,gp_3368,13477,13491,test
b8e27a14-e737-402f-b64b-5bb5754ffbb5,gp_set_0001,gp_set_0001_vid_0005.MP4,gp_860,18406,18420,train
ffd92ba9-d7dc-4bae-be8a-db15dbc0837b,gp_set_0003,gp_set_0003_vid_0001.MP4,gp_3415,10207,10221,test
2dfdf0f1-1890-4658-bed5-5954fb205137,gp_set_0001,gp_set_0001_vid_0005.MP4,gp_604,8837,8851,train
903e971b-d165-4dcf-97bb-177a5f034447,gp_set_0005,gp_set_0005_vid_0005.MP4,gp_5808,6411,6425,test
5ce45ef5-7c9a-4651-9d6c-4b7785396e35,gp_set_0004,gp_set_0004_vid_0003.MP4,gp_3364,14597,14611,train
975daa10-01b7-4570-a9d7-7877aa19601b,gp_set_0004,gp_set_0004_vid_0003.MP4,gp_2584,5372,5386,train
ee48b429-0186-4614-90a5-93db871e8ea2,gp_set_0004,gp_set_0004_vid_0002.MP4,gp_3889,4241,4255,train
5465ce7d-03cf-4a9c-87a0-9666ae233315,gp_set_0004,gp_set_0004_vid_0005.MP4,gp_5624,1647,1661,train
cca3eff0-2c48-484f-a8cb-d178c3329490,gp_set_0002,gp_set_0002_vid_0001.MP4,gp_4335,7297,7311,train
e9f1e091-3818-4289-8c9b-da1dba46bbee,gp_set_0005,gp_set_0005_vid_0005.MP4,gp_5861,8274,8288,test
a4759246-7a6a-4a72-a340-95377e59bb36,gp_set_0004,gp_set_0004_vid_0003.MP4,gp_2662,6501,6515,train
eb443d3a-93d9-46fb-9ee2-96db58d503bb,gp_set_0001,gp_set_0001_vid_0003.MP4,gp_594,15268,15282,train
ee881987-5906-43f9-a99b-4ccd603f9464,gp_set_0001,gp_set_0001_vid_0005.MP4,gp_356,11494,11508,train
c5e94b78-377e-4e98-b23e-892b15fe5636,gp_set_0006,gp_set_0006_vid_0001.MP4,gp_1758,1425,1439,train
1a18151f-b1a2-4d28-b4c2-f5b07b21f2ac,gp_set_0001,gp_set_0001_vid_0005.MP4,gp_408,925,939,train
cfe8f657-19bb-43c2-b52d-34254af12bdf,gp_set_0001,gp_set_0001_vid_0006.MP4,gp_803,8750,8764,train
ea6fbd6e-0dc7-4c1b-bd18-331d0e29ff5a,gp_set_0003,gp_set_0003_vid_0002.MP4,gp_2699,15220,15234,test
28e50c5d-29f4-440e-b101-d09505ec6163,gp_set_0002,gp_set_0002_vid_0001.MP4,gp_4435,19869,19883,train
59896eaf-9fbf-4dc8-9ba4-7e5ac10dffe0,gp_set_0001,gp_set_0001_vid_0005.MP4,gp_585,8494,8508,train
c145f456-02f4-482a-8d6c-53d14bbb283a,gp_set_0001,gp_set_0001_vid_0001.MP4,gp_141,10138,10152,train
8f9f2d25-e9b3-4baf-872b-c6132d0692da,gp_set_0004,gp_set_0004_vid_0002.MP4,gp_3877,3660,3674,train
58169f51-9a93-4d57-b1c3-6a9823d9b418,gp_set_0006,gp_set_0006_vid_0001.MP4,gp_1917,5849,5863,train
d0243aec-b96a-469d-aeb0-ceaf87c59111,gp_set_0004,gp_set_0004_vid_0002.MP4,gp_3797,17558,17572,train
58b460ef-7116-410a-a984-6053faeea931,gp_set_0001,gp_set_0001_vid_0005.MP4,gp_807,17799,17812,train
09ae18bc-3b4f-45be-8907-bc2e3eac588a,gp_set_0001,gp_set_0001_vid_0002.MP4,gp_478,10090,10104,train
93be623e-d6ff-4cf6-b073-024a1e508609,gp_set_0008,gp_set_0008_vid_0004.MP4,gp_6514,8362,8376,test
0f0404d4-59c2-43b1-9a40-b06f289b0fa4,gp_set_0004,gp_set_0004_vid_0005.MP4,gp_5651,2098,2112,train
9b5ddbe1-4736-467a-a8e0-4f5db80a5f8b,gp_set_0008,gp_set_0008_vid_0004.MP4,gp_6520,9398,9412,test
83166e2b-3223-4bec-9f9b-73f662980cb0,gp_set_0004,gp_set_0004_vid_0002.MP4,gp_3714,215,229,train
5695cc4d-3743-4daf-9434-75967a7d6d56,gp_set_0004,gp_set_0004_vid_0002.MP4,gp_3939,8464,8478,train
37c691c2-dd24-4850-9a11-0b329c0f2e0f,gp_set_0001,gp_set_0001_vid_0008.MP4,gp_879,4939,4953,train
40d32308-4946-46f7-8945-534ec802c49b,gp_set_0003,gp_set_0003_vid_0002.MP4,gp_1829,2573,2587,test
0279f6d0-d432-40bb-b526-8733b989c3ec,gp_set_0001,gp_set_0001_vid_0005.MP4,gp_642,13773,13787,train
fadb52f5-f83b-466f-a5df-cab9746f6e9a,gp_set_0001,gp_set_0001_vid_0005.MP4,gp_588,8657,8671,train
30774ccd-f078-4318-b5a4-352c1bd113f4,gp_set_0006,gp_set_0006_vid_0001.MP4,gp_1873,4865,4879,train
400b296e-beff-48ed-8c76-616fd829da1a,gp_set_0001,gp_set_0001_vid_0006.MP4,gp_752,6544,6558,train
2b30ebcb-069a-4e3d-9777-d35d963135cc,gp_set_0003,gp_set_0003_vid_0004.MP4,gp_3525,19174,19188,test
0862443b-85e6-4f63-a355-ccaeaadcf15f,gp_set_0004,gp_set_0004_vid_0003.MP4,gp_3361,14565,14579,train
4a14461f-5345-4ad4-b0ac-2554a0fb48c9,gp_set_0001,gp_set_0001_vid_0007.MP4,gp_1539,18804,18818,train
13b56c82-e831-430c-8d3c-bcbde2f06397,gp_set_0003,gp_set_0003_vid_0004.MP4,gp_3134,12116,12130,test
dd01c6c0-1491-44ee-ac2a-c5d933866cfc,gp_set_0001,gp_set_0001_vid_0007.MP4,gp_1193,6049,6063,train
8434ce12-6e1d-40a2-b576-0e8d73c54668,gp_set_0001,gp_set_0001_vid_0007.MP4,gp_1155,13820,13834,train
8d003610-a987-4a60-af46-bc82d28c6584,gp_set_0001,gp_set_0001_vid_0003.MP4,gp_212,8820,8834,train
221cb2b3-877d-47ae-90ab-128f5d2ffdd3,gp_set_0005,gp_set_0005_vid_0001.MP4,gp_1461,4533,4547,test
9636251c-69ad-4039-b407-70f0c16f2b99,gp_set_0003,gp_set_0003_vid_0002.MP4,gp_1990,6193,6207,test
f565d577-eb10-4077-8bec-23e96cf8309f,gp_set_0004,gp_set_0004_vid_0003.MP4,gp_3156,11921,11935,train
f2c913e3-0c18-4e1c-bcfa-64e6ec19518c,gp_set_0001,gp_set_0001_vid_0002.MP4,gp_557,12832,12846,train
62023d78-2f8c-4b0d-916e-44dd6bb5dcc5,gp_set_0001,gp_set_0001_vid_0006.MP4,gp_1031,19214,19228,train
de19257a-6f97-4613-aa1d-799c06ca0d51,gp_set_0004,gp_set_0004_vid_0003.MP4,gp_2580,5351,5365,train
edb67097-4404-4592-8114-15f93c3fd47e,gp_set_0003,gp_set_0003_vid_0004.MP4,gp_2962,10194,10208,test
57f95bec-fbcd-41ab-9d42-67d1d610b9cc,gp_set_0006,gp_set_0006_vid_0001.MP4,gp_2167,16341,16355,train
556b4c14-cf47-4933-8f71-16a8ea58d333,gp_set_0001,gp_set_0001_vid_0001.MP4,gp_125,9123,9137,train
40dc9faa-1d37-47af-9cde-9eea44e59fec,gp_set_0003,gp_set_0003_vid_0002.MP4,gp_2262,9810,9824,test
52179cc6-f860-48ba-99e4-a31bb82d0c6e,gp_set_0004,gp_set_0004_vid_0005.MP4,gp_5648,10188,10202,train
76c78bfc-6e68-4741-b40b-e285d9cbff6c,gp_set_0004,gp_set_0004_vid_0002.MP4,gp_3880,3705,3719,train
cc94ea40-8655-49bc-8528-f9b36f4f69c7,gp_set_0001,gp_set_0001_vid_0005.MP4,gp_446,2084,2098,train
fd1df99d-bbf5-4013-961f-792e889c5e56,gp_set_0003,gp_set_0003_vid_0004.MP4,gp_3588,20894,20908,test
3d04e43c-9e85-4cb9-a74d-b23347516630,gp_set_0001,gp_set_0001_vid_0003.MP4,gp_419,10849,10863,train
69cab92e-e50b-4c9a-9a83-7c3ea63e1e41,gp_set_0001,gp_set_0001_vid_0002.MP4,gp_436,3171,3185,train
4801969c-d846-4567-9713-9ad8b775d38e,gp_set_0004,gp_set_0004_vid_0002.MP4,gp_3921,6627,6641,train
09b57902-43bf-40b0-a417-fe1414d2b49e,gp_set_0004,gp_set_0004_vid_0002.MP4,gp_3824,15776,15790,train
af0947f9-58ad-49d1-b118-fccfa1fcdd4d,gp_set_0008,gp_set_0008_vid_0005.MP4,gp_6107,5950,5964,test
fb8c0adc-78fe-4f06-ac8f-b5657d395e7c,gp_set_0002,gp_set_0002_vid_0002.MP4,gp_4977,9410,9424,train
ce2e32f6-6c90-4516-8146-446ebe4c707c,gp_set_0002,gp_set_0002_vid_0002.MP4,gp_4991,7644,7658,train
f8c875d2-1cee-4dc7-8d23-9c7ef294caba,gp_set_0001,gp_set_0001_vid_0008.MP4,gp_312,6534,6548,train
5dedc1a5-fce4-4905-bff5-d92e53ad0313,gp_set_0003,gp_set_0003_vid_0002.MP4,gp_2374,11088,11102,test
53a25822-3e69-411d-92aa-e205b00cc134,gp_set_0003,gp_set_0003_vid_0001.MP4,gp_3325,15732,15746,test
a60c06e7-4c19-42ce-8555-d34ad49c3eb1,gp_set_0001,gp_set_0001_vid_0005.MP4,gp_913,20210,20224,train
ccca337d-b497-484b-b42e-f0da6e73af22,gp_set_0001,gp_set_0001_vid_0008.MP4,gp_282,6086,6100,train
ee0445a7-968b-4f8d-9b1a-7a16fa2831b3,gp_set_0001,gp_set_0001_vid_0007.MP4,gp_1242,11629,11643,train
13f7d833-dc5e-4354-9fb6-3a37bed88188,gp_set_0003,gp_set_0003_vid_0002.MP4,gp_2571,14086,14100,test
6840cc56-bb8a-455b-8e96-9f24f736e3ae,gp_set_0001,gp_set_0001_vid_0002.MP4,gp_5499,1333,1347,train
4a6beaf8-b8de-4446-8a9d-3294fa1e7560,gp_set_0003,gp_set_0003_vid_0002.MP4,gp_2470,20893,20907,test
cf0d47a3-fedc-49ae-9cf2-e791da14f0d7,gp_set_0001,gp_set_0001_vid_0005.MP4,gp_891,19814,19828,train
38c36b62-0521-4ccd-a67b-9d255887d328,gp_set_0003,gp_set_0003_vid_0001.MP4,gp_3482,1270,1284,test
eda4439d-1b2c-4faf-a557-52db190ab116,gp_set_0003,gp_set_0003_vid_0002.MP4,gp_2823,19579,19593,test
ca302dd6-d013-4ad1-86cf-30b2d887a41c,gp_set_0001,gp_set_0001_vid_0008.MP4,gp_1333,15209,15223,train
92bb77d0-9dad-489c-9a83-241a354f3555,gp_set_0008,gp_set_0008_vid_0005.MP4,gp_6142,6988,7002,test
0a0588b5-1a0e-4e56-976c-79abcbb514e3,gp_set_0002,gp_set_0002_vid_0005.MP4,gp_3801,12243,12257,train
30b775e4-1332-4eb6-aec3-919e0e4dabb7,gp_set_0003,gp_set_0003_vid_0002.MP4,gp_2485,12652,12666,test
c865ef19-b2bc-4993-b10b-c7db10aeb8db,gp_set_0001,gp_set_0001_vid_0008.MP4,gp_288,6171,6185,train
4c96236c-39d9-424d-bfdd-a1efc938dcc7,gp_set_0001,gp_set_0001_vid_0008.MP4,gp_941,7448,7462,train
74950a10-419a-4f9c-856e-49667d19dee8,gp_set_0001,gp_set_0001_vid_0005.MP4,gp_750,17090,17104,train
5bf1c235-d469-4206-9f58-9f33a4640067,gp_set_0004,gp_set_0004_vid_0003.MP4,gp_2930,9338,9352,train
fe6c5c83-7b4e-4c53-a0ce-59cea8b6722d,gp_set_0001,gp_set_0001_vid_0005.MP4,gp_455,2143,2157,train
b827c1dc-b57c-41be-ad09-75a0ede4b69a,gp_set_0004,gp_set_0004_vid_0002.MP4,gp_3724,1187,1201,train
efaf9152-1cb0-4972-aeb6-4461a0153ff4,gp_set_0001,gp_set_0001_vid_0007.MP4,gp_1060,4721,4735,train
5a6201f7-368c-4bb5-8ac8-405e6e5b7842,gp_set_0005,gp_set_0005_vid_0001.MP4,gp_1724,21115,21129,test
e300bd10-7409-4192-8855-9396629fa527,gp_set_0004,gp_set_0004_vid_0002.MP4,gp_3902,5404,5418,train
4f44596b-8a7a-4da8-a335-d3d095969968,gp_set_0003,gp_set_0003_vid_0002.MP4,gp_2675,15090,15104,test
13d08b90-4202-48a3-a3ac-af678e223682,gp_set_0001,gp_set_0001_vid_0008.MP4,gp_991,7929,7943,train
6819b7f0-8fdf-4580-bdde-2d6b25697188,gp_set_0008,gp_set_0008_vid_0005.MP4,gp_6088,2729,2743,test
cdc3c84e-9d73-41ae-8828-10ddfcd7432e,gp_set_0003,gp_set_0003_vid_0004.MP4,gp_2769,5334,5348,test
30a04033-232c-478f-a243-4e857f895294,gp_set_0003,gp_set_0003_vid_0004.MP4,gp_3506,18547,18561,test
8dd5a09f-89fd-4be6-9bc4-8af3e86217f3,gp_set_0003,gp_set_0003_vid_0003.MP4,gp_3041,8151,8165,test
48332ee1-3348-4a7b-a4fb-3027ec3f5df3,gp_set_0003,gp_set_0003_vid_0003.MP4,gp_2942,1678,1692,test
d9b98a45-ad58-4400-bfeb-5c994940995a,gp_set_0005,gp_set_0005_vid_0001.MP4,gp_1357,2603,2617,test
466ac6ab-eb3b-4015-ae2e-bf87aa6071b9,gp_set_0001,gp_set_0001_vid_0008.MP4,gp_256,5521,5535,train
87084bff-50e8-4b79-9bfd-e692ce7dfdc3,gp_set_0001,gp_set_0001_vid_0007.MP4,gp_1220,10749,10763,train
a3937578-44b3-44ed-a73b-89c64fae0fca,gp_set_0001,gp_set_0001_vid_0007.MP4,gp_1547,19141,19155,train
5cc93a42-25f9-4058-bc1c-c5e2e56b5552,gp_set_0002,gp_set_0002_vid_0002.MP4,gp_4965,9067,9081,train
f298698b-2e3a-4082-9d3f-598d2374540c,gp_set_0004,gp_set_0004_vid_0002.MP4,gp_3825,15664,15678,train
55bb5fd5-2a70-4a50-a5d5-216a42ffc1be,gp_set_0004,gp_set_0004_vid_0002.MP4,gp_3743,18457,18471,train
ab9fc6e2-feee-4a72-b325-b0ec3947f4ec,gp_set_0002,gp_set_0002_vid_0002.MP4,gp_5351,4149,4163,train
66afe226-4046-468a-a832-7ca12580e753,gp_set_0008,gp_set_0008_vid_0004.MP4,gp_6603,10924,10938,test
ba6c7680-22f2-4f45-a0c9-1ac5da33ef47,gp_set_0006,gp_set_0006_vid_0001.MP4,gp_1754,1322,1336,train
54998ed7-660a-4a61-85f2-80c60bb0e231,gp_set_0001,gp_set_0001_vid_0008.MP4,gp_1128,11456,11470,train
77f2225b-b109-4bb6-8be3-8912317e207b,gp_set_0001,gp_set_0001_vid_0001.MP4,gp_62,6891,6905,train
788add08-89d4-414c-925c-ba4bfa36e157,gp_set_0001,gp_set_0001_vid_0005.MP4,gp_392,11448,11462,train
69443f16-6342-4a6a-a3c3-e3c22e7ef652,gp_set_0002,gp_set_0002_vid_0001.MP4,gp_4439,20031,20045,train
7b2ff6ef-e298-4d9b-b83c-6051a7a52ddb,gp_set_0001,gp_set_0001_vid_0006.MP4,gp_739,6437,6451,train
122016e7-1d72-4848-8a08-7e11cc9b9876,gp_set_0004,gp_set_0004_vid_0003.MP4,gp_3671,19896,19910,train
5c6ed3d1-b3a6-42a4-93e5-f0bfd0f17b6a,gp_set_0005,gp_set_0005_vid_0005.MP4,gp_5885,6997,7011,test
ff51f2f8-c02b-4c30-9fe3-2b0088bc7a36,gp_set_0003,gp_set_0003_vid_0003.MP4,gp_3097,10911,10925,test
4f69a6c4-236a-4f99-9ebc-ba624ad6c13e,gp_set_0004,gp_set_0004_vid_0002.MP4,gp_3739,18394,18408,train
7868fea5-6abf-4fbc-adf6-07798e86586c,gp_set_0008,gp_set_0008_vid_0001.MP4,gp_6003,6698,6712,test
ec4b106e-5239-4f9f-bdf3-54cef266e9d3,gp_set_0003,gp_set_0003_vid_0004.MP4,gp_2995,10461,10475,test
c6fa955b-6549-498b-bae2-186dfb0a6706,gp_set_0003,gp_set_0003_vid_0002.MP4,gp_2773,16176,16190,test
24b0d0c0-386e-40f6-b278-5818cbc912a4,gp_set_0004,gp_set_0004_vid_0003.MP4,gp_2767,1031,1045,train
eb5e3266-1786-4c07-b584-efdc541680ff,gp_set_0004,gp_set_0004_vid_0005.MP4,gp_5721,6481,6495,train
a12fd3da-b098-4e4b-9a48-8a90a8f3b590,gp_set_0002,gp_set_0002_vid_0001.MP4,gp_4254,17115,17129,train
181e118a-f254-4f60-8d41-0e0804ea0377,gp_set_0004,gp_set_0004_vid_0005.MP4,gp_5657,4953,4967,train
4ff0d8d0-6d0b-4ac2-86c8-1de23d7a6ace,gp_set_0003,gp_set_0003_vid_0004.MP4,gp_3608,21101,21115,test
8e321beb-6f90-401e-afec-efb522f2f141,gp_set_0001,gp_set_0001_vid_0007.MP4,gp_1275,15858,15872,train
04d950c5-4725-468a-affe-244ed291d6ce,gp_set_0006,gp_set_0006_vid_0003.MP4,gp_6934,1782,1796,train
8b6ac5d6-3475-4122-9e05-fb0eea48ec36,gp_set_0004,gp_set_0004_vid_0003.MP4,gp_2763,7660,7674,train
ad596c43-8856-4b8b-90ee-877319a44ccb,gp_set_0003,gp_set_0003_vid_0004.MP4,gp_3188,12551,12565,test
94227c96-7ada-465a-8118-556545c3f227,gp_set_0002,gp_set_0002_vid_0001.MP4,gp_4326,4404,4418,train
fa3752e8-44f4-4f44-823e-e793a289959f,gp_set_0004,gp_set_0004_vid_0003.MP4,gp_3664,19499,19513,train
6881f589-17d4-4706-a26a-8621ddda361a,gp_set_0001,gp_set_0001_vid_0001.MP4,gp_50,6629,6643,train
00680755-c80b-4424-8781-687297e30fbe,gp_set_0001,gp_set_0001_vid_0008.MP4,gp_935,7386,7400,train
7df6737d-c27b-4790-84f6-ff038d4dc916,gp_set_0004,gp_set_0004_vid_0005.MP4,gp_5777,6526,6540,train
ccb58e21-a5bf-4b5b-b66f-590fe0814b4c,gp_set_0004,gp_set_0004_vid_0003.MP4,gp_2549,1462,1476,train
32aa499a-29a9-400c-ac14-cf1335adcf5d,gp_set_0004,gp_set_0004_vid_0005.MP4,gp_5556,3865,3879,train
3c6736d5-f537-4a98-b6a2-682217d41667,gp_set_0005,gp_set_0005_vid_0001.MP4,gp_1556,6860,6874,test
84ece9ad-8ca7-4b4d-a86f-f4531b18d4c7,gp_set_0003,gp_set_0003_vid_0003.MP4,gp_3036,7939,7953,test
21fdba86-ca9a-4a1a-b854-b5e39a30413e,gp_set_0003,gp_set_0003_vid_0002.MP4,gp_1982,6159,6173,test
3f659652-2b8f-4f22-a1d7-721eebd71725,gp_set_0001,gp_set_0001_vid_0001.MP4,gp_13,2425,2439,train
f4fd31ed-2990-4f3e-8571-58fc0b1a730c,gp_set_0004,gp_set_0004_vid_0001.MP4,gp_3521,8962,8976,train
226ec930-b103-497a-b6ed-c67355145daa,gp_set_0001,gp_set_0001_vid_0008.MP4,gp_744,3705,3719,train
d9e8167f-0d41-4c8e-8574-add8c0d22f08,gp_set_0003,gp_set_0003_vid_0001.MP4,gp_3459,2248,2262,test
f1b0f588-575f-4733-8bfd-7c6ec60ad219,gp_set_0001,gp_set_0001_vid_0008.MP4,gp_1462,21143,21157,train
35e851ba-f5e6-4435-82ad-3d458d2b21f1,gp_set_0004,gp_set_0004_vid_0003.MP4,gp_3336,13465,13479,train
b2c50413-d494-4f6b-bde9-94431dce084c,gp_set_0005,gp_set_0005_vid_0002.MP4,gp_4198,823,837,test
c4d6cfe6-ea9c-4798-a6b3-1f09d0d551d6,gp_set_0001,gp_set_0001_vid_0007.MP4,gp_1069,4871,4885,train
76ffc888-efd5-414e-b006-f151df036f9e,gp_set_0003,gp_set_0003_vid_0004.MP4,gp_2657,347,361,test
9cdbaba4-5824-4c3e-90e5-6e9006a5db8a,gp_set_0005,gp_set_0005_vid_0005.MP4,gp_5884,7022,7036,test
b00d9e6d-dad8-41cf-8140-2a4da3aaac1b,gp_set_0001,gp_set_0001_vid_0001.MP4,gp_89,8273,8287,train
85603883-bee7-4f4e-bb2f-35f6da5981f3,gp_set_0001,gp_set_0001_vid_0003.MP4,gp_426,11224,11238,train
23dc4737-5b55-4c17-b847-738979c16495,gp_set_0001,gp_set_0001_vid_0006.MP4,gp_1003,18673,18687,train
04bddcde-8a22-4846-afcb-96b76fd519b0,gp_set_0001,gp_set_0001_vid_0008.MP4,gp_712,2816,2830,train
07edd12d-7f75-4b48-9b13-0426d88cf707,gp_set_0001,gp_set_0001_vid_0001.MP4,gp_124,9075,9089,train
d58c8532-69b6-4c5d-86b6-b76d45da65bf,gp_set_0004,gp_set_0004_vid_0002.MP4,gp_3754,18907,18921,train
b2b1da81-169e-4eae-af9e-d8fbfe4ef254,gp_set_0004,gp_set_0004_vid_0003.MP4,gp_2615,5794,5808,train
14299a33-c32f-4058-aae5-dc193014095e,gp_set_0008,gp_set_0008_vid_0001.MP4,gp_6002,6683,6697,test
17e843e7-7c4d-4dae-80db-09c99c4841b5,gp_set_0004,gp_set_0004_vid_0005.MP4,gp_5629,1713,1727,train
96b965b2-3764-496c-b07f-aace9660e035,gp_set_0003,gp_set_0003_vid_0004.MP4,gp_2848,7227,7241,test
c4547f66-a842-4f26-9ad7-14809b12eed7,gp_set_0004,gp_set_0004_vid_0003.MP4,gp_3435,15835,15849,train
0440bfe6-bfb1-4754-9390-0e7af7f4f0c7,gp_set_0003,gp_set_0003_vid_0002.MP4,gp_1771,1307,1321,test
5850cf48-01bb-422f-9d76-3441bb0917a4,gp_set_0001,gp_set_0001_vid_0008.MP4,gp_741,3468,3482,train
6543643e-587f-46d2-8d8d-6d8d73a4580e,gp_set_0001,gp_set_0001_vid_0008.MP4,gp_1428,19732,19746,train
3cccf68d-8c56-4068-97a0-1fdee0f1a213,gp_set_0003,gp_set_0003_vid_0002.MP4,gp_2380,11119,11133,test
0f57521f-5ea9-406d-9ffe-328b12cd6769,gp_set_0001,gp_set_0001_vid_0006.MP4,gp_984,17781,17795,train
7dcddd1a-8fde-4406-8585-0332641ba0f7,gp_set_0001,gp_set_0001_vid_0007.MP4,gp_1550,19329,19343,train
07895418-9db7-44da-9960-1b2b9b0601ec,gp_set_0003,gp_set_0003_vid_0002.MP4,gp_1922,4615,4629,test
d22915fc-b4bc-4e56-b1ba-f1c103be2781,gp_set_0005,gp_set_0005_vid_0001.MP4,gp_1558,6867,6881,test
561d51d3-8aae-41f6-9d47-90b16a4fbf74,gp_set_0001,gp_set_0001_vid_0008.MP4,gp_1056,8778,8792,train
25080eed-1874-4cb5-b350-0a64ccd7fce6,gp_set_0002,gp_set_0002_vid_0002.MP4,gp_4984,9609,9623,train
4eafe66b-b111-4e37-9058-886da08dbd1d,gp_set_0006,gp_set_0006_vid_0002.MP4,gp_4287,15748,15762,train
81b0f4fd-5007-45a8-be86-2e6db61debcc,gp_set_0004,gp_set_0004_vid_0003.MP4,gp_3689,20880,20894,train
3cbe9d46-7b3d-45fd-b5ce-6ca8139be5a8,gp_set_0004,gp_set_0004_vid_0003.MP4,gp_3290,13965,13979,train
646fec5a-6926-4bec-9c72-a357f02f5bd4,gp_set_0004,gp_set_0004_vid_0002.MP4,gp_3814,15169,15183,train
8e0f6411-b2d1-4b59-b6db-ac41bf0b3b5b,gp_set_0003,gp_set_0003_vid_0002.MP4,gp_2437,12313,12327,test
769c09bc-170a-444d-8213-fd94271f4e17,gp_set_0001,gp_set_0001_vid_0006.MP4,gp_901,14380,14394,train
024b7e64-745c-4731-bf8e-b41ac7eab017,gp_set_0001,gp_set_0001_vid_0007.MP4,gp_1152,13740,13754,train
db922893-4618-41df-b6b2-a1cd9e53c8e9,gp_set_0003,gp_set_0003_vid_0002.MP4,gp_2599,14518,14532,test
d92d87ed-52ee-42b0-9d2b-95ba600d1c86,gp_set_0001,gp_set_0001_vid_0002.MP4,gp_5534,9184,9198,train
01a3ceb4-460f-4bbd-b40e-9008b186e1dc,gp_set_0002,gp_set_0002_vid_0004.MP4,gp_4176,13306,13320,train
8e3f8309-b407-4e45-ae11-3f8024caab84,gp_set_0004,gp_set_0004_vid_0003.MP4,gp_2878,8681,8695,train
d939af7d-226b-4dc2-bb92-05b6f007f602,gp_set_0005,gp_set_0005_vid_0001.MP4,gp_1643,14613,14627,test
a37db56f-b7b1-4bd8-a3d3-57af9a89e4bd,gp_set_0001,gp_set_0001_vid_0008.MP4,gp_1117,11341,11355,train
06cfcdf9-92e7-447a-82fd-0c2b1ea40d70,gp_set_0001,gp_set_0001_vid_0005.MP4,gp_811,17857,17871,train
80120352-c65a-4d9f-a65e-e90fc00be0fa,gp_set_0005,gp_set_0005_vid_0005.MP4,gp_5865,8299,8313,test
88146559-8393-4b6e-bfa9-3641c70fd6ee,gp_set_0004,gp_set_0004_vid_0001.MP4,gp_3557,2013,2027,train
4b7b1c07-912d-454d-9e16-f7d594bde961,gp_set_0008,gp_set_0008_vid_0005.MP4,gp_6125,7340,7354,test
c89b91eb-e97d-483c-9477-24a781538416,gp_set_0004,gp_set_0004_vid_0003.MP4,gp_3402,14933,14947,train
88ca9356-a550-4d52-856c-f2c12a689baf,gp_set_0005,gp_set_0005_vid_0001.MP4,gp_1583,7358,7372,test
14eae48f-a215-464a-9d71-92622540e637,gp_set_0002,gp_set_0002_vid_0002.MP4,gp_4878,2616,2630,train
117e7891-b46d-4e0d-b3d0-db850f7c53bb,gp_set_0003,gp_set_0003_vid_0002.MP4,gp_2153,8939,8953,test
1ac48d79-591c-4d2a-9c40-97da6eee3da5,gp_set_0001,gp_set_0001_vid_0003.MP4,gp_558,14540,14554,train
afa15a3a-cd60-47c3-bb95-cad4eedf2d46,gp_set_0003,gp_set_0003_vid_0002.MP4,gp_2355,10965,10979,test
75ef8482-ac5a-4def-aa4a-c469f6e6eb0a,gp_set_0004,gp_set_0004_vid_0003.MP4,gp_2992,9983,9997,train
8dd84b61-8619-412d-963f-6aa246ad3298,gp_set_0001,gp_set_0001_vid_0007.MP4,gp_1120,12740,12754,train
b014406a-3f45-4c2b-abc2-284a9da43dfd,gp_set_0001,gp_set_0001_vid_0001.MP4,gp_204,12880,12894,train
62ba5eb6-4977-4f15-a361-daac274d6878,gp_set_0001,gp_set_0001_vid_0008.MP4,gp_332,6907,6921,train
fa5dfb4c-9a3f-46ae-b896-9178244bf33a,gp_set_0008,gp_set_0008_vid_0005.MP4,gp_6108,5946,5960,test
1c70a1d8-081d-4636-90c2-9e1b1627c70b,gp_set_0002,gp_set_0002_vid_0001.MP4,gp_4410,18427,18441,train
80a7c027-429f-4b3e-b1d7-57a2d21310cf,gp_set_0003,gp_set_0003_vid_0002.MP4,gp_2027,7043,7057,test
2eb97bea-e754-4d4d-9ee0-2a55303f6087,gp_set_0004,gp_set_0004_vid_0005.MP4,gp_5805,6422,6436,train
881d15cc-8368-4ba0-97fb-da121ad4f9c6,gp_set_0001,gp_set_0001_vid_0002.MP4,gp_574,13078,13092,train
db1dee17-b2d6-4535-b9fb-add3a449408b,gp_set_0001,gp_set_0001_vid_0003.MP4,gp_51,4716,4730,train
d2ca98d4-a61d-4dea-bb01-eab860424245,gp_set_0004,gp_set_0004_vid_0003.MP4,gp_3560,17503,17517,train
625e2fec-d6e9-476e-ba04-9e5aa956bff0,gp_set_0001,gp_set_0001_vid_0007.MP4,gp_1631,21146,21160,train
2b7f299b-244d-4633-b175-8607421fc1d4,gp_set_0004,gp_set_0004_vid_0001.MP4,gp_3699,1707,1721,train
21921784-67d1-4f66-beec-14aabb0992c2,gp_set_0004,gp_set_0004_vid_0005.MP4,gp_5708,5722,5736,train
ddd004ce-79b4-4601-ab89-b118efe34b4d,gp_set_0001,gp_set_0001_vid_0008.MP4,gp_1132,11504,11518,train
0f7b3655-1dcd-4cd1-9396-a26cbd5b2d48,gp_set_0001,gp_set_0001_vid_0007.MP4,gp_1259,11889,11903,train
da7109ef-58f8-4d51-9f43-c081a09c8e51,gp_set_0004,gp_set_0004_vid_0002.MP4,gp_3746,18565,18579,train
a70a626e-6afd-4cf9-b06c-66a32caa5bca,gp_set_0008,gp_set_0008_vid_0005.MP4,gp_6173,4287,4301,test
c50b9591-f2e1-4b53-94ca-65c342834a83,gp_set_0001,gp_set_0001_vid_0008.MP4,gp_1081,9450,9464,train
74760011-bc93-4da3-8f0f-f6c7f8c38a7b,gp_set_0003,gp_set_0003_vid_0002.MP4,gp_1733,97,111,test
c4d89387-e1f7-423e-8648-4332f37311b3,gp_set_0004,gp_set_0004_vid_0003.MP4,gp_3353,14468,14482,train
1ff27768-7569-429e-8749-60d31948df7c,gp_set_0003,gp_set_0003_vid_0003.MP4,gp_3169,16895,16909,test
f162c1e1-8775-4da5-8e39-516760410f10,gp_set_0001,gp_set_0001_vid_0002.MP4,gp_566,12927,12941,train
2541ee1e-c6f4-43f7-9043-796482f05ce1,gp_set_0002,gp_set_0002_vid_0002.MP4,gp_4952,13673,13687,train
41ae3495-ee78-4612-9030-b1cf7ef1d7ef,gp_set_0002,gp_set_0002_vid_0002.MP4,gp_4937,4848,4862,train
ab992040-4df6-4d1e-b158-ee7fd47c0df5,gp_set_0002,gp_set_0002_vid_0001.MP4,gp_4319,2424,2438,train
f7bc81db-96fe-4694-8fc2-296caa928abf,gp_set_0003,gp_set_0003_vid_0004.MP4,gp_2984,10256,10270,test
372c2483-8031-4a1c-ba24-c65d7447e2b3,gp_set_0003,gp_set_0003_vid_0002.MP4,gp_2048,7675,7689,test
d45bf91a-cb9e-48ab-baed-b7481f2b741e,gp_set_0001,gp_set_0001_vid_0005.MP4,gp_827,18065,18078,train
b455e913-3918-4c94-946c-5785c18fff4f,gp_set_0008,gp_set_0008_vid_0005.MP4,gp_6076,3162,3176,test
7b622960-21ec-499f-bb3a-51c1dda122bf,gp_set_0001,gp_set_0001_vid_0008.MP4,gp_981,7325,7339,train
477206c7-55d4-46ff-8044-3016566fc3a4,gp_set_0005,gp_set_0005_vid_0002.MP4,gp_4205,9761,9775,test
46b34884-c82d-4f2d-9dad-30b3e0ac6695,gp_set_0001,gp_set_0001_vid_0005.MP4,gp_623,12818,12832,train
0a65cd79-a20a-4a45-b3ee-90bfd11282b6,gp_set_0008,gp_set_0008_vid_0001.MP4,gp_5760,5940,5954,test
a28b9b78-de62-4a93-b77e-a95f980d751f,gp_set_0001,gp_set_0001_vid_0008.MP4,gp_783,4288,4302,train
7be6c18f-3ad9-4ef8-8ead-3c6da7b9ea2a,gp_set_0001,gp_set_0001_vid_0005.MP4,gp_786,17775,17789,train
69e9763b-d313-4f6a-beb8-45c76ded9fc7,gp_set_0001,gp_set_0001_vid_0007.MP4,gp_1369,16741,16755,train
d2601f47-88c0-4e67-8538-65a2f64ed850,gp_set_0004,gp_set_0004_vid_0003.MP4,gp_3581,18216,18230,train
9fb4387c-d240-4026-9a0c-e8762b80cac8,gp_set_0002,gp_set_0002_vid_0001.MP4,gp_4329,5123,5137,train
867f1390-5396-4585-9d9f-29db7f89424c,gp_set_0001,gp_set_0001_vid_0007.MP4,gp_1524,18464,18478,train
6c88697c-afb3-4a3b-87c7-4aeaeb0a37f7,gp_set_0006,gp_set_0006_vid_0001.MP4,gp_1706,703,717,train
52e21240-8ab5-49b1-9fb8-1ee0aee8e42c,gp_set_0001,gp_set_0001_vid_0007.MP4,gp_1402,16953,16967,train
758c4e32-9634-4f44-bcd9-2073b598ca40,gp_set_0001,gp_set_0001_vid_0008.MP4,gp_890,5124,5138,train
dd893c55-0bfc-4d54-bcd9-5e1eff325587,gp_set_0005,gp_set_0005_vid_0001.MP4,gp_1568,7026,7040,test
2cc9ed32-5f76-41b4-969e-6d7f4c4c4008,gp_set_0001,gp_set_0001_vid_0001.MP4,gp_61,6877,6891,train
995424d9-c28a-4764-9777-59974f6f0bcb,gp_set_0003,gp_set_0003_vid_0002.MP4,gp_2463,20711,20725,test
9d56096d-238f-46af-825a-c55b5de4e8b6,gp_set_0001,gp_set_0001_vid_0008.MP4,gp_1061,9124,9138,train
46869905-9ccb-4469-a261-96fa2e078430,gp_set_0001,gp_set_0001_vid_0007.MP4,gp_1006,1439,1453,train
a0d8725f-1080-46ff-af94-5e37e8e1a011,gp_set_0005,gp_set_0005_vid_0005.MP4,gp_5882,7958,7972,test
fb038c48-015c-4650-857c-f865cbcc3c7c,gp_set_0004,gp_set_0004_vid_0005.MP4,gp_5596,8398,8412,train
16b160f7-ba12-4838-869b-121e4b074e48,gp_set_0005,gp_set_0005_vid_0005.MP4,gp_5832,7528,7542,test
1c5a38c2-7a26-4c37-9bab-53e0e504d0f0,gp_set_0003,gp_set_0003_vid_0003.MP4,gp_3066,9474,9488,test
9924903b-4157-4418-a613-421fd15e0128,gp_set_0003,gp_set_0003_vid_0002.MP4,gp_2038,7160,7174,test
8d3aaf62-7a2f-4569-8393-c868bd916442,gp_set_0002,gp_set_0002_vid_0001.MP4,gp_4354,17415,17429,train
3b2d30c6-1077-4936-a4f5-7c3dc2099a24,gp_set_0004,gp_set_0004_vid_0002.MP4,gp_3979,9901,9915,train
47a19618-1657-42c7-b742-e01a0a581179,gp_set_0001,gp_set_0001_vid_0001.MP4,gp_152,10145,10159,train
9d81547c-5518-48e2-b4eb-1f65c79f207f,gp_set_0003,gp_set_0003_vid_0004.MP4,gp_2755,4611,4625,test
8351ce50-17d1-4594-ba53-47d1b5973944,gp_set_0003,gp_set_0003_vid_0004.MP4,gp_2806,5800,5814,test
2e44cead-04ed-4ae1-88b6-2287c55eb2de,gp_set_0001,gp_set_0001_vid_0008.MP4,gp_659,457,471,train
ade0c0b6-6908-4ef5-ba5a-44a05e782c5f,gp_set_0003,gp_set_0003_vid_0001.MP4,gp_3382,11846,11860,test
4744cd5f-addd-4c0b-b4fe-587e9865c0cc,gp_set_0003,gp_set_0003_vid_0002.MP4,gp_2218,9506,9520,test
089fbcf5-ef23-402f-97db-594c0de3cb07,gp_set_0002,gp_set_0002_vid_0002.MP4,gp_4988,9651,9665,train
c134d5c6-6992-4022-835c-3710392eea5e,gp_set_0001,gp_set_0001_vid_0007.MP4,gp_1508,18305,18319,train
7e661d5d-6294-4808-9128-de316dc3c86b,gp_set_0003,gp_set_0003_vid_0004.MP4,gp_3003,10587,10601,test
5874c944-c5e7-4289-8add-54c68bd801fa,gp_set_0004,gp_set_0004_vid_0005.MP4,gp_5736,10910,10924,train
64f79ed3-7b8e-4049-bfb6-f0c37a5b4b74,gp_set_0001,gp_set_0001_vid_0005.MP4,gp_600,8723,8737,train
490a7a1d-e28e-4eee-b3cf-37a25ef9b4fb,gp_set_0003,gp_set_0003_vid_0001.MP4,gp_3423,10533,10547,test
ec98c5ea-46a9-4e17-8405-58465e3f98aa,gp_set_0005,gp_set_0005_vid_0005.MP4,gp_5868,6744,6758,test
49d2f2e2-abbc-42ff-9217-2f604e2ee10f,gp_set_0004,gp_set_0004_vid_0001.MP4,gp_3517,8108,8122,train
b4560c71-66d2-4e2f-9c37-d576fc8e9d35,gp_set_0001,gp_set_0001_vid_0008.MP4,gp_375,7148,7162,train
65c1ac18-81eb-4fdf-bf01-8dcf0244f837,gp_set_0004,gp_set_0004_vid_0002.MP4,gp_3934,8362,8376,train
18a230c6-224c-43ff-b9ee-58e067b5bd1e,gp_set_0001,gp_set_0001_vid_0003.MP4,gp_115,6163,6177,train
876353f1-79f6-42c6-82b2-1cf2ed44cc07,gp_set_0003,gp_set_0003_vid_0004.MP4,gp_3105,11771,11785,test
716eeda8-0ed2-4ed2-be18-0bd4c5e19806,gp_set_0003,gp_set_0003_vid_0004.MP4,gp_2707,3743,3757,test
8264963d-6c3d-4fba-909a-ba8d74cf8cda,gp_set_0004,gp_set_0004_vid_0002.MP4,gp_3999,12135,12149,train
de96d85b-1b6b-4b2c-a447-32a35e8e5ac7,gp_set_0002,gp_set_0002_vid_0002.MP4,gp_4953,13790,13804,train
c8346c0f-085b-4839-9874-42fea2268827,gp_set_0001,gp_set_0001_vid_0008.MP4,gp_690,2183,2197,train
9908a72a-4376-456e-9957-ed364c40176f,gp_set_0001,gp_set_0001_vid_0008.MP4,gp_703,2670,2684,train
a1017819-f541-4ab7-a7f4-700147a934e9,gp_set_0006,gp_set_0006_vid_0001.MP4,gp_1689,585,599,train
7b678f9e-c4ca-441a-b4f7-3e0fa29b0723,gp_set_0005,gp_set_0005_vid_0001.MP4,gp_1661,16651,16665,test
cb77982b-d006-448c-b585-b80a689a048b,gp_set_0004,gp_set_0004_vid_0005.MP4,gp_5587,7529,7543,train
034eabc8-29da-4084-926c-469a3fef5882,gp_set_0001,gp_set_0001_vid_0008.MP4,gp_1322,14969,14983,train
3c6acd16-252f-440a-88a7-919cfbfbe9b7,gp_set_0005,gp_set_0005_vid_0005.MP4,gp_5855,6475,6489,test
84838630-d193-4f7e-bc92-8314accb9df9,gp_set_0008,gp_set_0008_vid_0001.MP4,gp_6007,6880,6894,test
e2d7609f-53b3-4bd1-a6cf-07c29f6cc34e,gp_set_0003,gp_set_0003_vid_0004.MP4,gp_2757,4701,4715,test
7c7a8cb0-4085-4eaa-946a-6cf721ac8236,gp_set_0002,gp_set_0002_vid_0002.MP4,gp_5013,11895,11909,train
0213f8df-18e0-4945-8c94-cb47660bacde,gp_set_0003,gp_set_0003_vid_0003.MP4,gp_3057,9121,9135,test
af1b87b7-c36b-4c30-ab72-588049ad34e8,gp_set_0001,gp_set_0001_vid_0005.MP4,gp_809,17815,17829,train
7f05366e-1251-4f32-9918-2a4628add09b,gp_set_0008,gp_set_0008_vid_0001.MP4,gp_5757,5845,5859,test
fcd00d32-e279-4ff5-9bc7-e9a3f57c0274,gp_set_0004,gp_set_0004_vid_0005.MP4,gp_5578,7493,7542,train
acf5f5c2-5c63-432a-a160-1a584b458219,gp_set_0003,gp_set_0003_vid_0002.MP4,gp_2036,7167,7181,test
01d9d665-2d0c-472f-9a0c-b529f000bb48,gp_set_0005,gp_set_0005_vid_0001.MP4,gp_1446,4447,4461,test
0143699b-e5f3-411c-8b71-310e2a527624,gp_set_0001,gp_set_0001_vid_0006.MP4,gp_715,6249,6263,train
c7d6f788-5b11-4191-9cb1-27513ef727a1,gp_set_0001,gp_set_0001_vid_0007.MP4,gp_1263,11907,11921,train
fca197a7-c54c-4f8d-84bf-0179276bd975,gp_set_0003,gp_set_0003_vid_0001.MP4,gp_3339,16041,16055,test
f1435f0b-c59d-44c6-9911-bfec091357f6,gp_set_0006,gp_set_0006_vid_0001.MP4,gp_1766,1591,1605,train
ef4c2253-a367-4c1e-94b2-bc660ce9ea82,gp_set_0003,gp_set_0003_vid_0002.MP4,gp_1749,302,315,test
c547617c-7468-4320-867b-520e94d1ece9,gp_set_0003,gp_set_0003_vid_0004.MP4,gp_2893,8960,8974,test
3bf0f632-b32d-426d-aa7a-272ec8dd6bab,gp_set_0007,gp_set_0007_vid_0004.MP4,gp_6599,12522,12536,train
11818163-80bd-491e-a946-36dfac344f69,gp_set_0001,gp_set_0001_vid_0005.MP4,gp_900,19955,19969,train
09a989ff-7cea-4fae-a9bc-8c1120f167fc,gp_set_0001,gp_set_0001_vid_0007.MP4,gp_1040,3410,3424,train
b25cb774-ae12-4ecb-b194-544732e1a4df,gp_set_0008,gp_set_0008_vid_0005.MP4,gp_6176,4463,4477,test
67dbcf42-af7b-44cd-a5cb-75c066a2015b,gp_set_0001,gp_set_0001_vid_0007.MP4,gp_1169,14193,14207,train
8961d841-d7d2-43f7-8607-dff2a654d281,gp_set_0003,gp_set_0003_vid_0002.MP4,gp_2518,13295,13309,test
40351724-7d9f-4dbd-aa8e-6879be70b9c3,gp_set_0001,gp_set_0001_vid_0002.MP4,gp_529,12049,12063,train
e1161b80-7af0-48e4-a55d-f1417167771d,gp_set_0002,gp_set_0002_vid_0002.MP4,gp_4852,1757,1771,train
7043bfd5-8e84-4cae-b40e-031317ca5d5a,gp_set_0004,gp_set_0004_vid_0003.MP4,gp_3205,13684,13698,train
de8e8335-3fb8-4e85-b7e6-f8793a632cf0,gp_set_0002,gp_set_0002_vid_0001.MP4,gp_4373,12552,12566,train
b5bf16a0-0c65-4d46-a58c-26537414c51e,gp_set_0004,gp_set_0004_vid_0003.MP4,gp_2959,9571,9585,train
3a755f0e-79b2-44cf-9deb-cb74cc043b8b,gp_set_0004,gp_set_0004_vid_0005.MP4,gp_5665,2159,2173,train
09043382-7057-4f7a-94cb-5b234b1c4abc,gp_set_0001,gp_set_0001_vid_0006.MP4,gp_923,15182,15196,train
af894c4b-ac6a-4828-927b-7fbee6b0b864,gp_set_0005,gp_set_0005_vid_0001.MP4,gp_1665,16664,16678,test
8b2b705c-8fd1-4329-838b-5c8bcbb8b00c,gp_set_0002,gp_set_0002_vid_0001.MP4,gp_4412,18313,18327,train
c705599c-30ef-434c-a856-2cd6c82608bd,gp_set_0004,gp_set_0004_vid_0003.MP4,gp_3268,13820,13834,train
3706edba-27e8-448d-bb71-0b8bea79b842,gp_set_0005,gp_set_0005_vid_0001.MP4,gp_1473,4783,4797,test
6fd67a8f-904e-4df1-8b7e-6cfc4777bb40,gp_set_0003,gp_set_0003_vid_0001.MP4,gp_3284,17415,17429,test
44efa186-ea8f-491c-9d8a-fd2d00ef3cb3,gp_set_0003,gp_set_0003_vid_0004.MP4,gp_3496,18169,18183,test
fa574d63-ec23-4f59-a2ef-cca335a46d18,gp_set_0005,gp_set_0005_vid_0001.MP4,gp_1440,4302,4316,test
8e88cee3-0540-4d1a-ba7b-4a63e4470c09,gp_set_0003,gp_set_0003_vid_0002.MP4,gp_2362,10994,11008,test
8437d831-b82a-48fb-9b4a-f19d943dcef5,gp_set_0001,gp_set_0001_vid_0008.MP4,gp_340,7048,7062,train
32c9879f-eaf7-47d1-81a5-e6e449db1b8e,gp_set_0002,gp_set_0002_vid_0002.MP4,gp_5331,2396,2410,train
93d4ecf9-5f10-41af-bfee-8e99cf72c0a1,gp_set_0005,gp_set_0005_vid_0001.MP4,gp_1453,4411,4425,test
8281e47d-be7e-4e34-83ed-c568f906ab90,gp_set_0006,gp_set_0006_vid_0001.MP4,gp_1667,248,262,train
13512b48-5d0f-48a0-8143-445c9126a854,gp_set_0001,gp_set_0001_vid_0001.MP4,gp_68,6899,6913,train
d241a8b4-910d-40d5-8f87-92a4aec47bb2,gp_set_0001,gp_set_0001_vid_0003.MP4,gp_236,9245,9259,train
6e06629d-8187-456d-8d54-47a9da8f054b,gp_set_0001,gp_set_0001_vid_0001.MP4,gp_173,13384,13398,train
ee49e0fc-4057-4fae-a21a-dc72f45b1894,gp_set_0005,gp_set_0005_vid_0001.MP4,gp_1572,7065,7079,test
ef545c39-eca3-4be1-9e6b-93d5913593fc,gp_set_0003,gp_set_0003_vid_0004.MP4,gp_3132,12104,12118,test
9553f193-a457-45db-a295-6aa88b92868d,gp_set_0002,gp_set_0002_vid_0001.MP4,gp_4459,20747,20761,train
62174cfe-98b0-4586-912a-bd5db3400a81,gp_set_0003,gp_set_0003_vid_0002.MP4,gp_2768,16142,16156,test
d735ef5c-a9f9-453d-8616-1793827f0123,gp_set_0004,gp_set_0004_vid_0005.MP4,gp_5661,2114,2128,train
3a8b5aa2-b9c4-486d-8e6f-58e97c55f700,gp_set_0001,gp_set_0001_vid_0006.MP4,gp_1082,20665,20679,train
9c6ec1e7-19ab-45ae-956f-fc703e15d71d,gp_set_0003,gp_set_0003_vid_0001.MP4,gp_3466,3533,3547,test
352e48d5-4565-4a28-a377-28537918d090,gp_set_0005,gp_set_0005_vid_0001.MP4,gp_1530,6285,6299,test
b7b43fb8-f84b-41d6-a779-340955900261,gp_set_0001,gp_set_0001_vid_0005.MP4,gp_760,17456,17470,train
5860e383-426f-411b-8ff6-7cc530039399,gp_set_0001,gp_set_0001_vid_0001.MP4,gp_69,6907,6921,train
80f89597-a2cb-4a17-96da-86db859e0299,gp_set_0001,gp_set_0001_vid_0007.MP4,gp_1262,15588,15602,train
8a4886ed-965f-4054-87a9-f7e7beb2f603,gp_set_0004,gp_set_0004_vid_0002.MP4,gp_3730,1865,1879,train
9433d2a8-3659-4413-8fec-1a7810b08ff9,gp_set_0003,gp_set_0003_vid_0002.MP4,gp_2438,12373,12387,test
e631445a-205a-4177-bf4b-efd3c8cd00a4,gp_set_0001,gp_set_0001_vid_0001.MP4,gp_64,6853,6867,train
da611f06-690d-4f5c-ad9c-baea96060d1e,gp_set_0008,gp_set_0008_vid_0005.MP4,gp_6152,11942,11956,test
172f44e1-a5d8-4221-892b-4482ec672a7a,gp_set_0003,gp_set_0003_vid_0002.MP4,gp_1815,2362,2376,test
cb161d16-87f7-411c-b541-81b7a796dadc,gp_set_0005,gp_set_0005_vid_0001.MP4,gp_1721,20362,20376,test
f039fee2-5ca7-4ece-8b79-f1c8d9c45312,gp_set_0001,gp_set_0001_vid_0007.MP4,gp_1083,5275,5289,train
f01686cb-5550-4e62-9dbc-68c6ee416e88,gp_set_0001,gp_set_0001_vid_0005.MP4,gp_841,18161,18175,train
f0b9c49c-dbe4-4522-957b-42fb9766ed01,gp_set_0001,gp_set_0001_vid_0007.MP4,gp_1577,19910,19924,train
fd0bbef9-edb7-4bee-87fa-d92e51a51117,gp_set_0003,gp_set_0003_vid_0003.MP4,gp_2910,992,1006,test
6c37746e-a755-4280-ac2f-a4296e0b3825,gp_set_0001,gp_set_0001_vid_0007.MP4,gp_1271,11969,11983,train
5554e9d7-180c-4de6-b087-e08b6e203832,gp_set_0004,gp_set_0004_vid_0005.MP4,gp_5580,7427,7441,train
d26018ae-2506-431f-8eb1-202dd6ad8c2c,gp_set_0003,gp_set_0003_vid_0002.MP4,gp_2264,9812,9826,test
206b0dea-af7e-4f99-ba27-0213ac5c962b,gp_set_0003,gp_set_0003_vid_0004.MP4,gp_3355,15043,15057,test
9b14c189-a488-4510-aba4-c12e7a0580f2,gp_set_0004,gp_set_0004_vid_0001.MP4,gp_3592,2816,2830,train
a5237165-0fc1-4e42-8f28-77c67ab1a5de,gp_set_0003,gp_set_0003_vid_0004.MP4,gp_3621,21047,21060,test
a2bf532d-b3d5-49c5-89e4-973a83136cdc,gp_set_0001,gp_set_0001_vid_0008.MP4,gp_324,6720,6734,train
296cfa97-db56-4885-8dbe-64f8b164daec,gp_set_0003,gp_set_0003_vid_0004.MP4,gp_2841,6811,6825,test
d87a06ce-8f05-419a-8956-9783d9429b40,gp_set_0001,gp_set_0001_vid_0003.MP4,gp_133,6651,6665,train
11e61788-5669-469b-bc1b-696d1a1eb34d,gp_set_0003,gp_set_0003_vid_0004.MP4,gp_3063,11284,11298,test
229bdb36-31a3-4451-a1cf-7c4407f753e4,gp_set_0002,gp_set_0002_vid_0002.MP4,gp_4987,9647,9661,train
ae6431e9-3127-4b75-9699-0ca1c6010a9c,gp_set_0004,gp_set_0004_vid_0002.MP4,gp_3762,19174,19188,train
c72f7ad0-aadf-460c-9c36-957accfee2bd,gp_set_0003,gp_set_0003_vid_0003.MP4,gp_3210,18389,18403,test
91e3ddc8-1bd0-413e-a99b-9c140c643144,gp_set_0004,gp_set_0004_vid_0005.MP4,gp_5703,3580,3594,train
a18f690f-fe8d-4a99-844a-7cdc83454506,gp_set_0001,gp_set_0001_vid_0002.MP4,gp_416,1893,1907,train
8621b7d9-533e-4059-805a-9dc25fd351ff,gp_set_0004,gp_set_0004_vid_0002.MP4,gp_3863,12689,12703,train
5f96fce5-d372-4536-a85b-87b8de8ba525,gp_set_0001,gp_set_0001_vid_0003.MP4,gp_232,9147,9161,train
167da3a3-e2e2-4875-a75a-df851c2848fc,gp_set_0004,gp_set_0004_vid_0002.MP4,gp_3838,13028,13042,train
b46d375e-6eab-495b-8b12-49a300acc4b2,gp_set_0005,gp_set_0005_vid_0005.MP4,gp_5857,8003,8017,test
cebad8b1-04b0-43e4-b40d-9dd935143c53,gp_set_0001,gp_set_0001_vid_0005.MP4,gp_531,3658,3672,train
ea22bf51-e6eb-417a-89e0-5451a30dbf68,gp_set_0004,gp_set_0004_vid_0005.MP4,gp_5743,6313,6327,train
7061c779-246a-48a1-9f90-72472f285788,gp_set_0004,gp_set_0004_vid_0001.MP4,gp_3686,534,548,train
9fcc2df9-231f-4444-bcdc-6599f08e9b78,gp_set_0004,gp_set_0004_vid_0002.MP4,gp_3865,12719,12733,train
b6b743f2-0fc7-460b-8ee9-e6aa6c2a97c4,gp_set_0001,gp_set_0001_vid_0007.MP4,gp_1144,13393,13407,train
00edd129-aec2-4d3c-9ff9-01724865ea16,gp_set_0004,gp_set_0004_vid_0003.MP4,gp_3701,21163,21177,train
9fc33734-f8e2-4090-b0fe-5b7cb91da8c7,gp_set_0001,gp_set_0001_vid_0008.MP4,gp_1356,16801,16815,train
b56d683e-02a0-47b3-a5d7-37019512fb8d,gp_set_0003,gp_set_0003_vid_0002.MP4,gp_2271,9822,9836,test
8551979a-697a-45b1-887c-dc29f974271a,gp_set_0003,gp_set_0003_vid_0004.MP4,gp_3378,15539,15553,test
82de73d1-2183-4d32-8079-20ea9ad75e19,gp_set_0001,gp_set_0001_vid_0006.MP4,gp_835,9503,9517,train
cf07fd2d-94e5-4be3-9fbf-c780add7fe42,gp_set_0001,gp_set_0001_vid_0008.MP4,gp_289,6168,6182,train
afb2e375-05aa-48b3-b5e5-bb98c58ca245,gp_set_0003,gp_set_0003_vid_0004.MP4,gp_3211,12616,12630,test
37bd36a8-5f94-4177-ab63-e344cac7fcf9,gp_set_0008,gp_set_0008_vid_0001.MP4,gp_5770,5910,5924,test
e393033a-5eea-43bc-a534-f899357b1e1f,gp_set_0003,gp_set_0003_vid_0004.MP4,gp_2693,3011,3025,test
cfb284b1-8291-46f0-a923-5bc13fc195b3,gp_set_0001,gp_set_0001_vid_0006.MP4,gp_701,5986,6000,train
7b8916c9-0d76-4a40-ba04-10a7c9009127,gp_set_0004,gp_set_0004_vid_0003.MP4,gp_2679,6677,6691,train
56037d28-832c-4b9b-a732-2e40d2fef6fe,gp_set_0005,gp_set_0005_vid_0005.MP4,gp_5744,1437,1451,test
d391fea5-17ae-4fab-92a9-2cb9835059e3,gp_set_0001,gp_set_0001_vid_0007.MP4,gp_1187,6006,6020,train
228fc0c2-87a4-4898-99df-5c8c52799769,gp_set_0002,gp_set_0002_vid_0002.MP4,gp_5295,493,507,train
485b30e0-fd83-4aa3-84aa-962051611a38,gp_set_0004,gp_set_0004_vid_0003.MP4,gp_3005,10304,10318,train
5f0fa894-d916-4df2-aed4-efe06efbc8ec,gp_set_0008,gp_set_0008_vid_0005.MP4,gp_6092,2735,2749,test
05fa18e3-83da-4a86-bec6-61ddc2f9a868,gp_set_0004,gp_set_0004_vid_0002.MP4,gp_3857,2645,2659,train
1ba5bdf7-e53e-4342-b5f5-eb20c68416c7,gp_set_0004,gp_set_0004_vid_0003.MP4,gp_2551,1722,1736,train
15a9abda-b7c8-4cc6-a4a0-ab96c0ebc0f0,gp_set_0005,gp_set_0005_vid_0001.MP4,gp_1696,18346,18360,test
f58f8470-030f-4267-a824-b97a3c2b5fe3,gp_set_0004,gp_set_0004_vid_0002.MP4,gp_3996,12038,12052,train
857c0cee-4de6-4451-8bc8-5ce3b210294e,gp_set_0006,gp_set_0006_vid_0001.MP4,gp_1734,1077,1091,train
653ec517-58a1-44b8-9839-fd5a8d374327,gp_set_0003,gp_set_0003_vid_0002.MP4,gp_1745,228,242,test
803db73e-fd47-42a2-b37d-5ceb07e64c11,gp_set_0003,gp_set_0003_vid_0002.MP4,gp_1740,106,120,test
61b17e59-015f-4091-b7f2-7736c63706ce,gp_set_0001,gp_set_0001_vid_0008.MP4,gp_1109,11088,11102,train
bee637d1-3d60-42b1-9252-c042d9ebfb45,gp_set_0006,gp_set_0006_vid_0001.MP4,gp_1677,419,433,train
7a5d31ea-5dd3-41d1-a164-08a798343039,gp_set_0005,gp_set_0005_vid_0002.MP4,gp_4161,4325,4339,test
37f99c96-8639-4ca7-81c9-f61cdbe38406,gp_set_0001,gp_set_0001_vid_0007.MP4,gp_1310,16222,16236,train
ea17d496-99f2-4712-a599-3f8d1d83a9d2,gp_set_0004,gp_set_0004_vid_0002.MP4,gp_3927,7167,7181,train
61232ec2-44c0-4214-bf6b-b58fc13c1c6a,gp_set_0001,gp_set_0001_vid_0002.MP4,gp_614,15094,15108,train
d91977b8-02b7-4d70-b079-1b280a4dca4f,gp_set_0005,gp_set_0005_vid_0005.MP4,gp_5872,6872,6886,test
e1d8514a-358a-4530-be78-1cfe1ff23a44,gp_set_0001,gp_set_0001_vid_0008.MP4,gp_1047,8897,8911,train
07fa9ba4-8c4b-48de-a0f2-08430be8b62d,gp_set_0003,gp_set_0003_vid_0002.MP4,gp_2632,11023,11036,test
368e7140-006f-42e2-8348-57572771cd95,gp_set_0003,gp_set_0003_vid_0001.MP4,gp_3362,12717,12734,test
4d9afbf1-0334-4991-9016-c5f625f81742,gp_set_0006,gp_set_0006_vid_0001.MP4,gp_1739,1130,1144,train
f12d1c67-dff1-44f8-ac94-3210182994ef,gp_set_0006,gp_set_0006_vid_0001.MP4,gp_2025,11953,11967,train
a1f486de-d41a-4e6b-8a77-dff7a14e66ea,gp_set_0003,gp_set_0003_vid_0004.MP4,gp_3141,12127,12141,test
ac7a6eaa-87b6-420e-9f40-8f970438a02d,gp_set_0001,gp_set_0001_vid_0007.MP4,gp_1485,18081,18095,train
ef8f747d-f593-429c-b7e4-379c06a2fced,gp_set_0005,gp_set_0005_vid_0005.MP4,gp_5900,6774,6788,test
d4f008ac-4ddd-42b8-bf92-2a90bd9fdccd,gp_set_0003,gp_set_0003_vid_0001.MP4,gp_3452,3615,3629,test
b733661d-5939-4427-be3e-ca1c0a05f273,gp_set_0004,gp_set_0004_vid_0003.MP4,gp_3702,20420,20434,train
57ca1f23-600c-423e-858f-edb1033e365b,gp_set_0003,gp_set_0003_vid_0002.MP4,gp_2509,12988,13002,test
460c04ac-e7ab-4696-8650-7279c7670506,gp_set_0004,gp_set_0004_vid_0003.MP4,gp_3322,14135,14149,train
caa8b15c-7ba0-4d29-a678-ecdd7d2c16f3,gp_set_0004,gp_set_0004_vid_0001.MP4,gp_3688,624,638,train
b551c992-d36c-4e98-8464-295ddc4f9861,gp_set_0001,gp_set_0001_vid_0002.MP4,gp_542,12206,12220,train
5e5fd8fb-2cae-4306-83a3-fb81a0ea31cc,gp_set_0004,gp_set_0004_vid_0003.MP4,gp_3309,14051,14065,train
22427c4c-0e45-4a57-9087-8ea4e308bba9,gp_set_0001,gp_set_0001_vid_0008.MP4,gp_1383,18721,18735,train
6e85d621-56b6-4e47-8192-8a1e982562c1,gp_set_0003,gp_set_0003_vid_0001.MP4,gp_3365,13147,13161,test
f39a5ce1-20d0-480d-9979-46a68803d260,gp_set_0003,gp_set_0003_vid_0002.MP4,gp_2231,9585,9599,test
f8cc288a-021a-464e-b9f3-ad733a27653b,gp_set_0001,gp_set_0001_vid_0005.MP4,gp_503,3098,3112,train
1ab0d9ab-8609-4880-a3a1-26af392fad62,gp_set_0004,gp_set_0004_vid_0005.MP4,gp_5609,807,821,train
1246ce3c-bec1-4d2d-b6f1-a48e68c64400,gp_set_0003,gp_set_0003_vid_0001.MP4,gp_3478,655,669,test
f8e03122-addd-4a12-b4fb-1bb4127453a6,gp_set_0004,gp_set_0004_vid_0003.MP4,gp_2990,9990,10004,train
aba5b099-0fc4-4ac6-8002-e65e41a85797,gp_set_0006,gp_set_0006_vid_0002.MP4,gp_4235,11913,11927,train
308db046-9490-471e-81df-320a8faf6855,gp_set_0002,gp_set_0002_vid_0001.MP4,gp_4451,20619,20633,train
6c91cc8e-7b77-47f6-bcff-07656bc51806,gp_set_0004,gp_set_0004_vid_0003.MP4,gp_2830,8182,8196,train
4cc8644f-c0d2-4467-8db4-9344b6540088,gp_set_0006,gp_set_0006_vid_0001.MP4,gp_1660,124,138,train
3db346de-12f1-40a2-992f-9440f5ff21f3,gp_set_0006,gp_set_0006_vid_0001.MP4,gp_1979,9217,9231,train
47cc14f7-9e2d-45c5-b9c2-508b55406556,gp_set_0001,gp_set_0001_vid_0008.MP4,gp_1142,11752,11766,train
1977ff18-f5bb-4909-8352-7117fad60725,gp_set_0004,gp_set_0004_vid_0003.MP4,gp_2960,9576,9590,train
3ca46e1f-8a7b-4253-9ec0-423f1ed6e678,gp_set_0003,gp_set_0003_vid_0004.MP4,gp_3430,16755,16769,test
01a63aad-f4a3-4039-9748-94c51ec63320,gp_set_0003,gp_set_0003_vid_0001.MP4,gp_3381,11210,11224,test
97c31087-aac2-4993-a6cd-c7d2e80e31d8,gp_set_0001,gp_set_0001_vid_0007.MP4,gp_1051,3842,3856,train
6ac8dfeb-08d7-4ab1-8ad0-d98e7e5004af,gp_set_0004,gp_set_0004_vid_0003.MP4,gp_3350,14394,14408,train
051fe88a-9bd3-4fdd-aad5-9d44fc8c0f7c,gp_set_0001,gp_set_0001_vid_0003.MP4,gp_123,6467,6481,train
f1acca1c-231c-4bac-b994-ae9cbfc03c32,gp_set_0001,gp_set_0001_vid_0007.MP4,gp_1050,3790,3804,train
9d07c30d-09d6-4dcd-85d0-13048f05de50,gp_set_0008,gp_set_0008_vid_0005.MP4,gp_6180,4664,4678,test
6e514c72-df59-4255-acd4-ea28daa190fa,gp_set_0001,gp_set_0001_vid_0006.MP4,gp_688,5191,5205,train
ccdf0bde-633b-4082-9798-18789139cb61,gp_set_0003,gp_set_0003_vid_0003.MP4,gp_3101,11008,11022,test
c111f06a-8fbe-4ce4-8f2d-457f2cc69659,gp_set_0004,gp_set_0004_vid_0002.MP4,gp_3725,21192,21206,train
4be588c4-5ed8-4e3a-9d55-fdca40835229,gp_set_0001,gp_set_0001_vid_0008.MP4,gp_1377,18563,18577,train
c3ccabf6-75f2-4877-8e33-868daa30c97a,gp_set_0001,gp_set_0001_vid_0008.MP4,gp_1416,19235,19249,train
5822def1-90e5-48e0-9aa0-65dccd0c5f12,gp_set_0005,gp_set_0005_vid_0001.MP4,gp_1715,19772,19786,test
f47a4f4e-52fc-4e47-9cba-d59087a3f070,gp_set_0004,gp_set_0004_vid_0003.MP4,gp_3571,18013,18027,train
f9943c35-a988-4531-b841-f0cab6a06545,gp_set_0002,gp_set_0002_vid_0001.MP4,gp_4409,19218,19232,train
b6faf991-52d3-434a-8271-d78f8cc15ec4,gp_set_0001,gp_set_0001_vid_0008.MP4,gp_1057,8962,8976,train
1db8dccc-36fd-4f20-84ed-91813997423b,gp_set_0001,gp_set_0001_vid_0001.MP4,gp_54,6774,6788,train
c6bc723d-7a8c-46a4-bb1c-c9bfa9fca332,gp_set_0005,gp_set_0005_vid_0005.MP4,gp_5841,6513,6527,test
b331b359-fa5c-4630-9657-110c5dd37331,gp_set_0003,gp_set_0003_vid_0001.MP4,gp_3279,17056,17070,test
8638ceb4-aa6e-4b67-a4bf-2a7a00fc0617,gp_set_0001,gp_set_0001_vid_0008.MP4,gp_1368,17890,17904,train
dfc440a3-2840-459b-bfbf-a9e95e15bae7,gp_set_0002,gp_set_0002_vid_0002.MP4,gp_4836,1097,1111,train
8afbd791-27cb-435d-9991-b315128177e1,gp_set_0004,gp_set_0004_vid_0003.MP4,gp_2864,8556,8570,train
c0e45e6a-1b92-4752-9a88-7dfa8ca5e554,gp_set_0004,gp_set_0004_vid_0003.MP4,gp_3593,18291,18305,train
78d0ecf4-3431-4d49-bd18-20a763728bdf,gp_set_0004,gp_set_0004_vid_0001.MP4,gp_3527,7065,7079,train
4068c160-6c83-490f-aa3a-956219a6db3c,gp_set_0006,gp_set_0006_vid_0001.MP4,gp_1866,4869,4883,train
aa5b99a9-14c2-4ce5-8ace-ccb0cf4c6a66,gp_set_0004,gp_set_0004_vid_0002.MP4,gp_3833,2204,2218,train
45b11427-7d3c-45ad-ab0c-aab31ce189d6,gp_set_0001,gp_set_0001_vid_0008.MP4,gp_832,4635,4649,train
9fb06ea8-77c0-4228-a2e6-b298158d1689,gp_set_0004,gp_set_0004_vid_0005.MP4,gp_5618,9393,9407,train
895af5e9-9fcd-4031-9599-3fdde44d2fdb,gp_set_0002,gp_set_0002_vid_0002.MP4,gp_4955,14800,14814,train
a7f192c6-2945-45b9-821f-631266335934,gp_set_0006,gp_set_0006_vid_0001.MP4,gp_2081,13189,13203,train
3162ddce-1195-47d9-990f-d22c0f0f8957,gp_set_0003,gp_set_0003_vid_0004.MP4,gp_3298,13574,13588,test
4fc760cb-304c-4f64-a5f7-9b630bc74172,gp_set_0004,gp_set_0004_vid_0003.MP4,gp_3388,14776,14790,train
29ecd619-40cd-4de6-9f2e-66a5ab5fe1ba,gp_set_0001,gp_set_0001_vid_0005.MP4,gp_354,11325,11339,train
d6a658af-18f6-4856-bdba-27ab1d5c9ca7,gp_set_0004,gp_set_0004_vid_0003.MP4,gp_2899,8902,8916,train
e8452ce8-35c1-4a22-9aac-49d72c7c25e2,gp_set_0006,gp_set_0006_vid_0001.MP4,gp_1921,5871,5885,train
cafead79-d769-422c-8ef1-834fe8ec816a,gp_set_0002,gp_set_0002_vid_0004.MP4,gp_4159,15397,15411,train
f8883d93-19c6-42c6-9c52-3c4e1397bdac,gp_set_0003,gp_set_0003_vid_0004.MP4,gp_2796,5668,5682,test
53b16a45-5ef0-43b7-b6c4-785cb2367d1a,gp_set_0008,gp_set_0008_vid_0005.MP4,gp_6147,3621,3635,test
402cfbe0-dc35-48db-b7b3-d414062cd99c,gp_set_0005,gp_set_0005_vid_0005.MP4,gp_5785,6180,6194,test
33d963c6-8f8a-4999-a0e3-0f76f2f3a6bc,gp_set_0004,gp_set_0004_vid_0002.MP4,gp_3904,5459,5473,train
cb3c4d38-1154-4622-b90f-55a11c7eb10e,gp_set_0003,gp_set_0003_vid_0003.MP4,gp_3192,17568,17582,test
c1448b39-554b-448c-8da4-032e10de5719,gp_set_0001,gp_set_0001_vid_0005.MP4,gp_1121,13788,13802,train
a5f2d444-bf72-4d1a-b680-3adf73df8992,gp_set_0003,gp_set_0003_vid_0002.MP4,gp_2708,15265,15279,test
80e061bf-38b3-4647-be9a-0d910f498b34,gp_set_0004,gp_set_0004_vid_0005.MP4,gp_5741,11032,11046,train
e71c323c-1875-48bb-bfbd-ba619e8b825f,gp_set_0005,gp_set_0005_vid_0001.MP4,gp_1657,16414,16428,test
17b4bb19-add4-494e-a29c-4c2416ff9753,gp_set_0003,gp_set_0003_vid_0004.MP4,gp_2933,9686,9700,test
a589f3e3-5344-40cb-ac31-1b9d4b8b459e,gp_set_0001,gp_set_0001_vid_0005.MP4,gp_971,21084,21098,train
69197f8f-8d02-4032-8414-c7ae1291b33e,gp_set_0005,gp_set_0005_vid_0001.MP4,gp_1494,5335,5349,test
2861a553-d3b8-4a52-945f-551766a3cf45,gp_set_0004,gp_set_0004_vid_0002.MP4,gp_3975,9616,9630,train
d98e5320-34d0-4f44-a809-941d41c31f92,gp_set_0005,gp_set_0005_vid_0001.MP4,gp_1294,1159,1173,test
0a092f55-c502-4539-9a22-6adcca74d9d7,gp_set_0003,gp_set_0003_vid_0003.MP4,gp_3177,17188,17202,test
6cbeb361-183c-4b4e-be61-873f653392c6,gp_set_0001,gp_set_0001_vid_0001.MP4,gp_65,6875,6889,train
ed7572e7-4ef9-4e95-98a9-fdabe5ad058d,gp_set_0001,gp_set_0001_vid_0005.MP4,gp_847,18251,18265,train
397e8652-86a9-4dea-8282-2e7c7b8271b8,gp_set_0003,gp_set_0003_vid_0004.MP4,gp_2855,7286,7300,test
362cbbfc-ec7a-4b17-ad4a-4cf4f1a0264e,gp_set_0001,gp_set_0001_vid_0005.MP4,gp_779,17703,17717,train
2e78fdef-3917-4155-abc8-afc019d3b745,gp_set_0003,gp_set_0003_vid_0002.MP4,gp_2625,14688,14702,test
7b45f07c-bc9a-4f84-bb1e-59b517973afe,gp_set_0002,gp_set_0002_vid_0001.MP4,gp_4334,7269,7283,train
98d0ce6a-6dfd-400e-8029-b5f504450960,gp_set_0007,gp_set_0007_vid_0004.MP4,gp_6583,8724,8738,train
fa7646b1-b8cc-4514-9a1b-6575419375d9,gp_set_0001,gp_set_0001_vid_0005.MP4,gp_966,20957,20971,train
0f1e1e8b-7e84-4b43-bf91-efc7233bc041,gp_set_0002,gp_set_0002_vid_0001.MP4,gp_4446,20328,20342,train
430ab4e7-9bdd-434c-a4e4-1478449a604e,gp_set_0002,gp_set_0002_vid_0002.MP4,gp_5337,3046,3060,train
2c353802-1917-4c47-aeae-a78968f0abf1,gp_set_0006,gp_set_0006_vid_0001.MP4,gp_2626,21138,21152,train
bef477ac-8e47-43dd-95b9-11968c3b0a3b,gp_set_0002,gp_set_0002_vid_0002.MP4,gp_4897,3736,3750,train
bdf274c2-cbd5-44a7-8a49-dd2784679c2b,gp_set_0003,gp_set_0003_vid_0004.MP4,gp_3242,13190,13204,test
ce692847-3b8b-44ec-bfc6-055d4a3539e8,gp_set_0006,gp_set_0006_vid_0001.MP4,gp_1654,87,101,train
e3488868-c8d6-49a5-a178-5a5a95944847,gp_set_0004,gp_set_0004_vid_0005.MP4,gp_5791,7101,7115,train
aa18590f-1168-4da4-9283-31114e95695f,gp_set_0001,gp_set_0001_vid_0006.MP4,gp_886,10836,10850,train
3be47942-97e0-4fd2-b7e3-b6e07c3b5ae4,gp_set_0002,gp_set_0002_vid_0002.MP4,gp_4861,2259,2273,train
788a56c2-a333-4646-a8cb-3aed41e6e6bd,gp_set_0003,gp_set_0003_vid_0004.MP4,gp_3292,13459,13473,test
863e8c3a-4a29-4ada-8dde-b9150fc7f482,gp_set_0003,gp_set_0003_vid_0003.MP4,gp_2999,4373,4387,test
62241999-a47b-4425-9252-725b3882159b,gp_set_0001,gp_set_0001_vid_0006.MP4,gp_983,17787,17801,train
16f1e6c3-ce33-4989-ba79-721da9066dbf,gp_set_0004,gp_set_0004_vid_0002.MP4,gp_3935,8370,8384,train
a3375f3f-5930-4460-9f8b-07ed1e68cb1d,gp_set_0008,gp_set_0008_vid_0001.MP4,gp_5975,6551,6565,test
2e0d667a-a44a-41d5-958f-f4266c57f086,gp_set_0002,gp_set_0002_vid_0002.MP4,gp_4995,10242,10256,train
df28a229-0fe4-4dbc-a007-06626b078693,gp_set_0008,gp_set_0008_vid_0001.MP4,gp_5994,6627,6641,test
cf421591-669f-4c22-ad06-176997c6d63a,gp_set_0001,gp_set_0001_vid_0005.MP4,gp_462,2174,2188,train
9f9f1f1b-7829-49d5-b61c-89f9ea88d1b2,gp_set_0008,gp_set_0008_vid_0001.MP4,gp_5915,9533,9547,test
073ef6e5-ced8-495f-bf4f-d756ad12f68d,gp_set_0004,gp_set_0004_vid_0002.MP4,gp_3982,9970,9984,train
8a87716a-572e-431e-a9bd-d1f9ce50f380,gp_set_0004,gp_set_0004_vid_0002.MP4,gp_3704,19837,19851,train
7c37ca43-c4f1-4af3-9c29-9685bc1524c5,gp_set_0004,gp_set_0004_vid_0002.MP4,gp_3732,18059,18073,train
fe553500-fa44-499e-92aa-1930a9964ac0,gp_set_0001,gp_set_0001_vid_0005.MP4,gp_643,13775,13789,train
a70276e6-3939-4afc-a4ea-4a5c4e036909,gp_set_0003,gp_set_0003_vid_0004.MP4,gp_2911,9208,9222,test
f5b4c423-7976-4ee5-a9b7-9ba3d10b8f61,gp_set_0002,gp_set_0002_vid_0002.MP4,gp_4978,9473,9487,train
ea287369-3e27-4181-91e8-292e5f23b38b,gp_set_0001,gp_set_0001_vid_0002.MP4,gp_613,14637,14651,train
6125e73a-1a27-4355-abe7-81a27903884f,gp_set_0001,gp_set_0001_vid_0001.MP4,gp_60,6841,6855,train
9019523f-0d4d-48f9-8e29-be1e716ed613,gp_set_0005,gp_set_0005_vid_0001.MP4,gp_1374,3568,3582,test
50aab768-3e2c-4719-97b1-75a31cc4dad8,gp_set_0003,gp_set_0003_vid_0002.MP4,gp_2223,9511,9525,test
0e225e58-ea1d-4e65-ab9c-db8d8df571e3,gp_set_0001,gp_set_0001_vid_0003.MP4,gp_568,14878,14892,train
4bd1ac08-bbe1-413d-aec3-aa0a4729cbc7,gp_set_0003,gp_set_0003_vid_0002.MP4,gp_2671,15054,15068,test
48a68777-9bfe-42dd-abf6-d9369485b33f,gp_set_0003,gp_set_0003_vid_0002.MP4,gp_2382,11221,11235,test
ae0415e6-2d8c-4686-9c04-39100f5bb193,gp_set_0003,gp_set_0003_vid_0002.MP4,gp_2514,13095,13109,test
10ae9793-ddc6-4379-93db-05212bcf1513,gp_set_0003,gp_set_0003_vid_0002.MP4,gp_2573,14161,14175,test
7bc34a4e-1037-4111-b57e-8d0f2fe6d401,gp_set_0001,gp_set_0001_vid_0007.MP4,gp_1020,1466,1480,train
8e630bf3-562e-40ba-87c3-407086c3fe71,gp_set_0003,gp_set_0003_vid_0002.MP4,gp_2637,14733,14747,test
907efff1-0c7c-4061-9991-7adc70c37fe7,gp_set_0005,gp_set_0005_vid_0001.MP4,gp_1690,17829,17843,test
4f5e0cd4-725b-4854-ac7c-e6c582eaa120,gp_set_0001,gp_set_0001_vid_0003.MP4,gp_30,1491,1505,train
17593b66-87f4-4155-9ce9-7be1c5dbaca6,gp_set_0008,gp_set_0008_vid_0005.MP4,gp_6167,4144,4158,test
8b8013bc-9355-4496-bd57-e2598ef4227d,gp_set_0001,gp_set_0001_vid_0006.MP4,gp_661,1529,1543,train
27ca5d5e-1aae-45a1-910f-f8ed3c4423dd,gp_set_0001,gp_set_0001_vid_0008.MP4,gp_1370,18220,18234,train
7a137c67-0731-45f2-bc29-ed62ce48673a,gp_set_0002,gp_set_0002_vid_0002.MP4,gp_5377,5068,5082,train
1432958b-d9d7-4c76-abbd-d03b5742921f,gp_set_0001,gp_set_0001_vid_0007.MP4,gp_1603,20724,20738,train
f956bc47-e992-46c0-b9e2-b5c920fa0321,gp_set_0003,gp_set_0003_vid_0003.MP4,gp_2870,444,458,test
252e5db2-72f6-4c36-b5da-57f35f0a151e,gp_set_0004,gp_set_0004_vid_0003.MP4,gp_3379,14746,14760,train
a82a1763-5ec5-4cb9-97e3-ef0e64821bcb,gp_set_0003,gp_set_0003_vid_0004.MP4,gp_2793,5442,5456,test
0a9d237f-5bbc-41b4-bdca-03d81cc6fc27,gp_set_0002,gp_set_0002_vid_0002.MP4,gp_4881,2688,2702,train
c2ed4ad6-8279-4ed1-a596-d14d036c06f9,gp_set_0001,gp_set_0001_vid_0008.MP4,gp_619,151,165,train
69605d93-0e6f-4f11-99d8-290da2376aff,gp_set_0004,gp_set_0004_vid_0001.MP4,gp_3532,3730,3744,train
cd9414d0-b241-4662-b45d-c04f10087e36,gp_set_0005,gp_set_0005_vid_0005.MP4,gp_5828,7587,7601,test
067287f8-8f07-41a5-a2cd-3235e34c78c3,gp_set_0001,gp_set_0001_vid_0008.MP4,gp_1396,19066,19080,train
e519a4f7-ed34-4c58-ab64-d71555346d14,gp_set_0001,gp_set_0001_vid_0006.MP4,gp_866,10735,10749,train
3e560c92-4651-409f-bad9-037eec7e5a38,gp_set_0004,gp_set_0004_vid_0005.MP4,gp_5623,1665,1679,train
60025ae2-3def-4fef-879d-4c7053318c65,gp_set_0001,gp_set_0001_vid_0006.MP4,gp_665,1935,1949,train
216194c7-5033-41dd-8c3c-85a264dd21ab,gp_set_0008,gp_set_0008_vid_0005.MP4,gp_6143,6984,6998,test
feac83cb-0a97-488c-9cec-4d0a850cced8,gp_set_0001,gp_set_0001_vid_0002.MP4,gp_5531,9040,9054,train
878aaa02-9116-4f78-bea2-dd5c2a50a34d,gp_set_0008,gp_set_0008_vid_0005.MP4,gp_6069,3183,3197,test
a71b322c-f50c-4a60-ad96-3ad5e51ed3cc,gp_set_0005,gp_set_0005_vid_0001.MP4,gp_1410,4041,4055,test
c6559d4d-c2fb-460d-82a5-6a318240bcfc,gp_set_0006,gp_set_0006_vid_0001.MP4,gp_1800,2715,2729,train
6793c149-4bf9-4ef2-a053-df4ec4e073db,gp_set_0003,gp_set_0003_vid_0003.MP4,gp_2968,2731,2745,test
9b50643f-bc28-4abb-b139-ba6be3225e7a,gp_set_0002,gp_set_0002_vid_0001.MP4,gp_4442,20089,20103,train
536e3def-4201-4089-8c42-11acd9bf0882,gp_set_0001,gp_set_0001_vid_0003.MP4,gp_34,2949,2963,train
bc928040-3c94-4e40-98e0-c570d2e9c94b,gp_set_0003,gp_set_0003_vid_0002.MP4,gp_2779,16428,16442,test
5b29e6c7-1c0d-438c-a8c3-f2ca95dd99dd,gp_set_0003,gp_set_0003_vid_0004.MP4,gp_3434,16870,16884,test
ac6f1f79-7370-489c-b6f7-a512cf408472,gp_set_0001,gp_set_0001_vid_0002.MP4,gp_560,12804,12818,train
3b2a4cd5-2b8f-4e1c-a097-876fa4a3e3ba,gp_set_0004,gp_set_0004_vid_0003.MP4,gp_3700,21160,21174,train
50f9323c-4ddc-477c-ac74-99f29ad74014,gp_set_0004,gp_set_0004_vid_0003.MP4,gp_3666,19794,19808,train
e9d3ea70-d262-47fa-90b5-560bb5e12eb8,gp_set_0003,gp_set_0003_vid_0001.MP4,gp_3442,8882,8896,test
5748ee9e-7715-4974-b260-8b48e3de16fc,gp_set_0004,gp_set_0004_vid_0003.MP4,gp_3672,19942,19956,train
0525382c-a8de-4703-b18e-161f061a9bac,gp_set_0004,gp_set_0004_vid_0003.MP4,gp_2746,7490,7504,train
545659fe-eea0-4b52-85c2-2a0248704d63,gp_set_0003,gp_set_0003_vid_0002.MP4,gp_2103,8517,8531,test
fddc0de0-233b-4dd0-a9c8-3e70ad0581d3,gp_set_0001,gp_set_0001_vid_0008.MP4,gp_1335,15404,15418,train
f9594864-ef00-4852-9d39-96ffd43d6b8d,gp_set_0001,gp_set_0001_vid_0007.MP4,gp_1623,20997,21011,train
ec93e1ed-3664-4e31-b100-8c810933fe90,gp_set_0001,gp_set_0001_vid_0008.MP4,gp_831,4635,4649,train
8d341d43-6951-447c-a61b-e3f42203358f,gp_set_0001,gp_set_0001_vid_0007.MP4,gp_1274,15860,15874,train
daf39e2a-308a-4094-9901-b29f0074beec,gp_set_0001,gp_set_0001_vid_0006.MP4,gp_782,7826,7840,train
7eaf4874-f46c-4567-a284-12279c640683,gp_set_0001,gp_set_0001_vid_0007.MP4,gp_1087,5372,5386,train
96a49e50-2e1c-4a8a-86f2-2a539d13633d,gp_set_0001,gp_set_0001_vid_0006.MP4,gp_685,5168,5182,train
1411cec6-e67c-4415-86c4-5c0f1ec00dcd,gp_set_0001,gp_set_0001_vid_0007.MP4,gp_1261,15591,15605,train
ce617d97-9d97-413a-a5c4-4581288572c5,gp_set_0002,gp_set_0002_vid_0002.MP4,gp_4884,2781,2795,train
157e75f9-69c1-4762-9379-4e309577a389,gp_set_0004,gp_set_0004_vid_0002.MP4,gp_3705,20015,20029,train
6fecd1cc-90c6-47b3-a0c3-98f8dd60d4d9,gp_set_0004,gp_set_0004_vid_0003.MP4,gp_2659,6475,6489,train
d1b07029-02cf-4c32-92e6-dd92575b59ca,gp_set_0003,gp_set_0003_vid_0002.MP4,gp_2300,10181,10195,test
fe51661b-fdf5-4774-bf92-5e02938a3288,gp_set_0001,gp_set_0001_vid_0005.MP4,gp_429,1404,1418,train
d355cf6b-3733-4588-87d3-7d788e943c34,gp_set_0001,gp_set_0001_vid_0001.MP4,gp_12,193,207,train
e1147abf-3501-414f-b4d7-15a7147cf849,gp_set_0003,gp_set_0003_vid_0002.MP4,gp_1939,5552,5566,test
6b09e87e-7151-4f4e-b71e-9bbbace01807,gp_set_0003,gp_set_0003_vid_0003.MP4,gp_3108,11602,11616,test
7df526d0-7766-4a3d-b023-a24e6a8ea37a,gp_set_0003,gp_set_0003_vid_0004.MP4,gp_3545,19810,19824,test
9166c6f9-94d4-4241-8ada-a24e8cdb1619,gp_set_0006,gp_set_0006_vid_0001.MP4,gp_1716,713,727,train
963ae122-c834-4e4d-b53d-b28591dc2690,gp_set_0003,gp_set_0003_vid_0004.MP4,gp_3303,13609,13623,test
c2b5231a-4468-4412-8536-30dd32ec2c00,gp_set_0004,gp_set_0004_vid_0002.MP4,gp_3804,14613,14627,train
834a53d8-a439-4cb3-9e1a-2ac8f2f5359c,gp_set_0001,gp_set_0001_vid_0001.MP4,gp_130,10003,10017,train
105adda2-f041-45d1-bef2-8e1bb20bfa6a,gp_set_0005,gp_set_0005_vid_0001.MP4,gp_1626,10376,10390,test
aa3c08b0-91ba-4082-824e-b2114dd4e031,gp_set_0003,gp_set_0003_vid_0004.MP4,gp_3158,12242,12256,test
0ea0db53-f557-4acd-bed4-d64b488b0670,gp_set_0001,gp_set_0001_vid_0007.MP4,gp_1388,16902,16916,train
4d7cc631-977e-4008-84f2-be6c48a04bd3,gp_set_0005,gp_set_0005_vid_0005.MP4,gp_5867,8300,8314,test
ecf5d916-f552-44d7-b25e-44d273f0d0f9,gp_set_0003,gp_set_0003_vid_0004.MP4,gp_2843,6836,6850,test
615a7236-d76e-422a-a467-7f400536196e,gp_set_0004,gp_set_0004_vid_0005.MP4,gp_5617,1358,1372,train
8cba217c-b844-4859-92ce-256237f3d388,gp_set_0004,gp_set_0004_vid_0002.MP4,gp_3741,18409,18423,train
8471af30-e02e-41fb-b40e-a38dc9b6aea4,gp_set_0005,gp_set_0005_vid_0001.MP4,gp_1688,17875,17889,test
9670e2de-92de-4dbf-a436-178a959090c1,gp_set_0001,gp_set_0001_vid_0005.MP4,gp_791,17761,17775,train
2efc9a48-403c-43f3-9a6c-f1cd5c53e975,gp_set_0001,gp_set_0001_vid_0007.MP4,gp_1407,16973,16987,train
c61b0f41-b97e-4641-9215-01e02b4a8438,gp_set_0003,gp_set_0003_vid_0004.MP4,gp_2674,1411,1425,test
1717d1f3-e148-4899-acd1-0e0f4bcb54de,gp_set_0002,gp_set_0002_vid_0005.MP4,gp_3800,12243,12257,train
02c011ad-1a72-4c4c-bf35-85bdfda19d04,gp_set_0003,gp_set_0003_vid_0002.MP4,gp_2004,6493,6507,test
430556e2-f681-4067-8e31-92f897586f33,gp_set_0004,gp_set_0004_vid_0003.MP4,gp_3363,14586,14600,train
1f15fdc8-29b3-4049-8489-97aa4ce93a0b,gp_set_0001,gp_set_0001_vid_0005.MP4,gp_538,3727,3741,train
da38e7c2-bc50-4ba7-b0e2-b09e01cd0dec,gp_set_0003,gp_set_0003_vid_0002.MP4,gp_2244,9683,9697,test
07e91cf6-ad41-4ada-8788-ed23c938b135,gp_set_0002,gp_set_0002_vid_0002.MP4,gp_4999,10358,10372,train
cf187eee-df86-4bbe-a263-3d9e370b02ef,gp_set_0006,gp_set_0006_vid_0001.MP4,gp_1961,8291,8305,train
af0c45ec-098d-4ef0-8852-e7c9fc2c4b05,gp_set_0004,gp_set_0004_vid_0002.MP4,gp_3915,6417,6431,train
c54f1133-47bb-44a1-b0bf-c5e3265b1edb,gp_set_0001,gp_set_0001_vid_0006.MP4,gp_1010,18897,18911,train
0b57d27c-52b5-429b-a262-3869326780fd,gp_set_0001,gp_set_0001_vid_0007.MP4,gp_1148,13489,13503,train
3f574e28-d4a5-40c6-8e57-0758ab04fe04,gp_set_0004,gp_set_0004_vid_0002.MP4,gp_3919,6691,6705,train
b9e95248-b874-41eb-b317-a4a3db9e4107,gp_set_0005,gp_set_0005_vid_0001.MP4,gp_1670,16903,16917,test
8248a447-8665-497c-b0c3-1eb058b014c2,gp_set_0003,gp_set_0003_vid_0001.MP4,gp_3372,13296,13310,test
99172868-10dc-434a-b127-793604efe21d,gp_set_0001,gp_set_0001_vid_0005.MP4,gp_418,866,880,train
cd066e40-66c9-40ae-914b-2076b03a3c11,gp_set_0001,gp_set_0001_vid_0008.MP4,gp_329,6850,6864,train
40c8e0a8-5c0e-4e03-a2fc-42a6202b6280,gp_set_0001,gp_set_0001_vid_0008.MP4,gp_1395,19010,19024,train
4fd4d386-ce98-43d9-9227-7aedff411f54,gp_set_0003,gp_set_0003_vid_0001.MP4,gp_3399,9557,9571,test
2a7ac1de-bcb3-4136-8ef7-b5e66428942c,gp_set_0004,gp_set_0004_vid_0003.MP4,gp_3300,14003,14017,train
081dfbff-aa10-4667-ace1-6e77f7149d68,gp_set_0006,gp_set_0006_vid_0001.MP4,gp_1676,365,379,train
3d43968b-7391-4b7e-a026-7e92f352ffa3,gp_set_0005,gp_set_0005_vid_0002.MP4,gp_4155,3726,3740,test
a2497233-9ff6-40f3-8502-3f8016c664f2,gp_set_0001,gp_set_0001_vid_0008.MP4,gp_1094,9580,9594,train
4c327371-55ac-4de6-bce5-deb952b50945,gp_set_0004,gp_set_0004_vid_0001.MP4,gp_3612,7,21,train
c59a675a-f464-49f1-b530-2439999130aa,gp_set_0001,gp_set_0001_vid_0005.MP4,gp_813,17905,17919,train
198d10e8-3971-4f74-865d-0478590dd0d3,gp_set_0001,gp_set_0001_vid_0008.MP4,gp_1122,11416,11430,train
1cc840f1-b11f-4e00-894b-2f25bac87b3d,gp_set_0005,gp_set_0005_vid_0001.MP4,gp_1517,5837,5851,test
addff9a7-56b9-48af-b44e-623ab081347d,gp_set_0008,gp_set_0008_vid_0004.MP4,gp_6607,11158,11172,test
1c8269ba-d133-45af-beb7-b4453efca0cd,gp_set_0003,gp_set_0003_vid_0002.MP4,gp_2455,20346,20360,test
ddbeeb88-c077-4577-bb06-cf17906b8e80,gp_set_0004,gp_set_0004_vid_0002.MP4,gp_3734,18169,18183,train
7d23a79a-cda8-4d0c-98b0-b067672e3a3b,gp_set_0004,gp_set_0004_vid_0001.MP4,gp_3696,1195,1209,train
4877d21e-5ac9-4ec4-a4e5-8d58b9ca65ce,gp_set_0006,gp_set_0006_vid_0001.MP4,gp_1653,11,25,train
b8bc8433-b111-4279-b5bc-f9e32a09761f,gp_set_0004,gp_set_0004_vid_0003.MP4,gp_2532,1044,1058,train
bdd32cb7-a4fe-4620-b3f8-fb8929fb515f,gp_set_0005,gp_set_0005_vid_0001.MP4,gp_1604,8157,8171,test
782505f6-a8ad-4847-869f-684f2c822b61,gp_set_0001,gp_set_0001_vid_0008.MP4,gp_681,1267,1281,train
78e8e8b6-0400-4bc2-af83-a19bce3949d6,gp_set_0006,gp_set_0006_vid_0001.MP4,gp_2155,15198,15212,train
bd85ea18-5be3-4eaa-9d6c-b2005c604e7a,gp_set_0001,gp_set_0001_vid_0008.MP4,gp_261,5691,5705,train
62239221-b62c-4e38-9544-753f4a0c53fe,gp_set_0002,gp_set_0002_vid_0002.MP4,gp_5414,8151,8165,train
b1b8355b-07f9-4c58-8ab9-99a4510cb57d,gp_set_0005,gp_set_0005_vid_0005.MP4,gp_5877,7946,7960,test
f2d5d5be-f612-4f8e-bda1-9b3fc02d9538,gp_set_0003,gp_set_0003_vid_0004.MP4,gp_3314,13834,13848,test
5019d4f2-319e-45c5-bea7-a28040b95844,gp_set_0002,gp_set_0002_vid_0002.MP4,gp_4986,7569,7583,train
3508d099-e813-41f3-af5c-f315475a49ea,gp_set_0001,gp_set_0001_vid_0007.MP4,gp_1203,8415,8429,train
78f13851-1980-44f5-931d-6161c7f3c4d4,gp_set_0001,gp_set_0001_vid_0002.MP4,gp_405,1211,1225,train
4ebab642-61c9-453d-a6fc-520241e2543e,gp_set_0003,gp_set_0003_vid_0002.MP4,gp_1888,3931,3945,test
0da2c83c-76c8-4b9d-9f9e-cb278adc70d3,gp_set_0004,gp_set_0004_vid_0003.MP4,gp_2562,3010,3024,train
0df850d9-3395-4cfb-8ddf-bf5850422c1a,gp_set_0001,gp_set_0001_vid_0001.MP4,gp_58,6821,6835,train
63681f45-62be-4754-b322-d66587bdca60,gp_set_0001,gp_set_0001_vid_0008.MP4,gp_1463,21145,21159,train
64dcee73-831a-4a17-b9af-93de1ae3f18b,gp_set_0003,gp_set_0003_vid_0004.MP4,gp_2912,9389,9403,test
5f141e79-c5d2-4430-a51f-ee879ea86c20,gp_set_0006,gp_set_0006_vid_0001.MP4,gp_1675,371,385,train
b720fd2d-0c6f-4ac0-bc59-e051a5e61ae0,gp_set_0003,gp_set_0003_vid_0003.MP4,gp_3098,10957,10971,test
980ee5ad-510b-4fd9-9338-aba170121122,gp_set_0004,gp_set_0004_vid_0003.MP4,gp_3358,14532,14546,train
fde0b657-63ae-42c0-94c8-ab85b51dfccc,gp_set_0001,gp_set_0001_vid_0005.MP4,gp_403,1021,1035,train
298739de-2318-4a60-af48-7a25e7eea544,gp_set_0003,gp_set_0003_vid_0002.MP4,gp_1918,4568,4582,test
9a2cffda-61b2-440d-a8e3-616c0f8dfe8b,gp_set_0001,gp_set_0001_vid_0003.MP4,gp_480,12544,12558,train
dd5b2e5d-8d3e-48e2-a1d0-8931ae149a5d,gp_set_0001,gp_set_0001_vid_0007.MP4,gp_1268,11903,11917,train
5c4540ee-098d-4a85-b91e-b576b7be658e,gp_set_0003,gp_set_0003_vid_0004.MP4,gp_2801,5697,5711,test
1126c32c-c2c5-4dc3-96c6-793ea9d33fa3,gp_set_0004,gp_set_0004_vid_0003.MP4,gp_3639,19060,19074,train
cb985594-b384-4bcf-aa41-7e7a98f9ba41,gp_set_0001,gp_set_0001_vid_0008.MP4,gp_1456,20666,20680,train
61a3430b-4cbe-4fb0-8793-9b76d8c15a6d,gp_set_0001,gp_set_0001_vid_0006.MP4,gp_972,17488,17502,train
74f37d80-2a97-406b-9d85-92f5e59fe9bd,gp_set_0004,gp_set_0004_vid_0003.MP4,gp_3179,12506,12520,train
2b84af06-c308-4d7c-8f0d-0d1d4e3498da,gp_set_0003,gp_set_0003_vid_0003.MP4,gp_2989,3949,3963,test
3e1ccc56-fd19-4df1-b23a-578f0c9eeafa,gp_set_0002,gp_set_0002_vid_0001.MP4,gp_4396,17937,17951,train
3f1c2c77-567e-40b6-bce1-e3253872b93b,gp_set_0001,gp_set_0001_vid_0007.MP4,gp_1504,18283,18297,train
20183971-930b-4906-baf7-4659c60925e1,gp_set_0005,gp_set_0005_vid_0002.MP4,gp_4200,1197,1211,test
6e8facdd-6f49-45e0-bf05-71267cab700b,gp_set_0004,gp_set_0004_vid_0003.MP4,gp_3337,13523,13537,train
6abfeca4-f602-4e9b-939b-642f066932b6,gp_set_0004,gp_set_0004_vid_0002.MP4,gp_3905,5456,5470,train
6c9ac350-3cee-4142-91cf-b87af1d2022e,gp_set_0008,gp_set_0008_vid_0004.MP4,gp_6531,10248,10262,test
fe4fdc78-1ce9-47a3-9e8c-e7b577832056,gp_set_0001,gp_set_0001_vid_0003.MP4,gp_407,10532,10546,train
7d6283fc-fdf2-481b-9e2e-b8c99606af05,gp_set_0004,gp_set_0004_vid_0003.MP4,gp_2898,8876,8890,train
ca4e7109-ce52-4611-8c70-979327d189f3,gp_set_0001,gp_set_0001_vid_0003.MP4,gp_464,12259,12273,train
f3882be3-616a-4676-a092-a80f7e705d5d,gp_set_0002,gp_set_0002_vid_0002.MP4,gp_5416,8386,8400,train
e0984575-df13-4245-aee4-e93aca103229,gp_set_0003,gp_set_0003_vid_0004.MP4,gp_3146,12149,12163,test
356164be-5e6f-4d49-858e-31e3fb4986f6,gp_set_0001,gp_set_0001_vid_0008.MP4,gp_1429,19732,19746,train
638bc0c0-1978-4af3-9fb3-fd6f746670ec,gp_set_0003,gp_set_0003_vid_0002.MP4,gp_2503,12780,12794,test
238722eb-5f0c-40b1-a6f9-95f1753b9df8,gp_set_0004,gp_set_0004_vid_0005.MP4,gp_5697,10796,10810,train
20fa0e2a-50cc-4764-8153-9eb48be9def7,gp_set_0005,gp_set_0005_vid_0005.MP4,gp_5854,7945,7959,test
c154c0ed-e731-4167-abb5-ce254b5d2230,gp_set_0004,gp_set_0004_vid_0003.MP4,gp_2737,7459,7473,train
c1f09cbb-4046-4f47-a626-983cc4860076,gp_set_0004,gp_set_0004_vid_0003.MP4,gp_3549,17295,17309,train
0de2625c-7b8f-4aee-b9aa-aa60b7e5921e,gp_set_0004,gp_set_0004_vid_0005.MP4,gp_5673,10356,10370,train
c8877b13-371d-4528-80ac-979a25dc6a31,gp_set_0008,gp_set_0008_vid_0005.MP4,gp_6122,7271,7285,test
dd32c75f-4365-45c9-a41b-c48927b0a388,gp_set_0004,gp_set_0004_vid_0003.MP4,gp_3093,11180,11194,train
bae52fbf-a4bb-48cf-94d9-4447aaf1fdd0,gp_set_0001,gp_set_0001_vid_0003.MP4,gp_170,8004,8018,train
bd742907-31eb-41b2-83bb-5dfb8d5d93bc,gp_set_0005,gp_set_0005_vid_0001.MP4,gp_1610,8189,8203,test
f485f9ea-c779-49f2-a4d1-b56cf7b3d14c,gp_set_0003,gp_set_0003_vid_0002.MP4,gp_2519,13279,13293,test
07c21fc0-fac4-44b4-8f82-1b20d819d913,gp_set_0001,gp_set_0001_vid_0007.MP4,gp_1551,19321,19335,train
ad968da1-20bc-4195-8a50-039cc8d16678,gp_set_0002,gp_set_0002_vid_0001.MP4,gp_4252,17033,17047,train
4bd4da56-e9dd-4c18-95ea-ecf12b7c5e87,gp_set_0003,gp_set_0003_vid_0004.MP4,gp_3225,12760,12774,test
c729a217-0fa8-40b9-9c75-117314ca6b55,gp_set_0003,gp_set_0003_vid_0002.MP4,gp_2046,7469,7483,test
7c3b8d23-e4bf-4f97-b665-7d822f4ae5ff,gp_set_0002,gp_set_0002_vid_0005.MP4,gp_3771,2866,2880,train
f7a0ae40-76b5-428d-94c1-deaefb6c3fb0,gp_set_0003,gp_set_0003_vid_0002.MP4,gp_2494,12734,12748,test
a4793fb2-c4c2-42df-885b-ad4982d71daf,gp_set_0001,gp_set_0001_vid_0003.MP4,gp_98,5579,5593,train
3167f464-68be-424d-9b27-96a5ccc7dea0,gp_set_0004,gp_set_0004_vid_0005.MP4,gp_5759,6302,6316,train
25b0cb0d-e289-486f-9f98-26a32f68070a,gp_set_0001,gp_set_0001_vid_0001.MP4,gp_147,10111,10125,train
4b3b14c0-078d-478a-ad37-25d7d567793c,gp_set_0002,gp_set_0002_vid_0002.MP4,gp_4930,4758,4772,train
eddcb873-8c08-4b6b-ae45-00df629576ff,gp_set_0004,gp_set_0004_vid_0001.MP4,gp_3531,3715,3729,train
7b1d8b9b-8e7a-452c-96ee-719ab19c7bbc,gp_set_0001,gp_set_0001_vid_0006.MP4,gp_995,18515,18529,train
fbfc78a6-33d1-41bd-886a-b47b76d84d7a,gp_set_0008,gp_set_0008_vid_0001.MP4,gp_6015,7028,7042,test
dc7f69f3-541c-4033-bfca-021a4e189ea6,gp_set_0001,gp_set_0001_vid_0002.MP4,gp_387,812,826,train
7de2efd2-7d24-48a7-a60e-936eb5eb2892,gp_set_0003,gp_set_0003_vid_0004.MP4,gp_3113,11928,11942,test
9076f49f-b502-4e2f-b9d2-ffcf4b87d44d,gp_set_0002,gp_set_0002_vid_0002.MP4,gp_5327,1884,1898,train
491e502e-e6aa-4658-bc10-fc0e69668da5,gp_set_0003,gp_set_0003_vid_0003.MP4,gp_3091,10305,10319,test
1e201712-23ac-4c3c-85d9-169ef8b9c3e2,gp_set_0003,gp_set_0003_vid_0002.MP4,gp_2577,14268,14282,test
77fdeffb-1b6a-45dd-b857-c069b403e37d,gp_set_0001,gp_set_0001_vid_0003.MP4,gp_607,15817,15831,train
955b2bc9-acf7-4e7a-93b6-1aede65d08e9,gp_set_0004,gp_set_0004_vid_0003.MP4,gp_3613,18572,18586,train
784c8f6b-9a10-4add-9762-c2d1f887a3de,gp_set_0006,gp_set_0006_vid_0001.MP4,gp_2163,15629,15643,train
a4f7fe41-1ba3-4815-816b-183e3e8be48f,gp_set_0001,gp_set_0001_vid_0008.MP4,gp_964,7815,7829,train
37df83d3-b226-4b39-a59b-bc3bcab550ea,gp_set_0004,gp_set_0004_vid_0003.MP4,gp_2871,8606,8620,train
591c40ce-a4ea-46ce-890b-28d178f57204,gp_set_0003,gp_set_0003_vid_0001.MP4,gp_3490,1464,1478,test
3baefd2b-6652-4fb2-93e7-7ee0882c1086,gp_set_0003,gp_set_0003_vid_0002.MP4,gp_2592,14484,14498,test
d18e4548-7bf0-4e30-afe6-679dc4c031b3,gp_set_0004,gp_set_0004_vid_0003.MP4,gp_2704,6719,6733,train
f4d34ef1-26bd-43b8-8c7c-cf388e43689f,gp_set_0003,gp_set_0003_vid_0001.MP4,gp_3411,10207,10221,test
7aab0459-113a-457a-8934-2e88befe9cd6,gp_set_0003,gp_set_0003_vid_0004.MP4,gp_3460,17542,17556,test
975409ee-a86a-43f8-a1fa-0fd52c1bd068,gp_set_0001,gp_set_0001_vid_0006.MP4,gp_918,15121,15135,train
1eaff173-6422-45d4-a26b-d05e6e6457ac,gp_set_0004,gp_set_0004_vid_0003.MP4,gp_3085,11115,11129,train
ba3eee65-59f2-43dc-ba7b-825c7f5ca3a4,gp_set_0004,gp_set_0004_vid_0002.MP4,gp_3818,15459,15473,train
a8411fba-5164-43c9-b9e0-992735eeec7b,gp_set_0003,gp_set_0003_vid_0002.MP4,gp_2285,10067,10081,test
3fdc8518-c34c-404f-b67d-5f7ac7e571c2,gp_set_0002,gp_set_0002_vid_0002.MP4,gp_5055,8872,8886,train
cfe7494a-629c-4261-824f-d2247d60bdce,gp_set_0001,gp_set_0001_vid_0003.MP4,gp_45,4487,4501,train
7ed588e5-41c4-46fb-b3de-09dd979a60eb,gp_set_0003,gp_set_0003_vid_0002.MP4,gp_1911,4146,4160,test
aeb1a147-c2e0-4204-85f0-ef534a1112df,gp_set_0001,gp_set_0001_vid_0007.MP4,gp_1091,5372,5386,train
de0769ec-c8dd-49f4-9117-5dd3a13a23c6,gp_set_0008,gp_set_0008_vid_0005.MP4,gp_6171,4205,4219,test
842c1821-c879-4207-ac1c-0bf3d62cffd8,gp_set_0005,gp_set_0005_vid_0001.MP4,gp_1546,6753,6767,test
30c87f0e-071d-45e0-a7f8-aea60495ca79,gp_set_0001,gp_set_0001_vid_0007.MP4,gp_1627,21100,21114,train
38bd30bf-6433-48c9-af75-252043bd30aa,gp_set_0001,gp_set_0001_vid_0007.MP4,gp_1543,18933,18947,train
096295ba-97a3-4059-9d5e-b220558d8e60,gp_set_0001,gp_set_0001_vid_0007.MP4,gp_1638,21192,21206,train
fc52bd7c-085e-465e-9e76-e2280f04fc24,gp_set_0001,gp_set_0001_vid_0007.MP4,gp_1170,14245,14259,train
94b2ce02-01a3-4113-9c2a-efaab5fd03e6,gp_set_0001,gp_set_0001_vid_0007.MP4,gp_1234,11571,11585,train
ffd2f34d-47e4-4e24-a1bf-f432588122a1,gp_set_0003,gp_set_0003_vid_0002.MP4,gp_2126,8683,8697,test
481c732b-bf19-420e-a9ce-645460cb8c55,gp_set_0005,gp_set_0005_vid_0001.MP4,gp_1514,5774,5788,test
047f0753-9d0f-4085-955a-d80da3d469f7,gp_set_0001,gp_set_0001_vid_0001.MP4,gp_139,10119,10133,train
54318656-04fd-4d6e-9efa-aa37fbecd5b0,gp_set_0004,gp_set_0004_vid_0002.MP4,gp_3885,3983,3997,train
505724e4-35e3-4f99-b061-6fe4342752c7,gp_set_0001,gp_set_0001_vid_0002.MP4,gp_488,10355,10369,train
a42905a3-c478-41b0-8781-f2892f96eeb5,gp_set_0004,gp_set_0004_vid_0003.MP4,gp_3678,20344,20358,train
490862ca-c944-4c8d-a26f-551840b27efe,gp_set_0005,gp_set_0005_vid_0001.MP4,gp_1355,2578,2592,test
8e32cd34-3efb-463c-a517-f504a997021b,gp_set_0001,gp_set_0001_vid_0001.MP4,gp_216,12859,12873,train
3b587a5c-32e8-42d6-9000-2e778e448a88,gp_set_0003,gp_set_0003_vid_0002.MP4,gp_2721,15310,15324,test
c16b5baa-5679-483e-9319-b90a11be2d46,gp_set_0001,gp_set_0001_vid_0008.MP4,gp_1430,19732,19746,train
4f9c7e8e-aa12-45da-ae0b-2b55246c6cff,gp_set_0001,gp_set_0001_vid_0008.MP4,gp_873,4913,4927,train
a65da437-89c6-4f41-945b-413bd0164e24,gp_set_0006,gp_set_0006_vid_0001.MP4,gp_1850,4200,4214,train
56abe1bd-4b82-4b86-bfd8-015b8688b996,gp_set_0004,gp_set_0004_vid_0003.MP4,gp_3028,9400,9414,train
4702b31c-17ae-4717-8f45-cc121ce23c3b,gp_set_0001,gp_set_0001_vid_0008.MP4,gp_306,6429,6443,train
5a33accb-575b-49c0-8b62-752b0c6c11eb,gp_set_0001,gp_set_0001_vid_0007.MP4,gp_1180,14780,14794,train
d75a87d4-f694-4fe3-b11e-5f2a117bceff,gp_set_0006,gp_set_0006_vid_0001.MP4,gp_1964,8718,8732,train
e1158bd9-05ab-4e21-8b26-d965e1ea6f03,gp_set_0008,gp_set_0008_vid_0005.MP4,gp_6195,5097,5111,test
cfec4f44-2d19-4a13-924c-fcc97c9416ae,gp_set_0008,gp_set_0008_vid_0001.MP4,gp_6001,6688,6702,test
04171d68-853d-4d80-8220-676ae164f5e2,gp_set_0001,gp_set_0001_vid_0003.MP4,gp_542,14156,14170,train
e110715c-5204-4caa-9324-456b27735f82,gp_set_0001,gp_set_0001_vid_0007.MP4,gp_1224,10901,10915,train
6b6773c7-91bd-4d2e-9b91-449429a75e82,gp_set_0001,gp_set_0001_vid_0005.MP4,gp_465,2330,2344,train
7f9ca4d2-c3cd-41d0-aef7-6417cf5753d9,gp_set_0003,gp_set_0003_vid_0003.MP4,gp_2924,1127,1141,test
2f8f68f0-de26-4b32-a589-a2d60eb05258,gp_set_0001,gp_set_0001_vid_0005.MP4,gp_874,18599,18613,train
514c9f86-e409-4a9d-98c6-f90eca6bd050,gp_set_0004,gp_set_0004_vid_0005.MP4,gp_5723,5982,5996,train
5ea48b24-3203-4727-8204-87e88f21ef2c,gp_set_0004,gp_set_0004_vid_0005.MP4,gp_5709,10271,10285,train
34e38b6d-7708-4879-9d86-d66cf724bd0d,gp_set_0003,gp_set_0003_vid_0004.MP4,gp_3555,20115,20129,test
b9c13045-4bb6-42c4-aea3-f23a6583f3b4,gp_set_0001,gp_set_0001_vid_0001.MP4,gp_4,258,272,train
f5c47be9-502d-4d2a-a47f-5f4d01917d7d,gp_set_0006,gp_set_0006_vid_0001.MP4,gp_2026,11949,11963,train
c4c39df2-20fc-4c86-b38d-2c2d461f84c0,gp_set_0004,gp_set_0004_vid_0001.MP4,gp_3552,1795,1809,train
368660ef-fba0-46c0-a299-4a53b95d30ec,gp_set_0001,gp_set_0001_vid_0003.MP4,gp_140,6828,6842,train
51768d0c-8465-4b70-9fdf-8004eea2a7f9,gp_set_0003,gp_set_0003_vid_0002.MP4,gp_1893,3997,4011,test
e7321531-76e2-4f7f-9d82-f75494085b2b,gp_set_0001,gp_set_0001_vid_0008.MP4,gp_310,6468,6482,train
987ebc02-db23-4a00-b006-808f7e51c9b3,gp_set_0005,gp_set_0005_vid_0005.MP4,gp_5863,6812,6826,test
6b0f1f3c-cf22-45cc-92d1-c7dd5a1c95f4,gp_set_0004,gp_set_0004_vid_0002.MP4,gp_3974,9601,9615,train
32d824dd-3be0-4c4e-9c29-7e5878b569bb,gp_set_0003,gp_set_0003_vid_0003.MP4,gp_3133,13934,13948,test
3eca00c3-5f47-438c-9d2d-2b6319bc3dc9,gp_set_0003,gp_set_0003_vid_0002.MP4,gp_2807,19386,19400,test
e975e6bd-32d3-4728-9975-ee74c68b2f2f,gp_set_0004,gp_set_0004_vid_0002.MP4,gp_3886,4039,4053,train
ce353b93-5a61-4fc3-b3f7-1519f7d3c1d2,gp_set_0003,gp_set_0003_vid_0002.MP4,gp_2295,10013,10027,test
4a5e0e4a-2181-4ae1-92e7-8a20920c7e29,gp_set_0002,gp_set_0002_vid_0002.MP4,gp_4827,755,769,train
d4f54728-4ae4-42e5-99c5-aee38171bfdc,gp_set_0001,gp_set_0001_vid_0005.MP4,gp_647,13951,13965,train
d38353c1-be17-433a-9004-a4d459e99577,gp_set_0004,gp_set_0004_vid_0003.MP4,gp_2538,1070,1084,train
9178bf12-a138-461b-8c57-6dd662fd73a4,gp_set_0004,gp_set_0004_vid_0005.MP4,gp_5559,4088,4102,train
9c25539d-7f0d-4b40-b448-dd570622b363,gp_set_0008,gp_set_0008_vid_0001.MP4,gp_6016,7034,7048,test
6ded0ce1-561b-4273-aeb7-341261a8a856,gp_set_0001,gp_set_0001_vid_0005.MP4,gp_698,10428,10442,train
0709d15d-4d67-4edf-93be-c69261f87bd0,gp_set_0001,gp_set_0001_vid_0006.MP4,gp_990,18061,18075,train
b4feeecd-95f8-4037-9d34-040ee115333a,gp_set_0001,gp_set_0001_vid_0007.MP4,gp_1455,17648,17662,train
0210b781-c969-49bb-bdb4-be0caab0434a,gp_set_0004,gp_set_0004_vid_0003.MP4,gp_3377,14735,14749,train
cd70a506-9149-44a7-ab96-bc18e9c00b35,gp_set_0002,gp_set_0002_vid_0001.MP4,gp_4441,20071,20085,train
4cfe7955-ea62-4ac9-8549-deb053f14bdf,gp_set_0001,gp_set_0001_vid_0003.MP4,gp_440,11258,11272,train
ed22b5fd-de3a-4fdc-bb29-fbe9a87bef90,gp_set_0003,gp_set_0003_vid_0002.MP4,gp_2028,7143,7157,test
c196649d-61c2-40d9-830e-756768512bc6,gp_set_0002,gp_set_0002_vid_0001.MP4,gp_4347,17302,17316,train
f020f592-39ad-4244-81a0-ef9261991c0b,gp_set_0003,gp_set_0003_vid_0001.MP4,gp_3367,13453,13467,test
44fddbe7-6918-4292-8e4c-cea6e89d1487,gp_set_0001,gp_set_0001_vid_0001.MP4,gp_94,8419,8433,train
de4435d9-8581-4dee-8bf1-39a8a529f32c,gp_set_0001,gp_set_0001_vid_0002.MP4,gp_616,15912,15926,train
27677383-f817-4470-995d-ebddbe5b95f9,gp_set_0004,gp_set_0004_vid_0003.MP4,gp_2861,8501,8515,train
9b79df0a-886d-4b1c-8c7e-358cd633a914,gp_set_0001,gp_set_0001_vid_0002.MP4,gp_589,13942,13956,train
d17bd20c-b184-44d3-ac7e-d18125a3b151,gp_set_0004,gp_set_0004_vid_0003.MP4,gp_3425,15388,15402,train
1cae148e-e2db-4eff-a417-b2dd2ec549fd,gp_set_0001,gp_set_0001_vid_0008.MP4,gp_734,3329,3343,train
0da152f3-d688-482f-8485-27f34feb2a1f,gp_set_0002,gp_set_0002_vid_0001.MP4,gp_4390,17910,17924,train
de35315b-521e-4128-b331-ff1637ac06e4,gp_set_0008,gp_set_0008_vid_0005.MP4,gp_6162,3828,3842,test
1bb30ed4-34d4-442d-b5f4-267688ad993f,gp_set_0003,gp_set_0003_vid_0002.MP4,gp_2118,8638,8652,test
9c6ad993-1396-4782-93fc-757c60f20fbb,gp_set_0005,gp_set_0005_vid_0002.MP4,gp_4189,281,295,test
f4fe2ed3-269c-401a-a7f9-b48752cbf3d0,gp_set_0001,gp_set_0001_vid_0003.MP4,gp_119,6295,6309,train
16e4e1bf-9dad-4dbe-9cee-df4eeb2e371f,gp_set_0001,gp_set_0001_vid_0003.MP4,gp_239,9387,9401,train
d8481063-58e6-46c3-aaaf-13dc58223cff,gp_set_0008,gp_set_0008_vid_0005.MP4,gp_6065,2717,2731,test
1d54a9fe-cdda-46b0-bf64-595d2eb048e2,gp_set_0001,gp_set_0001_vid_0006.MP4,gp_1074,20532,20546,train
6d95b5cb-e21b-4bf5-a32c-f0c05ab1f20d,gp_set_0003,gp_set_0003_vid_0004.MP4,gp_3206,12586,12600,test
6abc75b4-172f-4a0e-a9cc-fc43a8641228,gp_set_0003,gp_set_0003_vid_0002.MP4,gp_2106,8526,8540,test
5b663426-afac-4318-b640-445b33e268af,gp_set_0001,gp_set_0001_vid_0005.MP4,gp_630,13410,13424,train
4129fc6b-1869-4d6d-88c3-cba5252084cc,gp_set_0004,gp_set_0004_vid_0002.MP4,gp_3706,20371,20385,train
3f028f56-7e51-466f-97be-99f1fcb0ec80,gp_set_0002,gp_set_0002_vid_0001.MP4,gp_4372,12552,12566,train
5674eded-4eb6-436d-893f-ed2c01ae62f0,gp_set_0001,gp_set_0001_vid_0008.MP4,gp_1364,17561,17575,train
b4036c16-e3ef-4f16-ab2b-736c7f0c28e7,gp_set_0003,gp_set_0003_vid_0004.MP4,gp_2714,4157,4171,test
92cb4b9f-1912-46b1-89a0-267a60d56fed,gp_set_0004,gp_set_0004_vid_0005.MP4,gp_5683,10422,10436,train
d23fb3fc-b9dd-4c6a-b296-7f55012c8030,gp_set_0005,gp_set_0005_vid_0001.MP4,gp_1437,4304,4318,test
eefd3995-4b59-4763-b568-09b4164d1b38,gp_set_0006,gp_set_0006_vid_0001.MP4,gp_2620,20986,21000,train
014943a2-e092-4478-8ddc-743d92187a25,gp_set_0005,gp_set_0005_vid_0005.MP4,gp_5860,6673,6687,test
80863f8f-9f22-44cd-82fd-136e24c9cd52,gp_set_0005,gp_set_0005_vid_0005.MP4,gp_5772,6291,6305,test
57886879-9a0d-4fb7-96e6-9284631a6ed3,gp_set_0005,gp_set_0005_vid_0001.MP4,gp_1426,4123,4137,test
d80257f8-5b5d-48c6-b08b-9e389ed65ca8,gp_set_0006,gp_set_0006_vid_0002.MP4,gp_4248,19498,19512,train
a02050c2-93bb-4f5f-ae4d-c546ec3a201c,gp_set_0001,gp_set_0001_vid_0007.MP4,gp_1231,11564,11578,train
156ca58d-52e7-4a25-bdcf-1530e8940e69,gp_set_0008,gp_set_0008_vid_0005.MP4,gp_6081,3214,3228,test
14325049-e1db-43a2-9812-2fef22c882b1,gp_set_0001,gp_set_0001_vid_0005.MP4,gp_393,11069,11083,train
364bce8c-e281-44d2-8d2c-6f36d6b08a8f,gp_set_0002,gp_set_0002_vid_0002.MP4,gp_4820,68,82,train
f4d92cc0-a5fa-4f88-8aa6-644fe49248c7,gp_set_0003,gp_set_0003_vid_0004.MP4,gp_3125,12068,12082,test
baaf754f-bf44-4f07-9fa7-6ee21e177d91,gp_set_0001,gp_set_0001_vid_0002.MP4,gp_472,10073,10087,train
4921bba8-bbb5-4260-a3d5-4dbb13cb024d,gp_set_0004,gp_set_0004_vid_0003.MP4,gp_2689,6461,6475,train
b5cba283-a162-41be-88f9-cf6e1af7c7b4,gp_set_0001,gp_set_0001_vid_0006.MP4,gp_1042,19496,19510,train
59cf9a84-eb35-4237-ad24-97c094c0b645,gp_set_0002,gp_set_0002_vid_0002.MP4,gp_5330,2358,2372,train
75ba7b73-bf0d-4570-84e1-c5518b3f2328,gp_set_0003,gp_set_0003_vid_0001.MP4,gp_3461,2312,2326,test
8bf02a46-ef9a-42c4-8ea3-0695b0e94ea0,gp_set_0003,gp_set_0003_vid_0002.MP4,gp_2205,9479,9493,test
d7a82c17-4bb2-424d-a501-9baf4c718bc9,gp_set_0006,gp_set_0006_vid_0001.MP4,gp_1881,4963,4977,train
e87592a3-6844-40b6-b8d9-dd6d41bdd480,gp_set_0005,gp_set_0005_vid_0001.MP4,gp_1559,6883,6897,test
994a44d1-a355-4a47-9dae-76183a7cbeef,gp_set_0001,gp_set_0001_vid_0006.MP4,gp_856,10304,10318,train
d722bdea-d3df-407e-80b3-265947a7e5c0,gp_set_0004,gp_set_0004_vid_0005.MP4,gp_5555,7341,7355,train
63867a03-2860-46c2-9883-aa179aa821c7,gp_set_0002,gp_set_0002_vid_0001.MP4,gp_4457,20565,20579,train
4708bcb1-96b4-477b-850d-85594964d0b0,gp_set_0004,gp_set_0004_vid_0005.MP4,gp_5765,6439,6453,train
01297661-c488-4b68-8bea-95b35073cbd4,gp_set_0003,gp_set_0003_vid_0003.MP4,gp_2884,478,492,test
208c7683-8497-497f-bcb2-b3b310dccf6f,gp_set_0003,gp_set_0003_vid_0002.MP4,gp_2753,15482,15496,test
5d18b63a-6381-4591-ad61-654179e677bf,gp_set_0001,gp_set_0001_vid_0003.MP4,gp_553,14431,14445,train
22e9ec20-3ba3-413f-8fcd-36651c94eecc,gp_set_0001,gp_set_0001_vid_0007.MP4,gp_1526,18508,18522,train
4b999936-a15a-448b-866d-dff42df1384e,gp_set_0005,gp_set_0005_vid_0005.MP4,gp_5840,7807,7821,test
dbde12eb-c37c-46f1-b2b7-e73a1ae09b83,gp_set_0001,gp_set_0001_vid_0008.MP4,gp_1107,10840,10854,train
ed41b830-167a-449f-ade8-584d5386dbc8,gp_set_0003,gp_set_0003_vid_0004.MP4,gp_3119,12012,12026,test
c0b5fd00-3413-4394-85ea-c10b3b67f547,gp_set_0004,gp_set_0004_vid_0003.MP4,gp_2617,5805,5819,train
cc378259-1092-4098-af35-2cbb240410c5,gp_set_0001,gp_set_0001_vid_0008.MP4,gp_1138,11569,11583,train
98dc44b3-6828-439e-879d-4781f3dbc197,gp_set_0002,gp_set_0002_vid_0002.MP4,gp_5381,5112,5126,train
908ef81a-3981-45cd-a27a-77aef0be2caa,gp_set_0003,gp_set_0003_vid_0004.MP4,gp_2948,10045,10059,test
d4b8ff8c-3111-4f66-979c-679ea2421843,gp_set_0004,gp_set_0004_vid_0002.MP4,gp_3756,18926,18940,train
0d9dae59-651e-4017-ae8c-8069fff788d7,gp_set_0001,gp_set_0001_vid_0001.MP4,gp_108,8508,8522,train
25f81826-fb8a-4146-9e5e-bc2ac994e0c0,gp_set_0002,gp_set_0002_vid_0002.MP4,gp_4857,2128,2142,train
5c013f51-916d-4a99-be41-7bd428d61f81,gp_set_0003,gp_set_0003_vid_0003.MP4,gp_3078,9823,9837,test
0c345706-af60-46fa-af51-9458cb8dc1d2,gp_set_0004,gp_set_0004_vid_0003.MP4,gp_3638,19056,19070,train
c876b4b5-4ecf-4edb-b4fd-22749f347a0c,gp_set_0001,gp_set_0001_vid_0007.MP4,gp_1633,21151,21165,train
d83fa792-bdbc-4a17-814f-fbc7762c73f1,gp_set_0003,gp_set_0003_vid_0003.MP4,gp_2963,2138,2152,test
5fdfaa4d-ac51-4414-97d7-ebdb4ddfc0b0,gp_set_0004,gp_set_0004_vid_0003.MP4,gp_3310,14062,14076,train
9952ed4d-208e-4f6d-8310-b15f9efc081e,gp_set_0003,gp_set_0003_vid_0003.MP4,gp_2986,3878,3892,test
0b75cc49-d1ab-45bd-9e9b-d320397c6b28,gp_set_0001,gp_set_0001_vid_0003.MP4,gp_433,11201,11215,train
63c2761c-7322-4f33-a9f0-db5f2452aedf,gp_set_0004,gp_set_0004_vid_0005.MP4,gp_5738,6136,6150,train
fe67072e-17a1-435f-aac1-0eaf2aed2f64,gp_set_0003,gp_set_0003_vid_0002.MP4,gp_1775,1422,1436,test
afb0fd34-55ed-423b-b667-428b903ed42f,gp_set_0001,gp_set_0001_vid_0001.MP4,gp_57,6815,6829,train
f2d19c39-52bb-4c5f-a180-44f53ff7fdee,gp_set_0003,gp_set_0003_vid_0002.MP4,gp_1977,6052,6066,test
c990b067-fff1-4011-9c25-dbc1b65cb5e7,gp_set_0004,gp_set_0004_vid_0002.MP4,gp_3998,12100,12114,train
c5b38515-ab6b-4ffb-954c-108d96ea6254,gp_set_0001,gp_set_0001_vid_0003.MP4,gp_586,15153,15167,train
1115d30d-e4c3-4dd0-92a7-35ebc246039b,gp_set_0001,gp_set_0001_vid_0008.MP4,gp_1451,20435,20449,train
813170cb-c6b4-4769-9a0c-4de38470dec2,gp_set_0001,gp_set_0001_vid_0001.MP4,gp_107,8483,8497,train
f02b46b3-de07-489a-879c-ccf973fb8c9f,gp_set_0001,gp_set_0001_vid_0008.MP4,gp_987,7866,7880,train
56bf4512-e546-4fbf-ba90-c8fe5956a1a9,gp_set_0008,gp_set_0008_vid_0005.MP4,gp_6121,7265,7279,test
fa60bcff-ddb6-4d3d-aade-c5781d917c0b,gp_set_0005,gp_set_0005_vid_0002.MP4,gp_4196,549,563,test
21edcab8-2d0e-4420-8115-c9ce0fc226b0,gp_set_0001,gp_set_0001_vid_0002.MP4,gp_548,12306,12320,train
9d2b1ea4-48d1-497c-888c-c497f421de41,gp_set_0002,gp_set_0002_vid_0001.MP4,gp_4400,18035,18049,train
0d8748d2-1e93-49a2-b16a-a00d8d4fd17f,gp_set_0003,gp_set_0003_vid_0002.MP4,gp_1788,1751,1765,test
16079209-dc20-46be-903f-d665a4f6a5fb,gp_set_0003,gp_set_0003_vid_0004.MP4,gp_3511,18819,18833,test
40dc5b65-8e21-4550-aaf6-1cbc39ea0532,gp_set_0004,gp_set_0004_vid_0003.MP4,gp_3600,18335,18349,train
c6d09a89-aba4-48de-9bd9-1dd3b8e791e0,gp_set_0004,gp_set_0004_vid_0003.MP4,gp_2774,7725,7739,train
8e1f438e-ae73-476d-b659-555ceedc2cfc,gp_set_0001,gp_set_0001_vid_0007.MP4,gp_1329,16374,16387,train
2bdf7b5c-d2c7-408f-a1ae-8bef0402e789,gp_set_0001,gp_set_0001_vid_0008.MP4,gp_888,5067,5081,train
c92ec457-6edf-4547-a90d-9abe4646f066,gp_set_0003,gp_set_0003_vid_0004.MP4,gp_3333,14174,14188,test
bc5f1250-ddf2-4d2e-9588-5eef9886ab9b,gp_set_0002,gp_set_0002_vid_0001.MP4,gp_4293,4536,4550,train
109c7a01-c0b0-467a-b77d-b56ae4497035,gp_set_0001,gp_set_0001_vid_0005.MP4,gp_912,20187,20201,train
824b8f8f-391f-49e2-bbf8-51edfc373ca5,gp_set_0001,gp_set_0001_vid_0008.MP4,gp_1332,15151,15165,train
1ed1c779-46cb-4b23-addb-81832eb095c9,gp_set_0005,gp_set_0005_vid_0005.MP4,gp_5788,6260,6274,test
29c6230b-a0ba-46a7-96a8-34dad7f8be83,gp_set_0003,gp_set_0003_vid_0004.MP4,gp_2824,6015,6029,test
ccca7033-73aa-44cd-bd54-f114afc89541,gp_set_0001,gp_set_0001_vid_0007.MP4,gp_1222,10797,10811,train
b9c780ec-2eb7-498c-b290-294124e31fc6,gp_set_0001,gp_set_0001_vid_0002.MP4,gp_590,13947,13961,train
731ab869-d637-4404-80fb-673c9a51e332,gp_set_0002,gp_set_0002_vid_0002.MP4,gp_5298,478,492,train
ef336eb6-6f7b-49fd-914a-c0374142a9e2,gp_set_0001,gp_set_0001_vid_0006.MP4,gp_959,16922,16936,train
042ba2a8-7515-4d70-972e-807ea851d727,gp_set_0001,gp_set_0001_vid_0007.MP4,gp_1533,18703,18717,train
d40b9fc8-a8b3-4113-99cd-77d417b5c3c8,gp_set_0001,gp_set_0001_vid_0007.MP4,gp_1168,14196,14210,train
a2cf7823-bdb0-4c23-b066-e86a7b8b9568,gp_set_0001,gp_set_0001_vid_0008.MP4,gp_1339,15475,15489,train
a3b6774c-9f60-4253-8eac-740e59243abb,gp_set_0001,gp_set_0001_vid_0001.MP4,gp_46,6576,6590,train
60998044-ce79-4fe4-8f12-31dccc142b5a,gp_set_0002,gp_set_0002_vid_0001.MP4,gp_4344,7417,7431,train
c971227b-fe9a-4c7e-8edc-faaf40323726,gp_set_0001,gp_set_0001_vid_0007.MP4,gp_1210,9085,9099,train
271661a6-108c-459e-9e27-56a5f7130b4e,gp_set_0001,gp_set_0001_vid_0001.MP4,gp_92,8300,8314,train
79eb91bf-a714-40af-8b7b-0b3f2de87d00,gp_set_0003,gp_set_0003_vid_0002.MP4,gp_2444,12472,12486,test
a8aae019-e2cf-4aee-ac23-78a215b4a861,gp_set_0005,gp_set_0005_vid_0001.MP4,gp_1701,18586,18600,test
422bd4f4-6c91-46db-9568-2ce5400d3d45,gp_set_0004,gp_set_0004_vid_0002.MP4,gp_3976,9698,9712,train
38aa7b3d-93aa-4c49-9c70-e71d5d12af10,gp_set_0003,gp_set_0003_vid_0002.MP4,gp_2557,13813,13827,test
da9abb44-804b-490a-b469-fa7962e30fe3,gp_set_0005,gp_set_0005_vid_0001.MP4,gp_1612,8705,8719,test
8c6c565e-c1fd-49d1-a0c2-145f39e1135e,gp_set_0002,gp_set_0002_vid_0002.MP4,gp_4853,1709,1723,train
510db375-4c19-4788-852f-11ec3524bb4d,gp_set_0004,gp_set_0004_vid_0003.MP4,gp_3550,17296,17310,train
9366ed0a-d835-4fd9-8382-4dc8416e9042,gp_set_0003,gp_set_0003_vid_0001.MP4,gp_3277,16988,17002,test
877d4153-2cd7-4152-8473-8655560cedd7,gp_set_0008,gp_set_0008_vid_0005.MP4,gp_6059,2649,2663,test
31c09e16-0324-4c5b-931d-2e3d52525b99,gp_set_0008,gp_set_0008_vid_0001.MP4,gp_5764,5922,5936,test
fa40a822-4af0-4c4e-a5b5-28366b360468,gp_set_0003,gp_set_0003_vid_0004.MP4,gp_3400,16142,16156,test
ee5695f8-1aff-4a87-bafd-c2430ec6b85f,gp_set_0001,gp_set_0001_vid_0003.MP4,gp_506,13160,13174,train
1c283ae2-519a-4e37-843e-e469f105064d,gp_set_0004,gp_set_0004_vid_0005.MP4,gp_5573,877,891,train
f45388fe-21cb-4051-b66c-1c4b5a85a485,gp_set_0001,gp_set_0001_vid_0003.MP4,gp_118,6305,6319,train
31c3db59-4890-49a1-bb33-030d90f0524d,gp_set_0001,gp_set_0001_vid_0003.MP4,gp_48,4439,4453,train
f046839a-360e-40a5-8559-41977e639e98,gp_set_0005,gp_set_0005_vid_0002.MP4,gp_4154,3724,3738,test
80f374dd-1a95-4a08-9ed5-f4fdee7e1240,gp_set_0004,gp_set_0004_vid_0003.MP4,gp_3418,15180,15194,train
924358b8-b37b-445b-ac6a-a1cc5df5cc98,gp_set_0005,gp_set_0005_vid_0005.MP4,gp_5780,6329,6343,test
02de5053-4f6d-4e77-90bc-e4e73dc282db,gp_set_0008,gp_set_0008_vid_0005.MP4,gp_6188,4881,4895,test
03c7d8a1-6709-414e-a39d-4875ca37c71f,gp_set_0001,gp_set_0001_vid_0003.MP4,gp_565,14837,14851,train
029c2adc-e5e7-4e14-8d88-23d96f8ec94a,gp_set_0001,gp_set_0001_vid_0006.MP4,gp_759,6955,6969,train
81b6a490-1457-4d06-8ca3-ce4e3c1d35d3,gp_set_0003,gp_set_0003_vid_0002.MP4,gp_1895,4039,4053,test
f5f812d4-612c-4b7a-b215-9717a7834bd7,gp_set_0006,gp_set_0006_vid_0001.MP4,gp_2019,11302,11316,train
4c4557d7-4543-4d24-8beb-2a1237be36c1,gp_set_0003,gp_set_0003_vid_0001.MP4,gp_3470,65,79,test
b5ac6676-cd7b-441c-ac25-ef1ca8da7bcd,gp_set_0004,gp_set_0004_vid_0005.MP4,gp_5633,1748,1762,train
7b25b937-6276-458c-9efa-1fe8e6c222d3,gp_set_0001,gp_set_0001_vid_0005.MP4,gp_498,3033,3047,train
8fc297e4-925a-4b38-9a80-c8f64c295db5,gp_set_0004,gp_set_0004_vid_0002.MP4,gp_3792,16925,16939,train
56218a53-f8cd-437f-87f5-6f0327c867d7,gp_set_0004,gp_set_0004_vid_0005.MP4,gp_5645,2074,2088,train
adf98b75-1a3f-438c-8bbf-6d48d33c8850,gp_set_0002,gp_set_0002_vid_0001.MP4,gp_4414,18476,18490,train
15603b13-edf4-4992-a52b-e09e5113385e,gp_set_0004,gp_set_0004_vid_0002.MP4,gp_3758,19051,19065,train
f7196df0-ebb1-4ee5-bdc9-39ddff333fd8,gp_set_0001,gp_set_0001_vid_0008.MP4,gp_377,7156,7170,train
bd8c9ecd-55ea-4dc4-9c3a-f6ba59e52724,gp_set_0005,gp_set_0005_vid_0001.MP4,gp_1397,3944,3958,test
3da1b743-9a62-4ee3-97a8-b5b4e7efa003,gp_set_0003,gp_set_0003_vid_0004.MP4,gp_2951,10133,10147,test
50493ff3-40e5-46fe-b0c3-79e0da4d558b,gp_set_0006,gp_set_0006_vid_0001.MP4,gp_1930,5856,5870,train
2361889f-1861-417f-85a9-3f3141d87660,gp_set_0001,gp_set_0001_vid_0007.MP4,gp_1381,16879,16893,train
4c5018dc-a8ea-425e-beab-9400ff66acfe,gp_set_0004,gp_set_0004_vid_0003.MP4,gp_3076,11074,11088,train
5b44b876-5ced-426c-81b3-b54f6ef54769,gp_set_0005,gp_set_0005_vid_0001.MP4,gp_1600,7786,7800,test
62930f53-8b00-48b2-a617-955bdbebe5d3,gp_set_0002,gp_set_0002_vid_0001.MP4,gp_4342,7378,7392,train
4e7d6cf1-8b41-40be-8ab4-3a625122acbf,gp_set_0003,gp_set_0003_vid_0002.MP4,gp_2711,15263,15277,test
536c389b-36cb-4eec-9bec-c8c92099b9c6,gp_set_0003,gp_set_0003_vid_0002.MP4,gp_2346,10875,10889,test
f2c18c40-5230-48f3-ad5d-7d88aa643f17,gp_set_0002,gp_set_0002_vid_0001.MP4,gp_4255,102,116,train
56d6f723-9124-4230-bb30-885db3d05587,gp_set_0004,gp_set_0004_vid_0002.MP4,gp_3795,17443,17457,train
67a36eac-0fe7-4d79-8074-40c4ca3a2d61,gp_set_0001,gp_set_0001_vid_0006.MP4,gp_969,17395,17409,train
31e2efa4-39f5-43eb-a82e-1ce7ee2c23ec,gp_set_0001,gp_set_0001_vid_0006.MP4,gp_862,10561,10575,train
6d3cefbd-ac86-4b5a-b99e-76604b83512a,gp_set_0001,gp_set_0001_vid_0005.MP4,gp_660,14040,14054,train
9d406a08-0d3f-4c38-8c35-edd61f17440d,gp_set_0001,gp_set_0001_vid_0008.MP4,gp_968,7861,7875,train
1a9322cc-b8d2-4b8a-a7fb-ed670aab084e,gp_set_0004,gp_set_0004_vid_0003.MP4,gp_2751,7800,7814,train
36f4cc55-5aee-4679-9248-d0333011c10c,gp_set_0003,gp_set_0003_vid_0002.MP4,gp_2410,11845,11859,test
ac64f6ea-2a15-468b-94d0-04973bbc1138,gp_set_0001,gp_set_0001_vid_0008.MP4,gp_1359,16931,16945,train
0684fe1b-2b00-4675-a3cf-a91a7a78022b,gp_set_0006,gp_set_0006_vid_0002.MP4,gp_4289,15966,15980,train
f29f7c97-5cfb-40ac-bb08-398603213e47,gp_set_0005,gp_set_0005_vid_0005.MP4,gp_5859,8271,8285,test
8d96d336-9bdb-4100-be7b-46d3be3cc10b,gp_set_0004,gp_set_0004_vid_0005.MP4,gp_5700,10907,10921,train
2eb6c352-1bac-40f7-ba3d-b62f7e2e96f4,gp_set_0004,gp_set_0004_vid_0003.MP4,gp_3645,19140,19154,train
db7e19aa-821c-4182-8b58-a5c0e342bf8a,gp_set_0001,gp_set_0001_vid_0005.MP4,gp_850,18275,18289,train
dc7b9073-994b-483e-b0f4-84dce70a9427,gp_set_0005,gp_set_0005_vid_0001.MP4,gp_1538,6434,6448,test
033b6ebe-107b-468b-af69-3348d1715419,gp_set_0008,gp_set_0008_vid_0005.MP4,gp_6074,3197,3211,test
db1940e2-6173-4fe5-8628-3c1549eb5ff4,gp_set_0005,gp_set_0005_vid_0005.MP4,gp_5881,7965,7979,test
0a410b59-62d4-42af-b04a-b787915ee0d2,gp_set_0002,gp_set_0002_vid_0001.MP4,gp_4463,16421,16435,train
1c55c25d-0332-4b27-8b90-02c3e820745b,gp_set_0004,gp_set_0004_vid_0002.MP4,gp_3772,19548,19562,train
bc50ddf4-c5cc-4dc3-8ed1-63fa03fa7b18,gp_set_0002,gp_set_0002_vid_0001.MP4,gp_4352,17385,17399,train
e78a24cd-14e8-437e-a7c3-a06ce5166dfe,gp_set_0001,gp_set_0001_vid_0006.MP4,gp_1053,19780,19794,train
d7519ed8-32e1-40a8-a95e-69c1b0768cf8,gp_set_0002,gp_set_0002_vid_0001.MP4,gp_4320,3338,3352,train
9549fcc2-f143-466e-ab85-d7573ffa37fa,gp_set_0002,gp_set_0002_vid_0001.MP4,gp_4397,15461,15475,train
4a7c428b-6fd1-4e3d-bc07-74623004beb8,gp_set_0005,gp_set_0005_vid_0001.MP4,gp_1588,7451,7465,test
8a77860c-2572-4906-b27e-c34d6031aa33,gp_set_0004,gp_set_0004_vid_0005.MP4,gp_5732,11027,11041,train
0558703c-a946-44f2-9e98-0a73a3a40aa4,gp_set_0001,gp_set_0001_vid_0008.MP4,gp_334,6970,6984,train
aae5afb2-02c1-457b-bcc5-09e1d4c2498e,gp_set_0001,gp_set_0001_vid_0008.MP4,gp_986,7825,7839,train
a05ef0c3-f91a-473d-8eaf-ea0149d01c54,gp_set_0008,gp_set_0008_vid_0005.MP4,gp_6114,6365,6379,test
d4d135e2-e748-49df-866e-7dab2cc028ac,gp_set_0003,gp_set_0003_vid_0002.MP4,gp_2326,10513,10527,test
0a1497fe-f588-4787-b2b0-075955a5af64,gp_set_0004,gp_set_0004_vid_0003.MP4,gp_2582,5359,5373,train
6b136465-0479-4c7e-aeb5-523249547279,gp_set_0003,gp_set_0003_vid_0002.MP4,gp_1952,5732,5746,test
44039639-016f-45a3-b9c8-a20908c3697d,gp_set_0004,gp_set_0004_vid_0003.MP4,gp_3616,18572,18586,train
d29f8e5f-fa2a-4fed-bf3f-33bc783b031e,gp_set_0002,gp_set_0002_vid_0002.MP4,gp_4983,7446,7460,train
466de4d6-9899-4e0d-86a3-1234fe62286d,gp_set_0004,gp_set_0004_vid_0003.MP4,gp_3254,13668,13682,train
41790048-2391-4455-837b-930c68d3d1c7,gp_set_0004,gp_set_0004_vid_0003.MP4,gp_2583,5372,5386,train
f283e2a6-e910-46c4-9281-15f3de6b423c,gp_set_0001,gp_set_0001_vid_0003.MP4,gp_199,8593,8607,train
83020a08-2cf3-42bf-8dd7-7a2ebfff4f2f,gp_set_0003,gp_set_0003_vid_0002.MP4,gp_2575,14298,14312,test
2b5d2c58-dfc4-43e0-a24b-18a3706a9f22,gp_set_0003,gp_set_0003_vid_0002.MP4,gp_2075,7931,7945,test
60d64253-45e4-4c24-b8dc-85137eb3de09,gp_set_0001,gp_set_0001_vid_0003.MP4,gp_523,13375,13389,train
78f9623f-fae1-47e5-b46a-a2fdaa8e70c6,gp_set_0003,gp_set_0003_vid_0002.MP4,gp_2065,7811,7825,test
fb55800e-3859-480d-b52c-a69c1d7d9be9,gp_set_0004,gp_set_0004_vid_0001.MP4,gp_3540,3835,3849,train
537a35ef-4f20-4f5b-986a-9238c0ace2ff,gp_set_0008,gp_set_0008_vid_0001.MP4,gp_5996,6651,6665,test
de6fdf69-77a6-4591-8b84-879db0c388e6,gp_set_0002,gp_set_0002_vid_0001.MP4,gp_4301,5285,5299,train
9d79dea5-8ad4-4489-8788-e70de015bf53,gp_set_0001,gp_set_0001_vid_0006.MP4,gp_1025,19110,19124,train
a724119d-b262-4363-b021-aad75e4628fe,gp_set_0003,gp_set_0003_vid_0002.MP4,gp_2209,9483,9497,test
50aaa275-2e56-4ccb-99ff-b9b49b468b59,gp_set_0001,gp_set_0001_vid_0005.MP4,gp_929,20449,20463,train
7c207072-d6e9-450a-9a05-b200b43ee394,gp_set_0003,gp_set_0003_vid_0003.MP4,gp_3138,14175,14189,test
1dd0391c-b80e-4ec5-b450-5f0f6d541369,gp_set_0001,gp_set_0001_vid_0005.MP4,gp_772,17740,17754,train
1ebfab3f-ffe6-4d7f-bb8a-58e5165621b5,gp_set_0001,gp_set_0001_vid_0001.MP4,gp_87,8225,8239,train
d1c5f293-3a65-4305-9b7b-6909a88fb676,gp_set_0003,gp_set_0003_vid_0002.MP4,gp_2559,13819,13833,test
207d6713-ee99-4914-925d-6ea617b8432a,gp_set_0004,gp_set_0004_vid_0001.MP4,gp_3601,3577,3591,train
3e092ae1-354b-42f7-a06d-84b6e4efa0de,gp_set_0005,gp_set_0005_vid_0005.MP4,gp_5771,6271,6285,test
8f0bfb59-c316-4bff-9b88-0215832a574b,gp_set_0008,gp_set_0008_vid_0001.MP4,gp_5990,6619,6633,test
aa4067c8-45e8-4e0f-9e8c-1b951c3a8f45,gp_set_0008,gp_set_0008_vid_0005.MP4,gp_6072,3189,3203,test
c8395cb5-d2b0-440d-8aa3-d60018a3150c,gp_set_0003,gp_set_0003_vid_0002.MP4,gp_2357,10967,10981,test
b51ed33a-d8af-40a6-8f06-bb991bc9f04e,gp_set_0004,gp_set_0004_vid_0005.MP4,gp_5595,831,845,train
ce03c63f-cddb-4314-aa2e-2059f4d60d08,gp_set_0006,gp_set_0006_vid_0001.MP4,gp_1764,1597,1611,train
45d137fe-8e81-4e61-9506-8927a8a3db28,gp_set_0001,gp_set_0001_vid_0005.MP4,gp_635,13608,13622,train
88b6c470-6412-4d25-bc9f-059ff1ad852a,gp_set_0004,gp_set_0004_vid_0002.MP4,gp_3735,18167,18181,train
e0be81fc-8e04-4411-ac2c-c99ba4a06455,gp_set_0001,gp_set_0001_vid_0006.MP4,gp_903,14633,14647,train
0bb89262-f567-44f4-8771-ea39e05a66c2,gp_set_0001,gp_set_0001_vid_0007.MP4,gp_1605,20867,20881,train
35c4ab53-c147-4037-8f2e-d09cf457ddc0,gp_set_0001,gp_set_0001_vid_0005.MP4,gp_843,18210,18224,train
a87a7340-b94a-4901-989f-9b2275c6c002,gp_set_0001,gp_set_0001_vid_0005.MP4,gp_723,14789,14803,train
2e538470-5c4b-4f22-8d8e-7205755bf1ac,gp_set_0001,gp_set_0001_vid_0002.MP4,gp_447,5444,5458,train
6a274795-9a2a-4a72-91c5-b1bdacc50da7,gp_set_0003,gp_set_0003_vid_0002.MP4,gp_2800,19401,19415,test
0c0db2c5-9fa2-4f35-b320-71c8af3d1523,gp_set_0003,gp_set_0003_vid_0004.MP4,gp_3439,16893,16907,test
6864b960-1732-481c-8442-94f0aa64c3d8,gp_set_0001,gp_set_0001_vid_0002.MP4,gp_415,1828,1842,train
4dd50daf-ecb5-4db1-8aa6-f91c3a580caf,gp_set_0003,gp_set_0003_vid_0004.MP4,gp_2664,732,746,test
225027c5-30ea-4137-82dd-bd1f7d0773aa,gp_set_0001,gp_set_0001_vid_0005.MP4,gp_683,9623,9637,train
0c5f81f6-4049-4935-8d00-87becda5270b,gp_set_0003,gp_set_0003_vid_0002.MP4,gp_1753,427,441,test
52dcb2c7-fd2a-4772-b3ce-3ced746baf1a,gp_set_0003,gp_set_0003_vid_0004.MP4,gp_3172,12458,12472,test
791845aa-1883-4cf2-84c9-7ee31471416a,gp_set_0001,gp_set_0001_vid_0002.MP4,gp_571,12995,13009,train
88fbc1b6-2c4a-4889-92e8-679028c1ad3a,gp_set_0001,gp_set_0001_vid_0002.MP4,gp_5487,289,303,train
9759493c-af10-4cb1-bcdc-118e26a69e08,gp_set_0004,gp_set_0004_vid_0002.MP4,gp_3729,18023,18037,train
b9152004-35ee-4ab4-819d-04ad8aa2bc36,gp_set_0003,gp_set_0003_vid_0002.MP4,gp_2372,11086,11100,test
5608c520-80fc-4ec8-958c-d76ad313ec27,gp_set_0004,gp_set_0004_vid_0003.MP4,gp_3533,16357,16371,train
84a7d3c6-f082-4f15-bcf0-eacf7724787f,gp_set_0002,gp_set_0002_vid_0001.MP4,gp_4242,16172,16186,train
4df372f2-4b96-43cd-9406-74f23e624cdf,gp_set_0003,gp_set_0003_vid_0004.MP4,gp_3610,21164,21178,test
184e2858-dfb0-4a35-972a-e3342c5d0ab4,gp_set_0004,gp_set_0004_vid_0003.MP4,gp_3556,17312,17326,train
82caf33b-348b-473f-b222-3e47802ccc75,gp_set_0003,gp_set_0003_vid_0004.MP4,gp_2718,4368,4382,test
d0e1db1f-b088-4abb-b32e-07964f906b85,gp_set_0003,gp_set_0003_vid_0002.MP4,gp_2241,9635,9649,test
b7868b0e-d7b7-4251-b92b-25688b0b114d,gp_set_0004,gp_set_0004_vid_0003.MP4,gp_2743,7483,7497,train
0694128c-ca65-4235-a772-58270084724e,gp_set_0003,gp_set_0003_vid_0004.MP4,gp_3497,18178,18192,test
f9b4e738-c07b-4960-b889-00c1a3aad13a,gp_set_0004,gp_set_0004_vid_0005.MP4,gp_5590,7906,7920,train
2b677312-b9d9-42ae-af4a-10d688a62528,gp_set_0003,gp_set_0003_vid_0004.MP4,gp_2939,9975,9989,test
654c0982-1917-4e4b-96a3-fe81fb58ee7c,gp_set_0003,gp_set_0003_vid_0002.MP4,gp_2351,10935,10949,test
15112bd8-4785-4d3f-82ab-d3d606ac347f,gp_set_0006,gp_set_0006_vid_0002.MP4,gp_4228,2045,2059,train
c05393f6-fb1e-4e5d-be38-6501d06d3677,gp_set_0004,gp_set_0004_vid_0003.MP4,gp_2762,7641,7655,train
fd51bb4d-e198-434f-bfa2-516109e2eb9c,gp_set_0001,gp_set_0001_vid_0005.MP4,gp_612,9069,9083,train
73bc9b19-0ae5-47f3-819b-bda4868fad0e,gp_set_0001,gp_set_0001_vid_0007.MP4,gp_1086,5372,5386,train
64012b80-2f20-4a92-ac72-39dab85d1fb6,gp_set_0004,gp_set_0004_vid_0005.MP4,gp_5608,9042,9056,train
19d05650-5944-47ad-bcea-1357526b9446,gp_set_0003,gp_set_0003_vid_0004.MP4,gp_3223,12714,12728,test
769e3cca-7451-4b22-ac83-0e2d6e4f17ec,gp_set_0003,gp_set_0003_vid_0001.MP4,gp_3473,88,102,test
9195979e-cd0f-4d93-872c-22b6927d478a,gp_set_0001,gp_set_0001_vid_0006.MP4,gp_1013,18926,18940,train
bf3b49d9-2da7-472d-a7f4-bf8812f0003f,gp_set_0004,gp_set_0004_vid_0003.MP4,gp_3395,14838,14852,train
8a07de51-dae8-457a-8c7c-b1b1096d5602,gp_set_0002,gp_set_0002_vid_0001.MP4,gp_4367,12113,12127,train
214cbd44-7c3d-40df-aa0b-ee9de6711944,gp_set_0003,gp_set_0003_vid_0002.MP4,gp_2647,14793,14807,test
bf9bafe0-4ee9-46f3-9ad5-388a5481c58a,gp_set_0004,gp_set_0004_vid_0003.MP4,gp_3595,18328,18342,train
c28d6dd8-f3b5-4f3d-8319-d15a6461309e,gp_set_0004,gp_set_0004_vid_0003.MP4,gp_3691,20945,20959,train
2482bbec-e4b7-4cde-972e-19ab0842e6f3,gp_set_0003,gp_set_0003_vid_0002.MP4,gp_2056,7719,7733,test
ae6c02e9-4b1b-42a4-9369-7e3f0558762f,gp_set_0004,gp_set_0004_vid_0003.MP4,gp_2622,5786,5800,train
0fa05dc6-de98-4965-b429-fc29b9749a4d,gp_set_0005,gp_set_0005_vid_0005.MP4,gp_5826,7447,7461,test
af61f358-814e-4c00-aa92-4365a7808ce5,gp_set_0003,gp_set_0003_vid_0002.MP4,gp_2370,11070,11084,test
a8528ce6-a88d-4ebc-92bd-67ac94743e5d,gp_set_0002,gp_set_0002_vid_0001.MP4,gp_4278,2171,2185,train
32ac4530-dbb0-4b2b-ba30-c3efbfbe3aae,gp_set_0001,gp_set_0001_vid_0006.MP4,gp_1068,20366,20380,train
7e6c8942-dcaf-4526-a896-7600f8c59eab,gp_set_0008,gp_set_0008_vid_0001.MP4,gp_5977,6571,6585,test
5d93bb16-5937-43f4-8c0f-4526b7c0c0d8,gp_set_0005,gp_set_0005_vid_0002.MP4,gp_4164,4808,4822,test
6ca19957-06e7-43db-98ac-2828d0a0c02a,gp_set_0005,gp_set_0005_vid_0001.MP4,gp_1344,2346,2360,test
f16c4a8b-2f86-406e-9c59-02c814c730c4,gp_set_0007,gp_set_0007_vid_0004.MP4,gp_6600,12550,12564,train
c8912387-7312-47e8-9b4e-c5f017d9ff45,gp_set_0003,gp_set_0003_vid_0002.MP4,gp_1772,1379,1393,test
a2c6ce83-9082-4644-936d-47a72fe2755b,gp_set_0008,gp_set_0008_vid_0001.MP4,gp_5973,6475,6489,test
32fb0db1-f388-47e7-9294-fa17fc1d162c,gp_set_0002,gp_set_0002_vid_0001.MP4,gp_4283,3294,3308,train
0d72b814-ea3a-4192-9859-c332fd9ffdf2,gp_set_0005,gp_set_0005_vid_0002.MP4,gp_4187,190,204,test
faad8c25-0f0f-477a-8f68-de13218b4dc2,gp_set_0005,gp_set_0005_vid_0001.MP4,gp_1608,8152,8166,test
13bcfcb9-d5fb-4acc-a39c-e6467c2a44a0,gp_set_0003,gp_set_0003_vid_0003.MP4,gp_3080,9991,10005,test
701d5e85-c7e1-4cb5-a42b-9b1244006475,gp_set_0002,gp_set_0002_vid_0002.MP4,gp_4864,2353,2367,train
d484c4e9-190c-4959-9ec4-21fd1ffe788c,gp_set_0003,gp_set_0003_vid_0002.MP4,gp_1793,1838,1852,test
0c1ea912-4b1e-43d7-8d86-303a9c955a95,gp_set_0002,gp_set_0002_vid_0002.MP4,gp_4970,9152,9166,train
7a2d2afb-44c8-47a9-b3f1-c5cd0522803b,gp_set_0002,gp_set_0002_vid_0002.MP4,gp_4863,2348,2362,train
d06efaec-b7b0-49c7-bb94-6d682272b45f,gp_set_0001,gp_set_0001_vid_0006.MP4,gp_908,14821,14835,train
8c03773e-aabb-42fe-9798-6ae385493713,gp_set_0004,gp_set_0004_vid_0005.MP4,gp_5717,10440,10454,train
b6a4d6ac-91f5-4bc4-b5ca-de777aaab7f7,gp_set_0001,gp_set_0001_vid_0007.MP4,gp_1553,19360,19374,train
a9d3361c-a073-4684-9ab6-22656b4c5400,gp_set_0003,gp_set_0003_vid_0002.MP4,gp_2716,15253,15267,test
e910f08d-ad61-4acf-9a0c-c85c84c4093d,gp_set_0003,gp_set_0003_vid_0004.MP4,gp_3301,13602,13616,test
7819a19d-e217-494d-b5a2-cb215792b843,gp_set_0006,gp_set_0006_vid_0001.MP4,gp_2610,20558,20572,train
92ad672b-96e1-4540-9f89-a7649f496c1c,gp_set_0001,gp_set_0001_vid_0001.MP4,gp_6,217,231,train
18f98cc4-5842-4758-bcbb-ea46bca255cf,gp_set_0006,gp_set_0006_vid_0001.MP4,gp_1746,1266,1280,train
7ccf7cc4-2824-445b-a5ed-80c69f6cc528,gp_set_0001,gp_set_0001_vid_0007.MP4,gp_1349,16573,16587,train
9c55e1cc-8545-43ca-a52a-52e07a3362ef,gp_set_0001,gp_set_0001_vid_0006.MP4,gp_689,5268,5282,train
49e46ff9-eb96-4f34-a191-8587b2084a1e,gp_set_0001,gp_set_0001_vid_0005.MP4,gp_481,2663,2677,train
b1982daa-8a63-4222-b511-445bd75510f8,gp_set_0001,gp_set_0001_vid_0008.MP4,gp_316,6580,6594,train
bedce5e5-5a3f-4636-a2fb-a04a7a4e050b,gp_set_0004,gp_set_0004_vid_0002.MP4,gp_3723,1186,1200,train
06d10e46-dcb2-472d-b9d0-d48ceee4ef0a,gp_set_0004,gp_set_0004_vid_0005.MP4,gp_5637,9524,9538,train
2189a7a1-93fa-4fd7-a561-04b01883aa6a,gp_set_0001,gp_set_0001_vid_0008.MP4,gp_885,5021,5035,train
02b2cdab-9319-46d7-9dc0-e2af435ea466,gp_set_0002,gp_set_0002_vid_0002.MP4,gp_4942,5073,5087,train
54013727-786a-4875-8539-aa04d61b5a20,gp_set_0002,gp_set_0002_vid_0005.MP4,gp_3789,7507,7521,train
5ed7b5ce-ef50-4f02-a566-c349b9adbbed,gp_set_0004,gp_set_0004_vid_0002.MP4,gp_3862,2970,2984,train
09e9280d-214b-49eb-b81c-f829846e3281,gp_set_0003,gp_set_0003_vid_0002.MP4,gp_2367,11020,11034,test
852c883e-90ac-4bff-ba9c-09a40af45372,gp_set_0002,gp_set_0002_vid_0001.MP4,gp_4452,21192,21206,train
c8c6f6f2-4a36-447d-ad78-4836e8cad8f5,gp_set_0001,gp_set_0001_vid_0008.MP4,gp_949,7591,7605,train
8de8d606-4132-4ad3-a1b6-e9bcbb6b9367,gp_set_0001,gp_set_0001_vid_0007.MP4,gp_1256,15575,15589,train
d81fdde3-430c-4fd7-90a5-47bc366ba384,gp_set_0001,gp_set_0001_vid_0003.MP4,gp_247,10076,10090,train
0e87d9ac-329e-432c-b49e-7f33d5e8f525,gp_set_0001,gp_set_0001_vid_0003.MP4,gp_220,8876,8890,train
fe457473-a204-4f36-95cc-1c3906e24973,gp_set_0004,gp_set_0004_vid_0002.MP4,gp_3830,12719,12733,train
7dea2044-f472-45fb-8092-dbab29a9d97f,gp_set_0008,gp_set_0008_vid_0005.MP4,gp_6130,7423,7437,test
9a8eb5b4-0284-43d9-a7cd-e26ff89f3d92,gp_set_0004,gp_set_0004_vid_0002.MP4,gp_3991,11519,11533,train
945d6c9d-cf21-459e-8c10-ae3b48d17ba1,gp_set_0003,gp_set_0003_vid_0002.MP4,gp_1883,3803,3817,test
63ab5b08-c05f-4979-8162-e6e00efa26b8,gp_set_0001,gp_set_0001_vid_0007.MP4,gp_998,1203,1217,train
08353b04-cc6a-4cf5-9e62-07110c0bae47,gp_set_0001,gp_set_0001_vid_0007.MP4,gp_1247,15352,15366,train
57553286-b83b-43d9-93a7-0ecb3ccae0bd,gp_set_0008,gp_set_0008_vid_0005.MP4,gp_6178,4470,4484,test
d6894448-2470-4aae-b67f-5664bce01b02,gp_set_0005,gp_set_0005_vid_0005.MP4,gp_5801,6394,6408,test
c5b652be-c6eb-47e4-b8c8-6d653701503d,gp_set_0003,gp_set_0003_vid_0003.MP4,gp_2838,138,152,test
a1102195-e86a-494a-ae38-d6280eb11fe5,gp_set_0003,gp_set_0003_vid_0002.MP4,gp_1872,3577,3591,test
b0eea9ec-cc26-4a0e-bb0e-4afb0fc0eb9a,gp_set_0001,gp_set_0001_vid_0007.MP4,gp_1200,6529,6543,train
24f46c78-0375-42ea-945d-b75c37be5495,gp_set_0003,gp_set_0003_vid_0002.MP4,gp_1737,104,118,test
6858b2ac-df92-491a-95e8-5e2f3f631be1,gp_set_0008,gp_set_0008_vid_0004.MP4,gp_6524,10173,10187,test
b8a0d30d-7e6b-4832-ac4f-437f3191cefc,gp_set_0003,gp_set_0003_vid_0004.MP4,gp_2941,9970,9984,test
ec52ed9b-5c74-45ed-bc42-734b3c925607,gp_set_0003,gp_set_0003_vid_0003.MP4,gp_3044,8450,8464,test
6f17e69f-1e55-4ff5-bdeb-13f2d2387345,gp_set_0001,gp_set_0001_vid_0007.MP4,gp_1283,16003,16017,train
53072226-97f6-4057-9d65-430b68ac0aab,gp_set_0001,gp_set_0001_vid_0003.MP4,gp_521,13329,13343,train
c83e5570-19c8-4275-a25c-b7bebaedd4a9,gp_set_0003,gp_set_0003_vid_0001.MP4,gp_3405,9906,9920,test
157aa48d-b665-4d85-a6d4-283fc911cd56,gp_set_0004,gp_set_0004_vid_0001.MP4,gp_3562,2033,2047,train
5f1b5580-7b58-4778-a193-3701bcdd1127,gp_set_0001,gp_set_0001_vid_0006.MP4,gp_656,1250,1264,train
c114cc57-70ac-4782-bd16-954b2ef3fc36,gp_set_0003,gp_set_0003_vid_0002.MP4,gp_2780,16466,16480,test
f8ad0669-fb6d-411e-99da-06ded39730fd,gp_set_0005,gp_set_0005_vid_0005.MP4,gp_5797,6354,6368,test
16080498-f785-4dc9-9fed-cac5d07a3a12,gp_set_0001,gp_set_0001_vid_0008.MP4,gp_277,6099,6113,train
141edb36-05f0-4ebd-b3e2-f6f5f5294dc8,gp_set_0001,gp_set_0001_vid_0007.MP4,gp_1356,16685,16699,train
022ed309-5966-440d-9fbc-03ea2dfa41ca,gp_set_0003,gp_set_0003_vid_0002.MP4,gp_2722,15297,15311,test
ea9782e7-6a92-4e65-8999-667a09cc8961,gp_set_0001,gp_set_0001_vid_0007.MP4,gp_1149,13563,13577,train
a2d87273-7820-4518-b8e1-524db20f933d,gp_set_0002,gp_set_0002_vid_0002.MP4,gp_4835,1075,1089,train
2fc5f0bc-6ce8-42f9-a3c6-2a374f285f17,gp_set_0001,gp_set_0001_vid_0006.MP4,gp_758,6909,6923,train
021fb620-a7fc-4a97-8d2e-7b8e4c9f1d86,gp_set_0003,gp_set_0003_vid_0002.MP4,gp_2177,9169,9183,test
fe29bc21-4b64-4e91-836a-737f7ef62440,gp_set_0002,gp_set_0002_vid_0001.MP4,gp_4377,12783,12797,train
6b64cfad-0516-4d0e-a530-34633d9964a9,gp_set_0001,gp_set_0001_vid_0005.MP4,gp_780,17722,17736,train
33130127-041c-4788-ba35-199413b73ab8,gp_set_0003,gp_set_0003_vid_0004.MP4,gp_3261,13313,13327,test
3f18965b-701c-47df-806c-04d0ca45309f,gp_set_0006,gp_set_0006_vid_0001.MP4,gp_1646,118,132,train
8577d7a5-031b-4612-9369-bfdca7a284ba,gp_set_0001,gp_set_0001_vid_0007.MP4,gp_1097,5569,5583,train
81b09faa-39d3-4276-885c-9f3646054f49,gp_set_0001,gp_set_0001_vid_0008.MP4,gp_1244,12529,12543,train
3810fc58-ce96-498e-a2d5-88452d15022a,gp_set_0001,gp_set_0001_vid_0005.MP4,gp_915,20225,20239,train
ad32d857-3b3a-434d-a51a-9b43cb587636,gp_set_0003,gp_set_0003_vid_0002.MP4,gp_1994,6336,6350,test
c24f8cff-51ed-42db-9cbc-6166663ad7db,gp_set_0008,gp_set_0008_vid_0005.MP4,gp_6168,4136,4150,test
361e3969-8546-41ae-8a35-e616ab3d6605,gp_set_0008,gp_set_0008_vid_0001.MP4,gp_5913,9528,9542,test
8b817103-6963-46b3-82de-2ab2f1b45d5a,gp_set_0004,gp_set_0004_vid_0002.MP4,gp_3887,4182,4196,train
8f620eb5-1475-4559-86b2-8d83d69f3f71,gp_set_0005,gp_set_0005_vid_0001.MP4,gp_1589,7500,7514,test
fa40cb65-23f3-4209-8cb8-a8babec08dc0,gp_set_0001,gp_set_0001_vid_0003.MP4,gp_35,3390,3404,train
2256f99d-23e7-45cf-9280-03de3ba06028,gp_set_0002,gp_set_0002_vid_0001.MP4,gp_4324,3788,3802,train
77c4a59e-2b99-429f-8595-3b5452db9ed8,gp_set_0002,gp_set_0002_vid_0002.MP4,gp_4866,2358,2372,train
be950973-1bdc-4a90-8ee4-f355b88bc544,gp_set_0001,gp_set_0001_vid_0007.MP4,gp_1237,11564,11578,train
09e374dd-1271-4f30-83e6-d956fcd740b8,gp_set_0006,gp_set_0006_vid_0001.MP4,gp_1776,1844,1858,train
24147d84-3b13-4690-a7ef-c2da3740a96f,gp_set_0004,gp_set_0004_vid_0002.MP4,gp_3836,2303,2317,train
4e0238e4-ccaa-44dd-bb4c-6d8175951b7b,gp_set_0002,gp_set_0002_vid_0001.MP4,gp_4371,12458,12472,train
21e6e907-8d33-42c0-aa2b-e1e31c2c93cd,gp_set_0001,gp_set_0001_vid_0005.MP4,gp_359,11541,11555,train
ca9be8eb-3a1f-465b-81c6-807ea0cac839,gp_set_0003,gp_set_0003_vid_0004.MP4,gp_2988,10356,10370,test
01a348f2-b472-4780-9c59-eea8f5fe2304,gp_set_0008,gp_set_0008_vid_0001.MP4,gp_5951,10258,10272,test
f30bdbe0-9c6e-465d-9fed-f052c151c2d3,gp_set_0001,gp_set_0001_vid_0008.MP4,gp_1084,9480,9494,train
9d1a527d-51d4-45e3-b334-7e11f1c67987,gp_set_0001,gp_set_0001_vid_0007.MP4,gp_1433,17441,17455,train
54ca108c-fdda-42a0-8b68-c7d2c810a78c,gp_set_0001,gp_set_0001_vid_0005.MP4,gp_527,3521,3535,train
0f2ec412-8034-46e8-b6e7-b48ab16bff10,gp_set_0003,gp_set_0003_vid_0002.MP4,gp_2063,7793,7807,test
ee17ec58-7b37-4397-a3da-96b617691b1b,gp_set_0004,gp_set_0004_vid_0003.MP4,gp_2529,1004,1018,train
ba19cdb4-9b71-4c24-87dc-738beb26839a,gp_set_0002,gp_set_0002_vid_0002.MP4,gp_4883,2763,2777,train
b9b97d69-b22e-4d8c-80f9-d885f6e5b4f4,gp_set_0001,gp_set_0001_vid_0008.MP4,gp_663,479,493,train
740a77e5-7705-411e-841a-9936c603421d,gp_set_0003,gp_set_0003_vid_0004.MP4,gp_3572,20406,20420,test
6c1a4645-9d8c-4179-845b-0bed993f077f,gp_set_0004,gp_set_0004_vid_0003.MP4,gp_3424,15391,15405,train
936c42f9-f41f-49e5-8161-bc7c868e7284,gp_set_0003,gp_set_0003_vid_0002.MP4,gp_2041,7366,7380,test
b983e8d5-2a2c-48e3-b149-a00d418e2b9a,gp_set_0001,gp_set_0001_vid_0008.MP4,gp_1380,18695,18709,train
f40fd37a-2671-41cd-9700-570fa2afc6a6,gp_set_0002,gp_set_0002_vid_0002.MP4,gp_4949,5328,5342,train
436ca2cb-67d2-46ec-a52b-c0cc7da7cbc7,gp_set_0005,gp_set_0005_vid_0001.MP4,gp_1298,1299,1313,test
8328f6d9-e496-4efe-815f-a6fe5d1775a2,gp_set_0001,gp_set_0001_vid_0008.MP4,gp_300,6531,6545,train
00076d3d-859b-4ea6-a8e5-7b57fd071abe,gp_set_0008,gp_set_0008_vid_0005.MP4,gp_6150,11947,11961,test
14fc1f73-a670-495e-a9c5-5324a1f68031,gp_set_0001,gp_set_0001_vid_0007.MP4,gp_1173,14423,14437,train
c72572ad-716e-4b8e-8e0b-36c687700f33,gp_set_0005,gp_set_0005_vid_0001.MP4,gp_1419,4157,4171,test
e2ec776f-4b26-4fc0-ae91-fe2c7f253ca2,gp_set_0003,gp_set_0003_vid_0002.MP4,gp_2619,14609,14623,test
2d9aa156-f4e8-4bf2-99ad-3056f4c37194,gp_set_0003,gp_set_0003_vid_0002.MP4,gp_2200,9468,9482,test
8a789d54-87e4-45e8-b332-43cdfe82ece9,gp_set_0001,gp_set_0001_vid_0003.MP4,gp_461,12094,12108,train
d7e2556b-62ac-4d94-bd71-41aab9db7a39,gp_set_0003,gp_set_0003_vid_0002.MP4,gp_2406,11727,11741,test
bfd12782-f639-42d6-ba61-cb5b551dd99e,gp_set_0002,gp_set_0002_vid_0001.MP4,gp_4402,15974,15988,train
0cdc304e-ab37-4691-89ca-653431f49908,gp_set_0004,gp_set_0004_vid_0003.MP4,gp_2735,7445,7459,train
f3c26c12-2af8-4601-bdc5-ffe66bc13556,gp_set_0006,gp_set_0006_vid_0001.MP4,gp_2102,13305,13319,train
ea012909-5a22-46b2-9d91-67557504e2a7,gp_set_0008,gp_set_0008_vid_0005.MP4,gp_6127,6757,6771,test
1a3c676a-471b-4360-8f1a-009dc628b08b,gp_set_0005,gp_set_0005_vid_0001.MP4,gp_1619,9227,9241,test
bc1df21e-2d4c-4d5e-b57a-3b06413b4d65,gp_set_0003,gp_set_0003_vid_0004.MP4,gp_2696,3299,3313,test
78282731-5b81-47e5-8d87-82ae2b426eba,gp_set_0003,gp_set_0003_vid_0004.MP4,gp_3448,16923,16937,test
16f411b0-7a9f-4b2b-880a-9e92aa6de4d1,gp_set_0003,gp_set_0003_vid_0001.MP4,gp_3492,1463,1476,test
6e778de1-911c-4c82-9123-083eefb83e48,gp_set_0001,gp_set_0001_vid_0008.MP4,gp_1297,13510,13524,train
f14c7f92-386c-4a6a-acc0-c03b1cb5917d,gp_set_0001,gp_set_0001_vid_0008.MP4,gp_313,6544,6558,train
3aa8434c-0728-4f84-98ad-65457d7179be,gp_set_0001,gp_set_0001_vid_0006.MP4,gp_877,10496,10510,train
4394b224-3569-4831-a544-f1cc77019519,gp_set_0004,gp_set_0004_vid_0003.MP4,gp_2752,7639,7653,train
22c7cc46-e7ef-40bd-a863-7a42b365b0e6,gp_set_0003,gp_set_0003_vid_0004.MP4,gp_3162,12321,12335,test
fa4ec352-7726-4775-9ff6-13f53201f853,gp_set_0004,gp_set_0004_vid_0002.MP4,gp_3786,16764,16778,train
cd3bcfa4-1049-4ce1-8ba9-4423e8cd56aa,gp_set_0001,gp_set_0001_vid_0008.MP4,gp_700,2410,2424,train
2deaf28d-89ba-431b-a457-c637fece0881,gp_set_0002,gp_set_0002_vid_0002.MP4,gp_4962,9031,9045,train
070a1c2e-b976-4772-8309-1267dfc5a58d,gp_set_0001,gp_set_0001_vid_0005.MP4,gp_714,14576,14590,train
0d3a389e-3b15-403e-a3bd-f33207e5548c,gp_set_0004,gp_set_0004_vid_0005.MP4,gp_5625,1652,1666,train
e7e333c3-f79b-4cc9-830b-16ac5a3cc235,gp_set_0003,gp_set_0003_vid_0001.MP4,gp_3428,10742,10756,test
60f344cd-8b62-46fa-a76d-1f58ac96c2c7,gp_set_0005,gp_set_0005_vid_0002.MP4,gp_4166,5327,5341,test
6512d808-ca0e-47a8-b045-e0379f26113d,gp_set_0004,gp_set_0004_vid_0002.MP4,gp_3767,19314,19328,train
ea641997-3ab6-4790-b2b9-b05d36492d14,gp_set_0004,gp_set_0004_vid_0003.MP4,gp_3623,18792,18806,train
93a172e6-5432-42f5-864b-60b6f62abc0f,gp_set_0003,gp_set_0003_vid_0004.MP4,gp_3110,11860,11874,test
a114038b-66f8-465c-a7fa-973c5dd7f616,gp_set_0003,gp_set_0003_vid_0004.MP4,gp_3175,12531,12545,test
0c6a1099-8063-42d1-9f72-8424f1cdb9f3,gp_set_0001,gp_set_0001_vid_0007.MP4,gp_1214,9892,9906,train
09a4da04-f195-437b-a875-fcc2734786c9,gp_set_0003,gp_set_0003_vid_0004.MP4,gp_3520,18996,19010,test
eec73a94-6e58-40aa-924e-38544db53b1f,gp_set_0001,gp_set_0001_vid_0008.MP4,gp_800,4559,4573,train
75044e5d-6d5e-4493-b224-b3305c6a5ad5,gp_set_0001,gp_set_0001_vid_0003.MP4,gp_511,13312,13326,train
c7485f06-1b0a-4ee2-898d-bb4ee27c1568,gp_set_0003,gp_set_0003_vid_0002.MP4,gp_2652,14844,14858,test
68f8ebc0-3a03-41e6-971f-0e6f85acda9c,gp_set_0004,gp_set_0004_vid_0002.MP4,gp_3946,8813,8827,train
daf4bbd1-eac5-4c00-afde-b3a2b195023c,gp_set_0004,gp_set_0004_vid_0003.MP4,gp_2865,8571,8585,train
2ea30b98-7f6a-400b-9bf4-66886b470126,gp_set_0001,gp_set_0001_vid_0008.MP4,gp_988,7869,7883,train
655c1897-07b9-4589-840d-7aa71892a91a,gp_set_0004,gp_set_0004_vid_0005.MP4,gp_5680,10429,10443,train
062e038a-84ea-47ed-a214-6e1233c42903,gp_set_0004,gp_set_0004_vid_0005.MP4,gp_5730,11021,11035,train
fd671160-efbd-48db-b195-e2535eba75d2,gp_set_0003,gp_set_0003_vid_0003.MP4,gp_2937,1138,1152,test
c5e7925b-e445-4afa-9973-b8701fc7c48c,gp_set_0004,gp_set_0004_vid_0003.MP4,gp_3642,19086,19100,train
3abb8d6f-29b1-4606-a227-a763aef6abf9,gp_set_0005,gp_set_0005_vid_0005.MP4,gp_5862,8298,8312,test
f4f909c6-b309-42cc-b1f4-c91297d52a07,gp_set_0004,gp_set_0004_vid_0005.MP4,gp_5762,6435,6449,train
ec4de1e8-33c0-49fd-b71d-fd55b2300ed7,gp_set_0001,gp_set_0001_vid_0002.MP4,gp_611,14844,14858,train
ba0a4403-ecf0-4a7e-81d6-306b8c3fc219,gp_set_0001,gp_set_0001_vid_0006.MP4,gp_859,10317,10331,train
7f9c363e-5f18-42a2-824f-47d136b3e4c6,gp_set_0004,gp_set_0004_vid_0002.MP4,gp_3920,6699,6713,train
81c218f5-8e41-4df2-aded-90b5cae47722,gp_set_0004,gp_set_0004_vid_0005.MP4,gp_5656,2108,2122,train
04e4c0bd-af40-40f9-a008-485a3420da22,gp_set_0005,gp_set_0005_vid_0005.MP4,gp_5814,7449,7463,test
9d52f81e-c4fb-4ee5-a001-575cc952cf62,gp_set_0002,gp_set_0002_vid_0002.MP4,gp_5407,7612,7626,train
d185f50e-bf29-4ae3-82b5-2aa21b8aa0a9,gp_set_0003,gp_set_0003_vid_0002.MP4,gp_1781,1685,1699,test
a3332afc-3ad6-47e3-9c37-bcef01a513d6,gp_set_0004,gp_set_0004_vid_0002.MP4,gp_3821,15601,15615,train
5fba7d38-80e2-4dab-90c6-24925b30c82d,gp_set_0001,gp_set_0001_vid_0006.MP4,gp_876,10477,10491,train
225707ff-5b44-4cf7-9dd5-2f12f642cc64,gp_set_0001,gp_set_0001_vid_0003.MP4,gp_129,6605,6619,train
04af1eef-59a2-43fa-95e2-caf84c52f3ec,gp_set_0004,gp_set_0004_vid_0002.MP4,gp_3832,1885,1899,train
8979a6c1-1bfb-4e54-9256-09934d48d709,gp_set_0001,gp_set_0001_vid_0007.MP4,gp_1366,16761,16775,train
87c0a9b8-bb2a-4d87-9f1f-38b0c132c057,gp_set_0001,gp_set_0001_vid_0008.MP4,gp_868,4835,4849,train
cb214c47-6b1f-47c2-913d-f2ff7deaabfa,gp_set_0001,gp_set_0001_vid_0008.MP4,gp_1458,20890,20904,train
c658bb0a-8221-416d-8646-14304a88a2a2,gp_set_0005,gp_set_0005_vid_0005.MP4,gp_6807,8354,8368,test
8b81301b-cfe6-4c8b-abc4-ff3434b965fa,gp_set_0001,gp_set_0001_vid_0008.MP4,gp_1145,11861,11875,train
bc9e6efe-d8bc-4b01-8d7d-e0de8f476dab,gp_set_0003,gp_set_0003_vid_0004.MP4,gp_3109,11827,11841,test
12d5b2eb-0904-4687-8165-4556c52f4608,gp_set_0001,gp_set_0001_vid_0005.MP4,gp_965,20883,20897,train
312bd941-a011-40fb-b71c-91f04cb9dc08,gp_set_0003,gp_set_0003_vid_0001.MP4,gp_3472,97,111,test
d6e3427d-178e-4965-aee7-d9fbcc5fe470,gp_set_0004,gp_set_0004_vid_0001.MP4,gp_3602,3572,3586,train
b639489d-5034-4439-abdb-15e12c734a60,gp_set_0001,gp_set_0001_vid_0008.MP4,gp_1108,11099,11113,train
d18aa3ac-e8c1-494f-8a9a-54505d152358,gp_set_0004,gp_set_0004_vid_0003.MP4,gp_2764,7667,7681,train
9e8d5030-5fc4-45c8-8f4f-a064ac7d2468,gp_set_0005,gp_set_0005_vid_0005.MP4,gp_5817,7471,7485,test
df0183ba-b246-488a-862c-2797e7291390,gp_set_0002,gp_set_0002_vid_0001.MP4,gp_4458,20662,20676,train
1914a216-4fd7-403b-8ed6-c6fa7e1eeb85,gp_set_0003,gp_set_0003_vid_0004.MP4,gp_3404,16249,16263,test
878f49f3-895e-43df-b2c6-49ced1bd6f1a,gp_set_0002,gp_set_0002_vid_0001.MP4,gp_4376,12677,12691,train
b7906c8f-545c-4e64-93c1-e00b5f8fa992,gp_set_0008,gp_set_0008_vid_0001.MP4,gp_5924,9711,9725,test
4daf1f00-d0a8-4beb-8990-4308cc39cd98,gp_set_0004,gp_set_0004_vid_0002.MP4,gp_3864,2962,2976,train
b3ad922d-5c0e-437e-a2a6-d3426767ff82,gp_set_0003,gp_set_0003_vid_0002.MP4,gp_2057,7716,7730,test
df301059-bca3-478a-a43a-671aa290e9d6,gp_set_0002,gp_set_0002_vid_0002.MP4,gp_5384,5175,5189,train
cf5fb712-b4a8-4b17-8b2b-85aa11247994,gp_set_0004,gp_set_0004_vid_0005.MP4,gp_5652,10186,10200,train
ae4a8f01-69ea-4edd-b9f3-5ca0587456cd,gp_set_0001,gp_set_0001_vid_0008.MP4,gp_1008,8271,8285,train
224b5751-fda0-4f3a-8fab-089c3edbb2c5,gp_set_0001,gp_set_0001_vid_0005.MP4,gp_695,10309,10323,train
3395c527-461c-4bfc-831d-bb32acf030a7,gp_set_0004,gp_set_0004_vid_0005.MP4,gp_5800,6807,6821,train
718f6721-a568-473b-90f9-20135b227485,gp_set_0006,gp_set_0006_vid_0001.MP4,gp_1719,813,827,train
933d829f-1ea8-4a9c-beed-a6462de50c53,gp_set_0001,gp_set_0001_vid_0007.MP4,gp_1163,14031,14045,train
4d8bee65-62d6-4660-8642-94ce15822ada,gp_set_0004,gp_set_0004_vid_0005.MP4,gp_5707,2444,2458,train
cb594510-db84-48cf-a852-19843f335854,gp_set_0003,gp_set_0003_vid_0002.MP4,gp_2281,9935,9949,test
454f6b9e-8ec9-4e22-adab-9093c7e8ea71,gp_set_0005,gp_set_0005_vid_0001.MP4,gp_1520,5904,5918,test
6a301f6f-2927-4036-b3e1-72c0f85542ed,gp_set_0005,gp_set_0005_vid_0002.MP4,gp_4191,252,266,test
8b438297-456b-457f-add8-3700497a30f1,gp_set_0003,gp_set_0003_vid_0002.MP4,gp_2569,14056,14070,test
a6209869-8309-49ca-a0cb-1e8e095c1c16,gp_set_0001,gp_set_0001_vid_0008.MP4,gp_926,7267,7281,train
eb0b804a-0aac-4914-9cc3-cf68474c0a71,gp_set_0008,gp_set_0008_vid_0005.MP4,gp_6139,6837,6851,test
3d2cdbdf-7383-430a-9401-1f1d1b6a5788,gp_set_0003,gp_set_0003_vid_0002.MP4,gp_2526,13463,13477,test
dde84498-7354-41bd-860a-bf10c387e60b,gp_set_0002,gp_set_0002_vid_0001.MP4,gp_4245,16311,16325,train
16064ef3-07c1-46ca-b430-f0e960b1d34c,gp_set_0004,gp_set_0004_vid_0002.MP4,gp_3909,5782,5796,train
cc47fd34-61f1-4498-9ef0-c224b71afbad,gp_set_0002,gp_set_0002_vid_0001.MP4,gp_4378,12975,12989,train
2238f84a-f8c1-49d2-8f6a-cad02b494417,gp_set_0002,gp_set_0002_vid_0002.MP4,gp_4971,9270,9284,train
1110eaec-7fa3-4480-b90f-5665470d9572,gp_set_0004,gp_set_0004_vid_0003.MP4,gp_2847,8254,8268,train
dc5c16cf-4824-47b3-81c2-5fdfc2161074,gp_set_0005,gp_set_0005_vid_0001.MP4,gp_1695,18348,18362,test
455c3b3d-9f0a-4aff-8adc-1da89f653f4c,gp_set_0003,gp_set_0003_vid_0002.MP4,gp_1774,1400,1414,test
eca6d83e-a1b8-44c9-8fd1-1db8e8d08b97,gp_set_0005,gp_set_0005_vid_0005.MP4,gp_5792,6339,6353,test
3e4a3f20-93df-4c31-9193-ac599703e5ea,gp_set_0003,gp_set_0003_vid_0004.MP4,gp_3244,13232,13246,test
5e6b960e-b7f0-41f8-a143-2e7adc680ddf,gp_set_0003,gp_set_0003_vid_0002.MP4,gp_2238,9610,9624,test
74a4ef66-119d-4d46-8e2f-f88fc453d420,gp_set_0001,gp_set_0001_vid_0001.MP4,gp_79,7362,7376,train
3bbf2764-0a78-4536-99bc-dbd9b2322ba8,gp_set_0003,gp_set_0003_vid_0002.MP4,gp_2730,15350,15364,test
40eb097d-fe33-4250-92aa-a9b1adf2f786,gp_set_0001,gp_set_0001_vid_0001.MP4,gp_143,10108,10122,train
48839e64-b5d9-48f3-b05b-a1c5995edd02,gp_set_0006,gp_set_0006_vid_0001.MP4,gp_2100,13264,13278,train
9228151c-4a2c-4d72-9239-2d626a9bd241,gp_set_0002,gp_set_0002_vid_0005.MP4,gp_3785,7321,7335,train
42a258a1-b310-4ce3-98af-dc2c7daed401,gp_set_0002,gp_set_0002_vid_0001.MP4,gp_4356,17461,17475,train
c89faad8-8a01-4778-b668-700a3958cef5,gp_set_0004,gp_set_0004_vid_0005.MP4,gp_5649,5622,5636,train
dcb1a9ca-db18-4974-8734-35669f8fdfdf,gp_set_0004,gp_set_0004_vid_0003.MP4,gp_3316,14016,14030,train
24ce8a62-acd0-4142-856c-9fa3f021f53e,gp_set_0004,gp_set_0004_vid_0005.MP4,gp_5671,10311,10325,train
89e5972d-6dc8-4fb2-93b6-d66ef3ab5c01,gp_set_0006,gp_set_0006_vid_0001.MP4,gp_1743,1244,1258,train
dc761ee4-6315-41e2-b30e-ece7143d843b,gp_set_0003,gp_set_0003_vid_0002.MP4,gp_2548,13751,13765,test
265141c8-5d23-4669-b5c9-030c459260da,gp_set_0001,gp_set_0001_vid_0008.MP4,gp_1425,19706,19720,train
c0cb130b-48e9-44bf-88f0-6ce62109001f,gp_set_0003,gp_set_0003_vid_0004.MP4,gp_2803,5748,5762,test
7a33ee48-8b33-4974-b9cf-999f1244bed6,gp_set_0001,gp_set_0001_vid_0005.MP4,gp_627,13255,13269,train
bd828be1-329d-4098-87c6-c5ced83d6329,gp_set_0006,gp_set_0006_vid_0001.MP4,gp_1779,2186,2200,train
7d70db18-9d6c-42cc-834a-b335bd359896,gp_set_0001,gp_set_0001_vid_0006.MP4,gp_898,14146,14160,train
afd7a6da-6820-48d4-9169-71608b0a07c9,gp_set_0001,gp_set_0001_vid_0006.MP4,gp_1038,19409,19423,train
d85fbaae-973a-4e97-bd3b-0ebf75cf4edb,gp_set_0001,gp_set_0001_vid_0005.MP4,gp_545,3756,3770,train
acb1da5b-8166-4037-ab23-6d775e9ab8d1,gp_set_0001,gp_set_0001_vid_0003.MP4,gp_26,1517,1531,train
7def3b27-5e95-4b44-9648-1bc951dccd74,gp_set_0004,gp_set_0004_vid_0003.MP4,gp_2917,9361,9375,train
7f9103c8-1154-41d1-9514-7c2ffdaa8096,gp_set_0004,gp_set_0004_vid_0001.MP4,gp_3525,5973,5987,train
61d8d7e0-4e5e-4715-aad0-80d4700f0ba6,gp_set_0004,gp_set_0004_vid_0003.MP4,gp_3412,15047,15061,train
579f5a45-8624-433b-b6ff-cfbda0e8a505,gp_set_0004,gp_set_0004_vid_0005.MP4,gp_5630,1730,1744,train
1c9bcd10-e5eb-4c8f-a5c8-8498d32b699b,gp_set_0004,gp_set_0004_vid_0005.MP4,gp_5690,10699,10713,train
fd65e120-7e18-42ef-a990-2955596cf5ad,gp_set_0003,gp_set_0003_vid_0004.MP4,gp_3137,12118,12132,test
430337d5-a3ba-481a-b1c6-205ed79d932b,gp_set_0004,gp_set_0004_vid_0005.MP4,gp_5560,859,873,train
fea5fa37-c538-4e98-bcc2-8b00537ee918,gp_set_0001,gp_set_0001_vid_0007.MP4,gp_1561,19565,19579,train
ce4c7811-be6f-4b1d-811a-12bde99a619e,gp_set_0006,gp_set_0006_vid_0001.MP4,gp_2030,12096,12110,train
f43ef8a3-6e4b-43c2-b420-56504bb6ad74,gp_set_0001,gp_set_0001_vid_0007.MP4,gp_1597,20585,20599,train
8b128dbc-6548-4b07-a669-3e85aaa0c96a,gp_set_0001,gp_set_0001_vid_0008.MP4,gp_894,5165,5179,train
2fb7c79a-d9c7-4d66-92b7-fbc0bf10d4ce,gp_set_0003,gp_set_0003_vid_0003.MP4,gp_3061,9322,9336,test
f328bd83-a5c0-426b-a0f4-3b7177f093a7,gp_set_0001,gp_set_0001_vid_0007.MP4,gp_1024,1503,1517,train
779a5d85-4fa3-40f6-a36f-a5aa86a127c3,gp_set_0001,gp_set_0001_vid_0007.MP4,gp_1250,15380,15394,train
9b60fd5f-d127-4191-a680-2a379a2fcd86,gp_set_0008,gp_set_0008_vid_0005.MP4,gp_6078,3167,3181,test
9c75e9de-d906-4a43-83a2-d65929b1bc4a,gp_set_0001,gp_set_0001_vid_0001.MP4,gp_109,8510,8524,train
5586c7bf-be68-4812-819a-3f3cea22a93c,gp_set_0004,gp_set_0004_vid_0002.MP4,gp_3757,18943,18957,train
66a1f4e0-2915-4b48-af2c-aadac1684d2a,gp_set_0001,gp_set_0001_vid_0003.MP4,gp_593,15268,15282,train
6c00d85c-1119-4f7e-a1eb-859c2b0397f6,gp_set_0004,gp_set_0004_vid_0005.MP4,gp_5676,2701,2715,train
1d4e592d-0d3e-4fb8-9c8f-84e81723ff9f,gp_set_0001,gp_set_0001_vid_0007.MP4,gp_1215,10285,10299,train
743fc7fc-e8e8-462c-8f58-5d0751b9c9ed,gp_set_0002,gp_set_0002_vid_0002.MP4,gp_5006,10949,10963,train
b67256c2-4bb0-4314-a6b7-46bdcd61a7eb,gp_set_0001,gp_set_0001_vid_0007.MP4,gp_1358,16695,16709,train
de034a0d-7df0-47cf-82e8-fba8e39d9814,gp_set_0002,gp_set_0002_vid_0001.MP4,gp_4464,16645,16659,train
80dcc67b-1f58-4f1e-ae3f-e2679fad7bcc,gp_set_0001,gp_set_0001_vid_0007.MP4,gp_1223,10805,10819,train
e82bcb23-3a51-4165-bf89-a4b73c976cf2,gp_set_0001,gp_set_0001_vid_0008.MP4,gp_307,6460,6474,train
fdc154ea-e7c2-4dbf-a87e-06a88c7e616d,gp_set_0003,gp_set_0003_vid_0002.MP4,gp_2811,19421,19435,test
4da2c5f2-f648-4de7-885e-e2a3c64a3d77,gp_set_0006,gp_set_0006_vid_0002.MP4,gp_4232,10941,10955,train
8875ff21-c137-4338-8558-b7fde3156bb1,gp_set_0001,gp_set_0001_vid_0003.MP4,gp_126,6449,6463,train
29da3bbc-ad9b-4ac6-8a55-1e14b3b1b945,gp_set_0001,gp_set_0001_vid_0006.MP4,gp_731,6277,6291,train
d528f89c-e49a-4800-ab6e-5afe510b399a,gp_set_0004,gp_set_0004_vid_0005.MP4,gp_5582,7423,7437,train
2a3ed12c-3f09-44fd-a23f-9b7647bd1485,gp_set_0002,gp_set_0002_vid_0001.MP4,gp_4428,19568,19582,train
eee24d5f-7c95-4124-83b9-fae271728203,gp_set_0004,gp_set_0004_vid_0005.MP4,gp_5636,1694,1708,train
605ba2f6-2055-4296-bc7e-ee9c67f11d2f,gp_set_0003,gp_set_0003_vid_0002.MP4,gp_2591,14464,14478,test
87786407-0534-41b3-8078-6e0410f45753,gp_set_0003,gp_set_0003_vid_0005.MP4,gp_6974,10961,10975,test
4cf7dccc-3974-4d54-be58-5646b60afa47,gp_set_0003,gp_set_0003_vid_0002.MP4,gp_1875,3655,3669,test
a8f3d5fe-78af-40eb-9aa4-24fb7cc57c4a,gp_set_0003,gp_set_0003_vid_0004.MP4,gp_2713,4161,4175,test
cc8e8a30-a343-4009-a72e-907221382984,gp_set_0004,gp_set_0004_vid_0003.MP4,gp_2969,9641,9655,train
3ab31e3a-83e5-40f0-adff-fb220cf25c50,gp_set_0006,gp_set_0006_vid_0001.MP4,gp_1837,3195,3209,train
be8914d6-ddda-475f-a727-57f2d2a10a0f,gp_set_0006,gp_set_0006_vid_0001.MP4,gp_2107,13993,14007,train
7c4063b0-5edf-49a6-a080-c2fe53757a91,gp_set_0003,gp_set_0003_vid_0004.MP4,gp_2698,3458,3472,test
55d58896-3ae8-4cef-b72a-ecff58e555ea,gp_set_0001,gp_set_0001_vid_0007.MP4,gp_1343,16596,16610,train
3c3484a2-3dad-4068-9a24-64344612957a,gp_set_0007,gp_set_0007_vid_0004.MP4,gp_6595,12348,12362,train
575628d0-abd9-4686-a5ac-fed185894034,gp_set_0002,gp_set_0002_vid_0001.MP4,gp_4383,17498,17512,train
b2b0f903-6b58-411d-b0fb-ed4fa0679cdc,gp_set_0001,gp_set_0001_vid_0005.MP4,gp_364,11934,11948,train
7fce0941-1810-43f3-8034-e31dfa3e07aa,gp_set_0004,gp_set_0004_vid_0002.MP4,gp_3803,17937,17951,train
79056d4c-b55c-4451-9993-ee77b37d4e68,gp_set_0005,gp_set_0005_vid_0001.MP4,gp_1480,5065,5079,test
552c8b5e-0b2f-4110-8618-81fb6d83c9c5,gp_set_0004,gp_set_0004_vid_0002.MP4,gp_3839,2334,2348,train
a4efbcf8-30c6-42a3-af34-d990451c3b44,gp_set_0002,gp_set_0002_vid_0002.MP4,gp_5433,11873,11887,train
616479d3-4844-41bd-a5cc-099026ee48e2,gp_set_0008,gp_set_0008_vid_0005.MP4,gp_6193,5027,5041,test
a5e36ec0-c609-4dba-8439-0d377d5e2f9e,gp_set_0004,gp_set_0004_vid_0002.MP4,gp_3894,5113,5127,train
0df8fa99-17fe-4a5b-b4ec-5fbf035792f2,gp_set_0001,gp_set_0001_vid_0007.MP4,gp_1098,5596,5610,train
2c6774d3-d39d-41a4-869b-08cdb0c5f78f,gp_set_0003,gp_set_0003_vid_0004.MP4,gp_3312,13768,13782,test
618fe018-ad1d-4690-a328-520262c12be2,gp_set_0001,gp_set_0001_vid_0008.MP4,gp_309,6467,6481,train
37130e80-c425-4307-81e5-5dda5fbf2e89,gp_set_0004,gp_set_0004_vid_0002.MP4,gp_3810,15015,15029,train
dcf61d06-ceea-4a5d-8621-8adfbc3b1fa5,gp_set_0001,gp_set_0001_vid_0001.MP4,gp_202,12850,12864,train
60ba5801-f6b2-4d64-80a1-5b54033cdd32,gp_set_0003,gp_set_0003_vid_0001.MP4,gp_3456,3821,3835,test
6e4810db-a5d8-45e4-b992-66469a4e9ebc,gp_set_0003,gp_set_0003_vid_0004.MP4,gp_3553,20019,20033,test
ddbf0132-4339-4e01-aaa2-906f8466cac6,gp_set_0004,gp_set_0004_vid_0003.MP4,gp_3605,18385,18399,train
89b0a443-2fcb-4b53-8fc5-5b02862c6110,gp_set_0002,gp_set_0002_vid_0002.MP4,gp_5420,8963,8977,train
30fb4b13-f99f-4c78-b0e6-b9ae88c173ce,gp_set_0003,gp_set_0003_vid_0002.MP4,gp_1963,5827,5841,test
aa9d4c2e-f80c-4484-adc2-229174f47301,gp_set_0004,gp_set_0004_vid_0005.MP4,gp_5566,4132,4146,train
9a65ac88-3137-44f9-8bec-6b2a0cb04215,gp_set_0001,gp_set_0001_vid_0005.MP4,gp_883,19245,19259,train
8787004b-08ad-4b05-987a-bcc81a1e8f28,gp_set_0001,gp_set_0001_vid_0005.MP4,gp_350,11028,11042,train
c3facc53-afa1-4acf-b0ec-8be071c3cd84,gp_set_0004,gp_set_0004_vid_0002.MP4,gp_3853,13461,13475,train
3ff092e9-729c-40fc-97cd-4d399d697cb7,gp_set_0004,gp_set_0004_vid_0001.MP4,gp_3512,10063,10077,train
a47f5c65-37f2-48e0-8734-89336550ebe9,gp_set_0005,gp_set_0005_vid_0002.MP4,gp_4221,2221,2235,test
d4607e51-c824-45b5-9f3a-866e0095cadd,gp_set_0001,gp_set_0001_vid_0008.MP4,gp_1330,15110,15124,train
8435d262-2faa-4305-ae81-ede65a8aa340,gp_set_0002,gp_set_0002_vid_0001.MP4,gp_4317,1819,1833,train
b0d2088f-6b63-4d69-ab60-a07933021736,gp_set_0001,gp_set_0001_vid_0007.MP4,gp_1141,13212,13226,train
0d9442d5-2474-42da-ab6b-cba6aa56ed4d,gp_set_0008,gp_set_0008_vid_0001.MP4,gp_5909,9422,9436,test
603ad767-bfd6-4f55-875a-f73bc7a5422e,gp_set_0002,gp_set_0002_vid_0002.MP4,gp_5367,4683,4697,train
aba799bf-3b2f-413b-87c4-87d5d4e19be5,gp_set_0001,gp_set_0001_vid_0003.MP4,gp_554,14446,14460,train
28db253d-c5b7-43d1-92cc-1ee0cda1d565,gp_set_0003,gp_set_0003_vid_0003.MP4,gp_3197,17937,17951,test
924b5f32-be28-46f9-88d9-88f845e21dc3,gp_set_0003,gp_set_0003_vid_0002.MP4,gp_2702,15207,15221,test
ec6f4ea3-ea99-4b24-a28f-c1322ab696aa,gp_set_0004,gp_set_0004_vid_0005.MP4,gp_5719,6215,6229,train
637bc1b1-9f38-48ad-a504-790ff4421b7b,gp_set_0004,gp_set_0004_vid_0002.MP4,gp_3722,21165,21179,train
901b91cc-66dd-4e19-811d-a6bacff2f821,gp_set_0001,gp_set_0001_vid_0007.MP4,gp_1447,17588,17602,train
bd387739-a6a1-4701-9e66-24fa195eb1f6,gp_set_0003,gp_set_0003_vid_0002.MP4,gp_2408,11757,11771,test
5aebc83f-e999-4e8a-930e-5b62d3df2dba,gp_set_0001,gp_set_0001_vid_0002.MP4,gp_5501,1336,1350,train
3d9b3b9d-d272-462d-a769-cdee66b54eda,gp_set_0008,gp_set_0008_vid_0005.MP4,gp_6165,3966,3980,test
8c24ef63-cb18-4d0b-afb1-75581af72994,gp_set_0001,gp_set_0001_vid_0003.MP4,gp_241,9115,9129,train
9fad9ae3-143f-494c-ab56-1cc1dc479def,gp_set_0001,gp_set_0001_vid_0006.MP4,gp_812,8927,8941,train
2afe10a8-3a07-46d5-bece-7780186864f6,gp_set_0005,gp_set_0005_vid_0001.MP4,gp_1405,4044,4058,test
6626955a-9a65-4338-8028-ded3461524ce,gp_set_0001,gp_set_0001_vid_0005.MP4,gp_539,3766,3780,train
6a4a1f16-26e1-43d3-9ea8-506d507dfa62,gp_set_0002,gp_set_0002_vid_0002.MP4,gp_4850,1677,1691,train
079500c0-50c7-4733-970c-c45645dc2120,gp_set_0003,gp_set_0003_vid_0004.MP4,gp_2860,7444,7458,test
535c8e00-166c-4786-8f83-d35ea104ee53,gp_set_0001,gp_set_0001_vid_0007.MP4,gp_1574,19880,19894,train
619fc02a-ada6-49a1-9dce-f319eaf893ce,gp_set_0004,gp_set_0004_vid_0005.MP4,gp_5586,7406,7420,train
975559f9-3584-471a-8989-ea058f0fcd41,gp_set_0003,gp_set_0003_vid_0002.MP4,gp_2451,12552,12566,test
49ca8a1d-6fa7-469e-99ef-93794ab8e4ae,gp_set_0003,gp_set_0003_vid_0004.MP4,gp_2949,10026,10040,test
994ebaa2-26dc-4957-9d70-643c630ca7da,gp_set_0001,gp_set_0001_vid_0006.MP4,gp_672,2497,2511,train
a702988b-e6c5-47d6-b245-92720bdf20df,gp_set_0004,gp_set_0004_vid_0003.MP4,gp_2879,8728,8742,train
c154cd3c-6b2a-4a1c-a96a-6625ffb147c1,gp_set_0001,gp_set_0001_vid_0007.MP4,gp_1177,14477,14491,train
cbf680b8-0a13-4057-bce3-b7d4b9dfb72f,gp_set_0004,gp_set_0004_vid_0005.MP4,gp_5641,9945,9959,train
a2dd1f56-f555-4439-8c77-d004cfbf3b68,gp_set_0004,gp_set_0004_vid_0003.MP4,gp_2537,1104,1118,train
784bcad6-c4d3-4f3c-886a-a5f26e1ed2e7,gp_set_0004,gp_set_0004_vid_0003.MP4,gp_2687,6623,6637,train
dbf8ba04-9869-4ae2-889e-cf7ebcc35af3,gp_set_0001,gp_set_0001_vid_0006.MP4,gp_1030,19197,19211,train
64fe3093-ae7a-4942-b18c-d1364b43b616,gp_set_0001,gp_set_0001_vid_0007.MP4,gp_994,943,957,train
28c98973-8f8c-4753-8848-de88ecf068e5,gp_set_0001,gp_set_0001_vid_0007.MP4,gp_1460,17693,17707,train
accb496f-6312-43e2-b7d1-a564d39cc81f,gp_set_0001,gp_set_0001_vid_0007.MP4,gp_1192,6039,6053,train
30c3ed54-88a5-46e7-a6ef-dd0d4a35dd6c,gp_set_0001,gp_set_0001_vid_0006.MP4,gp_950,16374,16388,train
696bc1b3-8b60-4de3-a40e-2fa680098835,gp_set_0002,gp_set_0002_vid_0001.MP4,gp_4325,17136,17150,train
09506d66-9ee2-4df0-88fb-8d3f26fa0eb1,gp_set_0001,gp_set_0001_vid_0008.MP4,gp_311,6559,6573,train
83027f08-3ff4-4809-a083-6086ccf7c1cc,gp_set_0002,gp_set_0002_vid_0001.MP4,gp_4369,12122,12136,train
f06426e5-4efe-4d58-981e-e82ff1235348,gp_set_0001,gp_set_0001_vid_0005.MP4,gp_484,2687,2701,train
f8b18032-209a-4ad4-946a-b0a46d0d8ac8,gp_set_0001,gp_set_0001_vid_0008.MP4,gp_1346,15824,15838,train
d6ff4da9-f5ef-4bb2-b134-821839217c19,gp_set_0001,gp_set_0001_vid_0007.MP4,gp_1181,14803,14817,train
0483d88f-f8da-424d-b98e-d68e3bd032b3,gp_set_0006,gp_set_0006_vid_0001.MP4,gp_2634,21190,21204,train
4f2a021c-0ad3-42de-a57d-840ad14fb032,gp_set_0005,gp_set_0005_vid_0001.MP4,gp_1642,14581,14595,test
6443dc8c-5cf7-40f7-b95d-69688e3896c6,gp_set_0001,gp_set_0001_vid_0001.MP4,gp_72,7029,7043,train
52e5915a-5ada-4d19-a1dc-89e4768dfa96,gp_set_0004,gp_set_0004_vid_0002.MP4,gp_3985,10159,10173,train
e2a4415a-0e25-43d5-98eb-d5f7d8c0af32,gp_set_0001,gp_set_0001_vid_0005.MP4,gp_680,9388,9402,train
8441dfed-cc14-492d-b7d8-8f2154658820,gp_set_0004,gp_set_0004_vid_0003.MP4,gp_2845,8215,8229,train
c6ae8a17-f48c-47cd-a588-e28092059365,gp_set_0001,gp_set_0001_vid_0006.MP4,gp_989,18048,18062,train
5595c195-62f9-429a-88da-6a81913b81ab,gp_set_0004,gp_set_0004_vid_0002.MP4,gp_3837,2335,2349,train
150f020d-901b-4f8f-aece-7b4fb0560607,gp_set_0002,gp_set_0002_vid_0004.MP4,gp_4158,15401,15415,train
bfbb066d-c3af-42b6-9585-8db4a9bed9a8,gp_set_0002,gp_set_0002_vid_0002.MP4,gp_4946,5117,5131,train
b94c564c-e276-429f-8d3a-75f90a21583c,gp_set_0001,gp_set_0001_vid_0001.MP4,gp_88,8268,8282,train
9213b0ee-9f62-4b0c-a0a8-3957a53c268a,gp_set_0003,gp_set_0003_vid_0005.MP4,gp_6938,5022,5036,test
d9b34791-1614-49f7-ae6b-81d8ea01015b,gp_set_0001,gp_set_0001_vid_0007.MP4,gp_1052,4020,4034,train
407f0adb-fdc4-485d-92d5-a0788414b9c1,gp_set_0001,gp_set_0001_vid_0001.MP4,gp_196,14347,14361,train
3de5668e-228f-4e99-8d4e-8645e2153be7,gp_set_0003,gp_set_0003_vid_0002.MP4,gp_1807,2130,2144,test
b02a66d1-f2ca-4bc9-a023-c31ea8a62aa6,gp_set_0004,gp_set_0004_vid_0005.MP4,gp_5557,7344,7358,train
6a5dc75b-2dd6-4698-adf4-97ff8a500090,gp_set_0004,gp_set_0004_vid_0005.MP4,gp_5659,5046,5060,train
d0d0a2d5-e5f9-4430-9885-b3ec3a3cafc3,gp_set_0001,gp_set_0001_vid_0007.MP4,gp_1196,6162,6176,train
5087ce99-20c4-4a98-a8e0-bd22208d6f4f,gp_set_0004,gp_set_0004_vid_0002.MP4,gp_3738,18365,18379,train
be6eb729-aea6-42f6-b5c9-725a97b1ce73,gp_set_0004,gp_set_0004_vid_0003.MP4,gp_2904,8950,8964,train
ba8e8b78-7367-4317-80be-007f1462110d,gp_set_0004,gp_set_0004_vid_0002.MP4,gp_3761,19125,19139,train
15ab93a7-61a6-4f14-8492-024667df5ea8,gp_set_0003,gp_set_0003_vid_0001.MP4,gp_3463,2449,2463,test
adbfd798-6d84-4022-ad79-ce762201ce0e,gp_set_0004,gp_set_0004_vid_0003.MP4,gp_3695,20990,21004,train
402b1b34-ce79-46a0-987b-4ef35b4cf936,gp_set_0004,gp_set_0004_vid_0001.MP4,gp_3579,2467,2481,train
506f1693-6124-4711-b8b6-c841d7dc5abb,gp_set_0004,gp_set_0004_vid_0002.MP4,gp_3763,19274,19288,train
f4410d9f-217f-4867-b9d9-8388e68de12a,gp_set_0003,gp_set_0003_vid_0001.MP4,gp_3464,2452,2466,test
e7cc46a1-4ae3-417a-9e7c-b14640e6abdf,gp_set_0006,gp_set_0006_vid_0001.MP4,gp_1927,5911,5925,train
5f88902c-6b77-4d99-accd-d6ad20a5f8b7,gp_set_0002,gp_set_0002_vid_0002.MP4,gp_4935,4832,4846,train
f7656685-b37a-4ace-ae39-8a1b6ae7d4d0,gp_set_0001,gp_set_0001_vid_0005.MP4,gp_729,14875,14889,train
97f40872-440d-4eff-9a3a-86f6c99a03c8,gp_set_0001,gp_set_0001_vid_0001.MP4,gp_120,8937,8951,train
f4beca31-1398-446d-8fea-b6c44c8d61c3,gp_set_0002,gp_set_0002_vid_0001.MP4,gp_4385,17569,17583,train
a37fc3aa-05f4-4519-8aff-1c1a1cfcbfc9,gp_set_0006,gp_set_0006_vid_0002.MP4,gp_4236,12062,12076,train
39b2a8fa-57ab-49bc-9996-0b38c8d6aa9e,gp_set_0004,gp_set_0004_vid_0003.MP4,gp_3569,18007,18021,train
93facd66-4ffe-4906-bb5d-649486f2f1e1,gp_set_0003,gp_set_0003_vid_0003.MP4,gp_3212,18389,18403,test
97f44e1b-accd-4b2a-bfe8-d04e5b0826a4,gp_set_0006,gp_set_0006_vid_0001.MP4,gp_2018,11285,11299,train
342cee82-14fd-4324-acd4-c47c2438293c,gp_set_0004,gp_set_0004_vid_0002.MP4,gp_3899,5257,5271,train
c7a0c3eb-3b88-46a0-aab8-807160deeadb,gp_set_0003,gp_set_0003_vid_0002.MP4,gp_2116,8645,8659,test
0beb9042-9b01-4a0d-83de-12ece9af094d,gp_set_0006,gp_set_0006_vid_0001.MP4,gp_1687,464,478,train
712e305b-7e07-40b8-9935-639aea97ca59,gp_set_0001,gp_set_0001_vid_0002.MP4,gp_244,800,814,train
b0529902-d7fc-4c03-8b48-a1327f7be2fc,gp_set_0005,gp_set_0005_vid_0001.MP4,gp_1353,2476,2490,test
f60595cc-c42d-451b-b74a-dce541411206,gp_set_0008,gp_set_0008_vid_0001.MP4,gp_5978,6571,6585,test
1f341c49-096f-4f7c-a962-9516e30e2aa8,gp_set_0001,gp_set_0001_vid_0007.MP4,gp_1005,1442,1456,train
ecab6920-8da0-4db5-900c-97bd84b2d7e2,gp_set_0004,gp_set_0004_vid_0002.MP4,gp_3978,9877,9891,train
a5f5d664-a65e-45ee-bcf5-05b7266548ea,gp_set_0001,gp_set_0001_vid_0003.MP4,gp_102,5830,5844,train
30b2ec4d-7779-4831-bb3c-d19313980876,gp_set_0003,gp_set_0003_vid_0001.MP4,gp_3273,16737,16751,test
8fd4ebaf-4049-48e5-9dbc-f0de15231089,gp_set_0002,gp_set_0002_vid_0002.MP4,gp_4856,1941,1955,train
6e93cec1-21bc-41ca-9955-32406210efc0,gp_set_0004,gp_set_0004_vid_0002.MP4,gp_3784,16451,16465,train
66730eaf-6d19-44f9-b301-14c098f43b6b,gp_set_0007,gp_set_0007_vid_0004.MP4,gp_6611,10264,10278,train
3a101352-0f86-42a6-9190-1c7aff263c45,gp_set_0004,gp_set_0004_vid_0003.MP4,gp_2872,8615,8629,train
93979c0a-e08f-439e-9834-3baf4f6f0825,gp_set_0001,gp_set_0001_vid_0007.MP4,gp_1544,19039,19053,train
2cf49b43-28fe-498f-862b-9cc3649f96ea,gp_set_0003,gp_set_0003_vid_0002.MP4,gp_2278,9934,9948,test
4614a36d-4057-4a69-9124-f7cc968766b7,gp_set_0006,gp_set_0006_vid_0001.MP4,gp_1909,5756,5770,train
5888f621-8424-4069-b97b-14de9a18b021,gp_set_0003,gp_set_0003_vid_0001.MP4,gp_3474,174,188,test
68593d26-db2a-4be7-aaec-70fdc5b676b5,gp_set_0004,gp_set_0004_vid_0002.MP4,gp_3883,3805,3819,train
b1e9b8bb-2c1a-4b3f-bd53-737fcae7340b,gp_set_0001,gp_set_0001_vid_0001.MP4,gp_114,8553,8567,train
aa022361-9fb2-4b1f-bc37-ae38d88e5e7f,gp_set_0002,gp_set_0002_vid_0001.MP4,gp_4453,20857,20871,train
a3ae2b8f-4d7d-439f-aac8-2e25abec87d9,gp_set_0004,gp_set_0004_vid_0003.MP4,gp_2493,6939,6953,train
fdea87bd-644a-4813-9bb9-dfc618ff72c0,gp_set_0001,gp_set_0001_vid_0008.MP4,gp_892,5179,5193,train
d38811a8-4c68-4a0f-9e8c-40060e1d2edf,gp_set_0004,gp_set_0004_vid_0002.MP4,gp_3755,18974,18988,train
a111c117-654c-41b0-8b23-efbdbda1b5f0,gp_set_0004,gp_set_0004_vid_0003.MP4,gp_2943,9288,9302,train
7c00c6aa-19b5-4b1a-b02f-7d89b34f9c51,gp_set_0001,gp_set_0001_vid_0005.MP4,gp_450,2103,2117,train
e1a7de24-1303-4948-a031-84460ae02797,gp_set_0004,gp_set_0004_vid_0005.MP4,gp_5705,5640,5654,train
14387521-58a1-403d-8827-d124c14ef8e0,gp_set_0003,gp_set_0003_vid_0003.MP4,gp_3184,17399,17413,test
de7982ea-5cff-4617-8aaa-1530558c6c30,gp_set_0001,gp_set_0001_vid_0008.MP4,gp_1076,9347,9361,train
126985f1-c524-4051-b5c0-ef49651c419c,gp_set_0001,gp_set_0001_vid_0005.MP4,gp_596,8711,8725,train
617554a3-b51d-4a66-87c0-1d07bea51ef9,gp_set_0002,gp_set_0002_vid_0002.MP4,gp_5412,8034,8048,train
e8baf17d-6e49-413f-9743-c567735915d1,gp_set_0008,gp_set_0008_vid_0001.MP4,gp_6005,6771,6785,test
5e0507d9-2f33-4650-9a41-6dc0b9c20d68,gp_set_0001,gp_set_0001_vid_0002.MP4,gp_524,11526,11540,train
72b3fa91-2b9d-471f-846e-cd05d9d15682,gp_set_0006,gp_set_0006_vid_0001.MP4,gp_2023,11828,11842,train
02ff6cd9-9494-4940-ae96-dcab3babbd04,gp_set_0004,gp_set_0004_vid_0003.MP4,gp_2542,1156,1170,train
8ee40d06-1db5-42b3-b835-3284bfffd037,gp_set_0003,gp_set_0003_vid_0004.MP4,gp_3494,18108,18122,test
3a296235-85a5-452a-aa66-a1df5fff444a,gp_set_0001,gp_set_0001_vid_0007.MP4,gp_1571,19865,19879,train
bf72b924-db23-48fb-8c48-295f55b74f60,gp_set_0004,gp_set_0004_vid_0003.MP4,gp_3624,18741,18755,train
912e2d04-da96-4215-bc4c-296d7b37d6f6,gp_set_0001,gp_set_0001_vid_0003.MP4,gp_413,10713,10727,train
5948d350-9d06-4554-b698-163e6e047a4d,gp_set_0001,gp_set_0001_vid_0003.MP4,gp_217,8831,8845,train
2c294359-f8ef-4932-97ca-b5ff462a64eb,gp_set_0004,gp_set_0004_vid_0005.MP4,gp_5626,1662,1676,train
2beb2bdf-e523-4ea8-81dd-2dc4cc952a4c,gp_set_0003,gp_set_0003_vid_0002.MP4,gp_2317,10507,10521,test
137d850b-5c05-4ba9-a785-ce08d9b951dd,gp_set_0007,gp_set_0007_vid_0004.MP4,gp_6598,9469,9483,train
3e436c25-d7b6-435e-b2a4-b5831402657f,gp_set_0005,gp_set_0005_vid_0001.MP4,gp_1609,8153,8167,test
470f9592-7648-48b6-badb-1ef6ad9c9582,gp_set_0003,gp_set_0003_vid_0002.MP4,gp_2314,10450,10464,test
439e9c2e-59d7-4dec-beaf-9d4f3eb1fef3,gp_set_0006,gp_set_0006_vid_0001.MP4,gp_1742,1238,1252,train
a6f802ab-517e-4b79-afe0-6f7af7dfe01e,gp_set_0003,gp_set_0003_vid_0001.MP4,gp_3427,10576,10590,test
646f1524-5b85-425b-a365-7a5d0a090a57,gp_set_0004,gp_set_0004_vid_0002.MP4,gp_3856,13522,13536,train
16dcbcc1-f951-43b1-bb98-49d3d2bf9609,gp_set_0003,gp_set_0003_vid_0002.MP4,gp_1818,2321,2335,test
cdaebc7a-e296-43c2-a588-ae7dbf1c18ba,gp_set_0004,gp_set_0004_vid_0003.MP4,gp_3087,11123,11137,train
aac25268-d9e5-49f3-b468-af075ba18225,gp_set_0003,gp_set_0003_vid_0002.MP4,gp_2191,9348,9362,test
f2788e24-fdc8-4061-b089-94a290048144,gp_set_0002,gp_set_0002_vid_0002.MP4,gp_5417,8475,8489,train
4b0cf8e2-5ee0-43cf-8a5c-8864d868f733,gp_set_0001,gp_set_0001_vid_0003.MP4,gp_208,8714,8728,train
7004980f-4ece-46b6-97ef-8347be7b3cb9,gp_set_0004,gp_set_0004_vid_0003.MP4,gp_2900,8913,8927,train
82c35f8d-42d6-42d2-b29e-b8b0663386a5,gp_set_0005,gp_set_0005_vid_0001.MP4,gp_1592,7676,7690,test
742b7df4-4c2e-4335-b3ce-52c89a27296c,gp_set_0006,gp_set_0006_vid_0001.MP4,gp_1671,272,286,train
a0c7dffc-70d2-48f6-bad8-10af22379361,gp_set_0005,gp_set_0005_vid_0005.MP4,gp_5815,7464,7478,test
f8a07a2a-5cf8-4e90-9060-86934faa1434,gp_set_0004,gp_set_0004_vid_0003.MP4,gp_3055,10945,10959,train
7103328b-54d6-43e0-b714-dbed7375dbfb,gp_set_0003,gp_set_0003_vid_0002.MP4,gp_2606,14546,14560,test
08e46b30-1908-4895-9494-314faf99b865,gp_set_0001,gp_set_0001_vid_0008.MP4,gp_318,6567,6581,train
fbf1e612-9c27-415c-8e0e-8486ef6e5c19,gp_set_0002,gp_set_0002_vid_0002.MP4,gp_4964,9058,9072,train
50e2eedc-57ba-4958-9dca-a3349928ef07,gp_set_0001,gp_set_0001_vid_0001.MP4,gp_93,8386,8400,train
999911f4-0bad-4444-bef4-852023be6ef9,gp_set_0004,gp_set_0004_vid_0005.MP4,gp_5654,10185,10199,train
12d734ee-20e3-4db9-b0f0-d46f43d2388c,gp_set_0003,gp_set_0003_vid_0002.MP4,gp_2528,13423,13437,test
4036a044-7c18-419d-b3f6-7e610fbd21bc,gp_set_0004,gp_set_0004_vid_0005.MP4,gp_5795,7111,7125,train
7b50d5c0-2848-4964-b3e7-075b6f2758f3,gp_set_0002,gp_set_0002_vid_0002.MP4,gp_5423,8919,8933,train
6b42ad70-6703-4f4b-9c66-5f8e8744b137,gp_set_0004,gp_set_0004_vid_0003.MP4,gp_2534,1065,1079,train
1d0194fa-fca9-473d-aec1-be349181ba81,gp_set_0001,gp_set_0001_vid_0007.MP4,gp_1151,13702,13716,train
0f335405-0409-41be-9426-4bbf858e0dae,gp_set_0003,gp_set_0003_vid_0003.MP4,gp_2966,2110,2124,test
117151dc-4aa6-48a3-bf07-8c8cc53a41f4,gp_set_0001,gp_set_0001_vid_0003.MP4,gp_435,11204,11218,train
d12d6a16-6eaa-4983-929e-1f9595d4db32,gp_set_0006,gp_set_0006_vid_0001.MP4,gp_1843,3403,3417,train
0b5d9e6b-965e-4156-b18c-778eb75b36aa,gp_set_0003,gp_set_0003_vid_0002.MP4,gp_2574,14172,14186,test
5a73af44-6814-4d47-9a7c-5527f16878f0,gp_set_0001,gp_set_0001_vid_0008.MP4,gp_784,4315,4329,train
186fbcc1-3f75-4229-bd4e-e6778acd5b0c,gp_set_0004,gp_set_0004_vid_0002.MP4,gp_3826,12621,12635,train
a301a5f5-0e5b-4d7d-a174-a232382c1f53,gp_set_0002,gp_set_0002_vid_0002.MP4,gp_5421,9023,9037,train
990f401c-bc2f-4396-b43b-17d051b2ab98,gp_set_0003,gp_set_0003_vid_0002.MP4,gp_1833,2587,2601,test
1efed3ac-d6aa-45b5-b351-1e2752b4924b,gp_set_0004,gp_set_0004_vid_0002.MP4,gp_3958,9022,9036,train
96170577-3874-4722-82a8-6d754de74c72,gp_set_0005,gp_set_0005_vid_0005.MP4,gp_5856,7924,7938,test
0dafbc0e-43c6-43a7-83f2-11e626499065,gp_set_0001,gp_set_0001_vid_0003.MP4,gp_36,3701,3715,train
ab42432a-5f26-400a-8f8d-40e9c5b9bbd8,gp_set_0004,gp_set_0004_vid_0002.MP4,gp_3748,18763,18777,train
94f8d3d7-96ba-4ea7-a4ec-e329912eebdc,gp_set_0003,gp_set_0003_vid_0004.MP4,gp_4139,20293,20307,test
f9e48c82-fe89-4c75-ba65-ecc1d09a920b,gp_set_0002,gp_set_0002_vid_0001.MP4,gp_4380,13205,13219,train
e6112422-dc05-48c2-a24f-3de95b035497,gp_set_0004,gp_set_0004_vid_0003.MP4,gp_3534,16645,16659,train
a899d279-965f-4a03-8d83-7637338399db,gp_set_0004,gp_set_0004_vid_0005.MP4,gp_5672,5184,5198,train
fab1b9b9-16b4-4694-81da-98b043408c62,gp_set_0001,gp_set_0001_vid_0001.MP4,gp_96,8429,8443,train
bb285df6-411b-4a50-8f91-9edefee401fd,gp_set_0003,gp_set_0003_vid_0004.MP4,gp_3444,16887,16901,test
e0eac667-3b2a-4f8c-9494-480886617bec,gp_set_0002,gp_set_0002_vid_0005.MP4,gp_3790,7512,7526,train
1ef0244e-9627-4c30-851c-4c318e07534a,gp_set_0003,gp_set_0003_vid_0002.MP4,gp_2706,15234,15248,test
06c68e7b-75af-4992-afa3-91e3c10eb853,gp_set_0004,gp_set_0004_vid_0003.MP4,gp_3094,11183,11197,train
f236b29a-f3d3-420a-9e64-84fb854c6ad4,gp_set_0003,gp_set_0003_vid_0004.MP4,gp_3308,13774,13788,test
179f088b-d254-4cf6-9709-277b469dae26,gp_set_0001,gp_set_0001_vid_0001.MP4,gp_101,7676,7690,train
a66f189b-1188-4b5c-90eb-77c8a4dd06c6,gp_set_0005,gp_set_0005_vid_0002.MP4,gp_4156,4131,4145,test
261322a7-67c0-460d-b3be-c6439b711f9d,gp_set_0001,gp_set_0001_vid_0003.MP4,gp_63,4543,4557,train
b93a39c5-ee35-4fff-a49b-21758d8c6a9e,gp_set_0001,gp_set_0001_vid_0007.MP4,gp_1438,17506,17520,train
894423c3-8553-4cff-a462-54f22e336e56,gp_set_0003,gp_set_0003_vid_0002.MP4,gp_2604,14554,14568,test
4639a015-d985-4c51-92dc-ff2251d1531c,gp_set_0006,gp_set_0006_vid_0001.MP4,gp_2050,10042,10056,train
8714a29b-ccd0-4027-93ba-2f8db1a8374f,gp_set_0004,gp_set_0004_vid_0003.MP4,gp_3276,13816,13830,train
8f4d3762-9aa0-4611-8e9c-83ed64b8ab42,gp_set_0003,gp_set_0003_vid_0002.MP4,gp_2531,13644,13658,test
763af0ac-f5a2-488f-965e-4a25b10c5592,gp_set_0004,gp_set_0004_vid_0005.MP4,gp_5621,1662,1676,train
0a9331bc-3d40-4df0-b06e-21321b2212ee,gp_set_0001,gp_set_0001_vid_0008.MP4,gp_763,4040,4054,train
d22603b2-57fc-4f42-b541-e26a6713eb81,gp_set_0004,gp_set_0004_vid_0002.MP4,gp_3930,7274,7288,train
d65f2d0b-d799-45d9-8913-823282d88d5d,gp_set_0008,gp_set_0008_vid_0005.MP4,gp_6119,6572,6586,test
7af0c506-739c-4cb9-b204-70cea0ec97f3,gp_set_0003,gp_set_0003_vid_0002.MP4,gp_2613,14573,14587,test
7831a16d-12e4-480f-84b4-20e72a2c3923,gp_set_0008,gp_set_0008_vid_0001.MP4,gp_5995,6659,6673,test
69844738-2bfa-44e1-91fa-de4896b0a3ec,gp_set_0003,gp_set_0003_vid_0002.MP4,gp_2684,15181,15195,test
63818f84-780e-4220-8ddd-885bac2f223e,gp_set_0004,gp_set_0004_vid_0003.MP4,gp_3563,17680,17694,train
e42a6eff-4f7e-4635-a011-87b85e13b44a,gp_set_0008,gp_set_0008_vid_0001.MP4,gp_5998,6678,6692,test
a525a66f-ca56-43d6-b10c-3ecff895b82d,gp_set_0003,gp_set_0003_vid_0003.MP4,gp_3194,17659,17673,test
e28f746d-2c59-486c-a6d0-2abddbad6565,gp_set_0003,gp_set_0003_vid_0004.MP4,gp_2715,4318,4332,test
5a0f0c10-e8e4-4c54-ab29-f1d6367e6c8b,gp_set_0001,gp_set_0001_vid_0008.MP4,gp_1023,8433,8447,train
d1bd2e03-7213-4f33-b697-353910c9ab6c,gp_set_0005,gp_set_0005_vid_0001.MP4,gp_1387,3821,3835,test
e91ca2ba-0a0b-4785-b370-fc7298c1cfb7,gp_set_0003,gp_set_0003_vid_0003.MP4,gp_2961,2142,2156,test
38daa112-5983-4fe4-a35c-7238abb74b90,gp_set_0001,gp_set_0001_vid_0005.MP4,gp_587,8538,8552,train
c73ce4a9-9347-4ce9-a981-32963978f720,gp_set_0006,gp_set_0006_vid_0001.MP4,gp_1769,1698,1712,train
ada58d7e-7f44-405b-8d27-d21e3f6c2ea4,gp_set_0003,gp_set_0003_vid_0002.MP4,gp_1804,2144,2158,test
3605dc7e-6b8c-47fe-9ed3-fa12e0a5712c,gp_set_0006,gp_set_0006_vid_0001.MP4,gp_2080,13172,13186,train
0cc5d90a-8ce4-43ca-9450-9f8eda993e65,gp_set_0001,gp_set_0001_vid_0005.MP4,gp_764,17714,17728,train
ffa48646-840f-4864-9209-174a81304de8,gp_set_0003,gp_set_0003_vid_0004.MP4,gp_3617,21101,21115,test
9874976f-c225-474e-b17b-082f035ab39f,gp_set_0003,gp_set_0003_vid_0004.MP4,gp_3148,12171,12185,test
99a2f96d-23a8-45c0-a793-fd88099faccc,gp_set_0003,gp_set_0003_vid_0002.MP4,gp_1910,4119,4133,test
105b6dff-bfc9-4ad2-bd2e-fa895cd4c646,gp_set_0001,gp_set_0001_vid_0007.MP4,gp_1202,8416,8430,train
c4a85858-2210-456d-9c79-cda052ebba0e,gp_set_0008,gp_set_0008_vid_0004.MP4,gp_6525,10173,10187,test
081cb8e6-2cfb-4091-9c90-cf336f0bc70e,gp_set_0001,gp_set_0001_vid_0008.MP4,gp_1106,10434,10448,train
2916c3fc-60bc-4ab8-84fe-0b2eeee3482e,gp_set_0005,gp_set_0005_vid_0001.MP4,gp_1444,4471,4485,test
8131fc2b-f1d0-44ec-85a6-4b1c372017ad,gp_set_0003,gp_set_0003_vid_0002.MP4,gp_2334,10757,10771,test
f35c8d7e-25e1-438c-a5f0-8334767905db,gp_set_0005,gp_set_0005_vid_0001.MP4,gp_1300,1438,1452,test
1ba00ab7-2850-463d-aefc-21d9a8720e7e,gp_set_0001,gp_set_0001_vid_0008.MP4,gp_1156,11972,11986,train
57eacf34-8d8a-4121-8eb6-25e32f42e4b9,gp_set_0003,gp_set_0003_vid_0002.MP4,gp_2595,14482,14496,test
6a6c124a-3406-4aaf-9bb0-9ead640bd208,gp_set_0003,gp_set_0003_vid_0004.MP4,gp_2853,7250,7264,test
8a209cb3-65de-42bd-9f1f-1064d53cff53,gp_set_0004,gp_set_0004_vid_0003.MP4,gp_3354,14448,14462,train
1f94f867-438e-4ead-992a-6a919e96c8fa,gp_set_0005,gp_set_0005_vid_0001.MP4,gp_1683,17075,17089,test
ebd4a2de-562a-4604-8d00-71d3bce419cf,gp_set_0006,gp_set_0006_vid_0002.MP4,gp_4237,12307,12321,train
10a6749e-8be3-4408-9dea-b414166aa60c,gp_set_0004,gp_set_0004_vid_0003.MP4,gp_3216,13394,13408,train
d7595d6c-f924-4e9f-90a8-9d2ba0d0a43a,gp_set_0001,gp_set_0001_vid_0001.MP4,gp_215,12857,12871,train
52786bec-0353-48e1-a5be-26acdfc07d81,gp_set_0008,gp_set_0008_vid_0005.MP4,gp_6123,6745,6759,test
18e4ca4d-1b3e-45c7-bc3c-673dccb28462,gp_set_0001,gp_set_0001_vid_0003.MP4,gp_224,8833,8847,train
5c5a9c42-844e-4091-ac23-5315ae5c128c,gp_set_0005,gp_set_0005_vid_0001.MP4,gp_1457,4520,4534,test
42b3cd0a-d650-435f-bafb-5bf433613fbe,gp_set_0003,gp_set_0003_vid_0003.MP4,gp_2892,433,447,test
79b22205-160d-49b2-ab60-6baa0e691ff7,gp_set_0001,gp_set_0001_vid_0006.MP4,gp_1015,18946,18960,train
3d6e4f3c-02f1-4819-b9ab-611081441ed7,gp_set_0001,gp_set_0001_vid_0007.MP4,gp_1578,20026,20040,train
e29c2554-fb02-4f02-9564-a1f8606cd469,gp_set_0006,gp_set_0006_vid_0001.MP4,gp_1797,2693,2707,train
d1fccb99-4413-43aa-80e8-f98d3b1345d1,gp_set_0005,gp_set_0005_vid_0001.MP4,gp_1371,3574,3588,test
b77d4812-453d-453f-998e-ae3f3074afd5,gp_set_0001,gp_set_0001_vid_0008.MP4,gp_319,6583,6597,train
dad79590-4c17-4741-8bb4-82ce437e75b3,gp_set_0001,gp_set_0001_vid_0005.MP4,gp_483,2685,2699,train
9e99ae33-d6bd-4864-aeb1-9913aaeaa6e5,gp_set_0001,gp_set_0001_vid_0007.MP4,gp_1279,15877,15891,train
8a666a81-8b7e-4297-a88a-8fe6aafc009f,gp_set_0005,gp_set_0005_vid_0005.MP4,gp_5869,8303,8317,test
d7722f58-5d98-43e3-ab32-3fbe219b3efc,gp_set_0001,gp_set_0001_vid_0008.MP4,gp_342,7066,7080,train
b82bcf77-0262-4a8a-b53b-619d9d71d8ca,gp_set_0003,gp_set_0003_vid_0004.MP4,gp_3518,18956,18970,test
f30d9938-cec7-45af-820a-48661be2f742,gp_set_0003,gp_set_0003_vid_0002.MP4,gp_1960,5893,5907,test
73b4e42a-717d-4e55-83c9-853b2277892a,gp_set_0005,gp_set_0005_vid_0001.MP4,gp_1663,16664,16678,test
3508578d-a2ee-4659-81aa-27bfc26502d5,gp_set_0006,gp_set_0006_vid_0001.MP4,gp_1664,148,162,train
13767980-4eb4-461b-9c61-cbcecbe34797,gp_set_0003,gp_set_0003_vid_0002.MP4,gp_2403,11698,11712,test
f554b8c9-993b-4b0c-a573-a9198e44659b,gp_set_0001,gp_set_0001_vid_0008.MP4,gp_345,7099,7113,train
92442c95-8560-4be7-998b-3c605f903056,gp_set_0003,gp_set_0003_vid_0004.MP4,gp_3096,11447,11461,test
5af99966-b7b9-4b8f-9d6b-d1a6bffacd4a,gp_set_0001,gp_set_0001_vid_0008.MP4,gp_1245,12521,12535,train
a5f9695a-0b7f-4ee8-8799-29f9690543f9,gp_set_0004,gp_set_0004_vid_0002.MP4,gp_3842,2379,2393,train
38adc8b1-f357-47ef-b604-74d62de92781,gp_set_0001,gp_set_0001_vid_0008.MP4,gp_1124,11451,11465,train
d72c634c-5293-4752-b9eb-57ecf480e6ad,gp_set_0002,gp_set_0002_vid_0002.MP4,gp_5290,83,97,train
7fb23c0b-591f-4b9c-aaaf-620ef2ede17c,gp_set_0001,gp_set_0001_vid_0006.MP4,gp_864,10687,10701,train
32a29b1e-1527-4296-8cf6-dc9652c85d8c,gp_set_0001,gp_set_0001_vid_0006.MP4,gp_904,14667,14681,train
637def5f-00af-479c-86d4-d7a9afbf91e7,gp_set_0004,gp_set_0004_vid_0003.MP4,gp_3107,11220,11234,train
0e30e48d-ca6f-4ca1-bbbd-9912f3291bf4,gp_set_0001,gp_set_0001_vid_0008.MP4,gp_1303,13686,13700,train
9bd62f98-8a6d-41e8-9a63-ece8e6a56f8d,gp_set_0004,gp_set_0004_vid_0002.MP4,gp_3721,911,925,train
47c8e320-a530-440f-8a06-49d4128d4e07,gp_set_0003,gp_set_0003_vid_0002.MP4,gp_2315,10455,10469,test
49fb872b-88ae-451d-b728-a8e10a27380c,gp_set_0008,gp_set_0008_vid_0004.MP4,gp_6521,9473,9487,test
6e010b8b-9789-4cb5-866d-b67936ed6087,gp_set_0003,gp_set_0003_vid_0002.MP4,gp_1765,947,961,test
9b540368-8b48-4e22-a4f6-3b6f1ef181a2,gp_set_0001,gp_set_0001_vid_0005.MP4,gp_622,12740,12754,train
95e35b08-59a6-4be7-b575-44d4d8a755e4,gp_set_0005,gp_set_0005_vid_0001.MP4,gp_1702,18973,18987,test
0d1817bf-d5c6-4f71-b3f0-3714c50970a9,gp_set_0003,gp_set_0003_vid_0002.MP4,gp_2564,13877,13891,test
1cb39a6a-90af-4437-9789-59ab61cf3e1f,gp_set_0003,gp_set_0003_vid_0001.MP4,gp_3396,9088,9102,test
6a2169e2-f818-4c82-bca7-09bdabcb2c1a,gp_set_0001,gp_set_0001_vid_0006.MP4,gp_1064,20284,20298,train
0bf6cc1e-c164-499c-909c-bfa1f0d1574b,gp_set_0008,gp_set_0008_vid_0005.MP4,gp_6056,2540,2554,test
767e8595-dd67-4efa-9890-7f8b08905e93,gp_set_0001,gp_set_0001_vid_0003.MP4,gp_100,5761,5775,train
6eaacb45-bf93-4a56-bd61-2394fe9d2490,gp_set_0003,gp_set_0003_vid_0002.MP4,gp_1867,3510,3524,test
09ddb47c-9c53-49da-951b-78feec16f043,gp_set_0001,gp_set_0001_vid_0008.MP4,gp_1048,8793,8807,train
60fd613b-14f4-4138-9e86-6a744c077d36,gp_set_0001,gp_set_0001_vid_0005.MP4,gp_624,12810,12824,train
41471d2c-0b2f-4c15-8b30-1db8966e51d1,gp_set_0001,gp_set_0001_vid_0008.MP4,gp_1386,18945,18959,train
98bb420d-355c-4340-a841-6407038809e3,gp_set_0001,gp_set_0001_vid_0003.MP4,gp_242,9162,9176,train
54348359-9576-430b-980f-657dbfef651a,gp_set_0003,gp_set_0003_vid_0002.MP4,gp_2062,7789,7803,test
5a791095-1368-4a27-ba7e-2c67ae905ee7,gp_set_0001,gp_set_0001_vid_0008.MP4,gp_1130,11467,11481,train
a7959e26-705d-44a3-938c-4b1a02ed2554,gp_set_0003,gp_set_0003_vid_0002.MP4,gp_1948,5559,5573,test
d61ab19a-74c4-4e34-b73c-7754ab67701c,gp_set_0004,gp_set_0004_vid_0005.MP4,gp_5564,7384,7398,train
26177cd2-30e7-4e2d-9bb0-9214757641f9,gp_set_0004,gp_set_0004_vid_0003.MP4,gp_2540,1146,1160,train
5712da55-6517-47bb-9fdc-b815054ae716,gp_set_0008,gp_set_0008_vid_0001.MP4,gp_5980,6582,6596,test
45d5c810-c57b-4fad-a0c4-2ee892199f2f,gp_set_0002,gp_set_0002_vid_0001.MP4,gp_4333,7242,7256,train
0fa5d1b2-820b-4591-a428-0b8acddd6182,gp_set_0003,gp_set_0003_vid_0002.MP4,gp_2266,9818,9832,test
53e3fefc-c154-4d1a-9e8f-592bbb44b551,gp_set_0002,gp_set_0002_vid_0002.MP4,gp_5347,4148,4162,train
77d34080-d7e8-47e3-b8a3-1f7fda94d8b6,gp_set_0001,gp_set_0001_vid_0007.MP4,gp_1159,904,918,train
bf147055-8c87-44db-9269-5cb45a7f1b3a,gp_set_0002,gp_set_0002_vid_0001.MP4,gp_4746,7310,7324,train
30647d61-d07d-40fa-ab3d-23f68e231b7f,gp_set_0001,gp_set_0001_vid_0007.MP4,gp_1607,20830,20844,train
65bf39e5-4c16-4222-8355-867335dbb389,gp_set_0003,gp_set_0003_vid_0004.MP4,gp_2929,9726,9740,test
e2ec1d4d-7e46-4b74-bb7f-eff5694003f5,gp_set_0001,gp_set_0001_vid_0008.MP4,gp_322,6674,6688,train
b548f6e9-c74b-4241-b061-c2120cd8f4a9,gp_set_0004,gp_set_0004_vid_0003.MP4,gp_3694,20996,21010,train
509b6232-d31d-4fbf-9b0b-aa195be13fb8,gp_set_0001,gp_set_0001_vid_0005.MP4,gp_473,2460,2474,train
93386b4a-9bb1-49c7-b41e-d89b6e13d276,gp_set_0002,gp_set_0002_vid_0001.MP4,gp_4455,20594,20608,train
b60749c0-c46d-47b7-a278-2e790d213092,gp_set_0004,gp_set_0004_vid_0005.MP4,gp_5768,6467,6481,train
2cb86be7-e1b8-4b9b-8dbc-c96c2e558c80,gp_set_0004,gp_set_0004_vid_0002.MP4,gp_3957,9000,9014,train
0a614004-4c31-4177-9912-13071b544185,gp_set_0003,gp_set_0003_vid_0002.MP4,gp_1980,6145,6159,test
7fb9aba6-e4b2-4bd7-97dc-605e4458c16b,gp_set_0005,gp_set_0005_vid_0001.MP4,gp_1705,19046,19060,test
454882aa-7a64-4d79-be3c-8cb2c201cc0b,gp_set_0003,gp_set_0003_vid_0002.MP4,gp_2250,9690,9704,test
13778d92-4575-4370-9bd8-2db96c41bc87,gp_set_0006,gp_set_0006_vid_0001.MP4,gp_1780,2192,2206,train
78f23c43-89c5-4daf-a384-b19585e8dd8c,gp_set_0003,gp_set_0003_vid_0002.MP4,gp_1798,1897,1911,test
736865db-f878-4d62-ac1d-b33a3f2c7dc1,gp_set_0003,gp_set_0003_vid_0002.MP4,gp_1852,2960,2974,test
31068c6c-2991-4889-bfe9-722a4f4e4904,gp_set_0001,gp_set_0001_vid_0007.MP4,gp_1039,3339,3353,train
adea26d0-4b69-4ede-8685-4d04b3358e6d,gp_set_0004,gp_set_0004_vid_0003.MP4,gp_3329,14243,14257,train
74cbb3a2-2f25-4e02-88d9-f22a4dcdf102,gp_set_0004,gp_set_0004_vid_0003.MP4,gp_3670,19889,19903,train
722b5e07-cb15-4dbe-8cd8-5c6d05e08185,gp_set_0004,gp_set_0004_vid_0005.MP4,gp_5632,1738,1752,train
46f418aa-a960-4f09-874f-0d44444fc7ec,gp_set_0003,gp_set_0003_vid_0002.MP4,gp_2535,13592,13606,test
9bee08c8-93cf-4626-a8e1-f70ec0486200,gp_set_0005,gp_set_0005_vid_0005.MP4,gp_5991,7159,7173,test
cb7a6102-451d-46b5-b831-3f3ab2416e0c,gp_set_0004,gp_set_0004_vid_0002.MP4,gp_3918,6480,6494,train
f1279af1-bf6e-49b8-9d11-b200a7639a49,gp_set_0003,gp_set_0003_vid_0002.MP4,gp_2203,9445,9459,test
63c5a499-ae29-4d53-9a92-0309934399da,gp_set_0005,gp_set_0005_vid_0001.MP4,gp_1502,5689,5703,test
28601d62-0a03-4af8-842b-d9dd964339f4,gp_set_0008,gp_set_0008_vid_0001.MP4,gp_5783,6102,6116,test
e934678f-9f6c-4088-84c8-e59e50d7fa71,gp_set_0004,gp_set_0004_vid_0003.MP4,gp_2458,7248,7262,train
08e4700f-14fa-41fc-aea1-7c80428aceb2,gp_set_0001,gp_set_0001_vid_0003.MP4,gp_562,14801,14815,train
24117578-e9d4-4350-9ff9-c7cb81ce9831,gp_set_0001,gp_set_0001_vid_0002.MP4,gp_384,765,779,train
25a3b433-4162-4481-931d-282dd4d55707,gp_set_0004,gp_set_0004_vid_0003.MP4,gp_3599,18349,18363,train
d139ea13-54d0-416e-8c84-bdd2390c9978,gp_set_0003,gp_set_0003_vid_0004.MP4,gp_2946,9966,9980,test
10285f8a-7a19-46c8-a788-2e8f2f423439,gp_set_0005,gp_set_0005_vid_0002.MP4,gp_4215,7264,7278,test
6432b3ce-bd04-43da-80cd-bbeac8116164,gp_set_0004,gp_set_0004_vid_0003.MP4,gp_2740,7474,7488,train
17bc8e9b-0309-4745-9364-bcbe1f9ed109,gp_set_0003,gp_set_0003_vid_0002.MP4,gp_2184,9191,9204,test
26aa7812-71a4-472e-8e7d-3075ab567ac1,gp_set_0004,gp_set_0004_vid_0003.MP4,gp_2547,1309,1323,train
f16c3aaf-f5c1-4e2a-8a76-c5a358ba0865,gp_set_0001,gp_set_0001_vid_0008.MP4,gp_331,6781,6795,train
68473ab1-4998-4177-80fc-88f9246b24d7,gp_set_0001,gp_set_0001_vid_0008.MP4,gp_967,7859,7873,train
67984aaa-2f15-405d-b8cb-d2d38131fb63,gp_set_0006,gp_set_0006_vid_0001.MP4,gp_1978,9219,9233,train
ce0ef423-359c-4f4b-b2c1-2bdd3720f3c3,gp_set_0004,gp_set_0004_vid_0002.MP4,gp_3898,5372,5386,train
970d267e-51b9-4b6a-a3bc-962ee8fce7c3,gp_set_0005,gp_set_0005_vid_0001.MP4,gp_1505,5747,5761,test
b20d516e-6514-4dd2-895b-2f1f2f46e556,gp_set_0001,gp_set_0001_vid_0002.MP4,gp_509,10861,10875,train
f5b7d1c4-6b3b-4fc7-ab95-6d9764b3ea67,gp_set_0005,gp_set_0005_vid_0001.MP4,gp_1637,14550,14564,test
1a0478a3-6263-44e8-88db-90f88f248c07,gp_set_0003,gp_set_0003_vid_0002.MP4,gp_1928,5246,5260,test
0bf8f721-19a7-429f-bc1c-24e512d9ebfd,gp_set_0004,gp_set_0004_vid_0002.MP4,gp_3850,2566,2580,train
0c721348-2440-4735-b3b9-d9016f7ce3ad,gp_set_0001,gp_set_0001_vid_0008.MP4,gp_1118,11406,11420,train
f7498c03-c5c8-4a63-9ace-cbfdab5103f4,gp_set_0001,gp_set_0001_vid_0007.MP4,gp_1616,20911,20925,train
96ce3045-2716-455e-88b6-edff2eaabfb3,gp_set_0004,gp_set_0004_vid_0003.MP4,gp_3393,14860,14874,train
9bbf5646-80b4-43df-8735-435a92f37c2b,gp_set_0004,gp_set_0004_vid_0003.MP4,gp_2889,10102,10116,train
eafa9197-c49d-4933-b2e4-c15bfde264f7,gp_set_0002,gp_set_0002_vid_0002.MP4,gp_4819,53,67,train
e1af5563-c569-46b2-b0b2-180597def365,gp_set_0005,gp_set_0005_vid_0001.MP4,gp_1490,5326,5340,test
973fb1b3-b5e6-4d07-b72d-d7b49649da3e,gp_set_0004,gp_set_0004_vid_0002.MP4,gp_3954,8946,8960,train
dc766325-0bb0-4966-a90d-097a4f4ac186,gp_set_0003,gp_set_0003_vid_0002.MP4,gp_2417,11868,11882,test
9659a9a3-4e49-4eed-a4b8-98b15875bd52,gp_set_0002,gp_set_0002_vid_0002.MP4,gp_4921,4631,4645,train
58ccd00f-4427-4265-b4f8-6b69b0549d7d,gp_set_0001,gp_set_0001_vid_0008.MP4,gp_1409,19114,19128,train
3f14d352-95b0-4e02-b067-11c7aff09cde,gp_set_0001,gp_set_0001_vid_0003.MP4,gp_451,11774,11788,train
144cb7cb-8edf-445a-ba5b-a2644c4c152f,gp_set_0002,gp_set_0002_vid_0002.MP4,gp_4967,9085,9099,train
4d1bed42-2ee9-4642-9bed-bbb496dde748,gp_set_0003,gp_set_0003_vid_0002.MP4,gp_2388,11341,11355,test
1df9e51a-81eb-4436-bd88-fa09678d2b6a,gp_set_0008,gp_set_0008_vid_0005.MP4,gp_6103,5786,5800,test
5cf62176-2865-431b-bf12-89a76d45430e,gp_set_0003,gp_set_0003_vid_0001.MP4,gp_3267,16509,16523,test
422f5ee6-b32d-4598-bb1c-6747dfd41e94,gp_set_0001,gp_set_0001_vid_0006.MP4,gp_875,10757,10771,train
dc42c8ae-4882-489b-bf22-d04a4716d3b1,gp_set_0005,gp_set_0005_vid_0001.MP4,gp_1328,2098,2112,test
fc99a9a1-d67f-4073-94c9-73c19217eb55,gp_set_0001,gp_set_0001_vid_0008.MP4,gp_1324,15009,15023,train
cb8a9e5a-aa94-4f9a-9c9a-16229e2cb240,gp_set_0004,gp_set_0004_vid_0003.MP4,gp_3027,9402,9416,train
74697b63-7c8d-4b71-b39c-95a47aa73b8c,gp_set_0004,gp_set_0004_vid_0005.MP4,gp_5611,1120,1134,train
063eac0b-899d-4307-9187-4b44ec26ac1d,gp_set_0004,gp_set_0004_vid_0003.MP4,gp_3368,14631,14645,train
0d5f986f-cf62-477c-aa4a-cac3508c469f,gp_set_0006,gp_set_0006_vid_0001.MP4,gp_1679,551,565,train
8d11fa09-3c27-4df2-948a-5ee874e7f472,gp_set_0004,gp_set_0004_vid_0002.MP4,gp_3807,14712,14726,train
4b6953a7-efc5-4d57-9ca7-491b95a47bad,gp_set_0004,gp_set_0004_vid_0001.MP4,gp_3508,9803,9817,train
5ba966e3-54b3-49ac-bfc1-9a3d2dc42d57,gp_set_0003,gp_set_0003_vid_0004.MP4,gp_2809,5819,5833,test
417da308-9995-4058-b389-2f9f37378c41,gp_set_0003,gp_set_0003_vid_0002.MP4,gp_1861,3481,3495,test
9e7446c8-338d-4c5d-9031-055390aa416f,gp_set_0003,gp_set_0003_vid_0003.MP4,gp_2864,230,244,test
359d9473-ca20-4d96-a92b-5cedf206f517,gp_set_0003,gp_set_0003_vid_0004.MP4,gp_3493,18077,18091,test
c9563f06-6ffc-42fc-9bbd-40cbe11ea3b9,gp_set_0004,gp_set_0004_vid_0002.MP4,gp_3860,2939,2953,train
8786aaa9-53f5-4cbd-9b9f-014dede6ab72,gp_set_0001,gp_set_0001_vid_0008.MP4,gp_810,4617,4631,train
1ef75a20-f00a-4d23-ba8f-83f008b4afd8,gp_set_0003,gp_set_0003_vid_0002.MP4,gp_1849,2949,2963,test
a5dd893e-07bf-449e-8e03-ad5bdbf1d1ee,gp_set_0003,gp_set_0003_vid_0002.MP4,gp_1732,94,108,test
dd5ac264-7c59-4c6e-9406-5d6431ae650e,gp_set_0001,gp_set_0001_vid_0007.MP4,gp_1393,16934,16948,train
9a6faa49-c7c0-4ec6-b586-eb20dfaf27f7,gp_set_0001,gp_set_0001_vid_0008.MP4,gp_1345,15800,15814,train
79731cfd-9768-4905-9d76-d139c0d47886,gp_set_0001,gp_set_0001_vid_0003.MP4,gp_530,13736,13750,train
59a3e1a2-c6ad-471e-a01f-5934f3dc38ad,gp_set_0005,gp_set_0005_vid_0001.MP4,gp_1707,19119,19133,test
8960cebc-c816-4aa0-b452-cfcc17c51dc8,gp_set_0004,gp_set_0004_vid_0003.MP4,gp_3674,19935,19949,train
695ed099-590c-4acd-aaa6-4b8ee7326ef1,gp_set_0004,gp_set_0004_vid_0002.MP4,gp_3906,5490,5504,train
e6a9166c-7c1a-436b-98f7-1d220dd17f46,gp_set_0004,gp_set_0004_vid_0003.MP4,gp_2934,9296,9310,train
26878ba4-85db-479e-8d98-aab5bf7d648b,gp_set_0002,gp_set_0002_vid_0001.MP4,gp_4351,9456,9470,train
aee2e2f3-a863-4fce-bb14-686d3898b0f9,gp_set_0003,gp_set_0003_vid_0002.MP4,gp_2254,9706,9720,test
f7f07b7e-5091-4639-a412-0dfc56c10a94,gp_set_0003,gp_set_0003_vid_0004.MP4,gp_2712,3993,4007,test
c428e11b-93c1-440c-86ba-16b013b65716,gp_set_0001,gp_set_0001_vid_0005.MP4,gp_722,14673,14687,train
d5bb09d1-9b7c-48e0-bedb-c18d86e06931,gp_set_0001,gp_set_0001_vid_0008.MP4,gp_728,3172,3186,train
ebfbab16-aebd-4bbd-93e4-b939c384995e,gp_set_0008,gp_set_0008_vid_0004.MP4,gp_6530,10213,10227,test
5ccedb07-2dc1-4095-a28c-c1e24fce478b,gp_set_0001,gp_set_0001_vid_0005.MP4,gp_888,19516,19530,train
0bc56fed-169a-4e5b-bcbe-5ffb994a23a3,gp_set_0004,gp_set_0004_vid_0003.MP4,gp_2846,8204,8218,train
249feb98-c0e7-4709-8c54-50a6e71739cd,gp_set_0001,gp_set_0001_vid_0008.MP4,gp_1340,15478,15492,train
5849e187-fd14-461f-8fbb-c268136d5649,gp_set_0003,gp_set_0003_vid_0002.MP4,gp_2462,20602,20616,test
4452df7b-d8d1-46e2-8705-9c5162af7140,gp_set_0001,gp_set_0001_vid_0003.MP4,gp_156,7541,7555,train
37270585-29bd-459d-959a-9111772b2585,gp_set_0002,gp_set_0002_vid_0002.MP4,gp_4880,2702,2716,train
e60afc67-cf07-4165-9b29-87d46e956421,gp_set_0004,gp_set_0004_vid_0003.MP4,gp_3059,10975,10989,train
b8888807-9f50-43c5-85c1-3d5857c4328f,gp_set_0004,gp_set_0004_vid_0002.MP4,gp_3907,5485,5499,train
9f05ad0c-37bc-4f50-991b-14d9f25aa576,gp_set_0008,gp_set_0008_vid_0005.MP4,gp_6196,5100,5114,test
15ed9704-d58b-4376-974b-f59348cb5092,gp_set_0008,gp_set_0008_vid_0005.MP4,gp_6096,2814,2828,test
f656ff62-74d0-4e0d-be67-3af854d418d0,gp_set_0004,gp_set_0004_vid_0005.MP4,gp_5739,11034,11048,train
16f92135-874c-4ce3-acfb-8bda6077d69b,gp_set_0003,gp_set_0003_vid_0001.MP4,gp_3480,1125,1139,test
094d25b0-ab1c-4047-9caa-608a98272370,gp_set_0004,gp_set_0004_vid_0003.MP4,gp_3203,13672,13686,train
84042ca3-0ef1-4574-a339-970848a7a28a,gp_set_0003,gp_set_0003_vid_0002.MP4,gp_2728,15324,15338,test
2b17c357-8900-4b89-bbc6-4a08809adbc8,gp_set_0004,gp_set_0004_vid_0003.MP4,gp_3086,11118,11132,train
9cf6b2de-2dd6-4294-9a06-35760c068441,gp_set_0004,gp_set_0004_vid_0003.MP4,gp_3224,13440,13454,train
a2160b6c-8e86-4f73-8745-6fba7c0aa25c,gp_set_0001,gp_set_0001_vid_0002.MP4,gp_563,12905,12919,train
fd7383e4-6874-44f6-b5e3-fea92e1c35b3,gp_set_0003,gp_set_0003_vid_0002.MP4,gp_2088,8104,8118,test
532dd301-6459-45d6-b020-60c594d4674b,gp_set_0004,gp_set_0004_vid_0002.MP4,gp_3993,11914,11928,train
92d88352-e1b1-435a-a0cf-9e3ee5001868,gp_set_0001,gp_set_0001_vid_0008.MP4,gp_287,6180,6194,train
766513b8-9d64-4985-9f73-7a3e9c9ede59,gp_set_0006,gp_set_0006_vid_0003.MP4,gp_6935,1782,1796,train
1d7310ae-5b18-4181-9190-da33db7e3e0c,gp_set_0001,gp_set_0001_vid_0005.MP4,gp_360,11705,11719,train
fd471908-7d54-4f6f-966f-f2971efc4472,gp_set_0001,gp_set_0001_vid_0002.MP4,gp_431,3163,3177,train
9604a1f9-1764-4c28-9b03-f4d009e7f6ca,gp_set_0003,gp_set_0003_vid_0002.MP4,gp_1735,137,151,test
f79a530f-687c-40ef-a281-d9e922423fd9,gp_set_0003,gp_set_0003_vid_0003.MP4,gp_2895,485,499,test
726cf905-3377-4d9d-8788-290b5f0fd161,gp_set_0003,gp_set_0003_vid_0002.MP4,gp_2523,13455,13469,test
282e0c2a-3825-494a-8a80-d7c8728ea787,gp_set_0001,gp_set_0001_vid_0002.MP4,gp_517,11382,11396,train
a4898171-87ee-4053-8cb5-65b9a0cdd5c2,gp_set_0003,gp_set_0003_vid_0004.MP4,gp_2826,6284,6298,test
8c3384d0-357d-4384-86d7-04d44d268082,gp_set_0006,gp_set_0006_vid_0001.MP4,gp_1644,83,97,train
72a3135a-5079-4a4a-b553-26a2dccdd247,gp_set_0003,gp_set_0003_vid_0002.MP4,gp_2665,14989,15003,test
3bba686b-4c9c-4ecd-b0bb-e6454dd764fe,gp_set_0003,gp_set_0003_vid_0004.MP4,gp_3143,12153,12167,test
edc90c2c-22b9-4057-8a98-6d70da575ea2,gp_set_0001,gp_set_0001_vid_0006.MP4,gp_999,18669,18683,train
e325c6e5-22f0-45bd-b5ef-17f86e6f5ac6,gp_set_0001,gp_set_0001_vid_0007.MP4,gp_1001,1202,1216,train
3f7ff329-f5d4-4e39-9729-de7667067896,gp_set_0001,gp_set_0001_vid_0007.MP4,gp_1529,18559,18573,train
99ada960-7927-4ef1-b900-15121c471672,gp_set_0001,gp_set_0001_vid_0006.MP4,gp_1043,19505,19519,train
b8557963-fd86-48d6-a7dc-5e18756c1111,gp_set_0001,gp_set_0001_vid_0008.MP4,gp_1360,17504,17518,train
7dbb1d19-1b7d-4c9b-838b-2c3d208a7f06,gp_set_0001,gp_set_0001_vid_0005.MP4,gp_479,2631,2645,train
9255ca80-05a9-48b2-8d26-9825e88eaedb,gp_set_0001,gp_set_0001_vid_0002.MP4,gp_485,10211,10225,train
2073c8a0-d4fb-4695-969d-4dcc493539d3,gp_set_0004,gp_set_0004_vid_0002.MP4,gp_3992,11798,11812,train
982024e5-39cd-4db3-9a62-921c720fed92,gp_set_0001,gp_set_0001_vid_0003.MP4,gp_4,448,462,train
44be5d6f-70bb-4c9c-b623-344a48106fd9,gp_set_0004,gp_set_0004_vid_0005.MP4,gp_5767,6461,6475,train
96da3924-6fd7-46cf-a8fa-73cda58a1075,gp_set_0006,gp_set_0006_vid_0001.MP4,gp_1799,2678,2692,train
6fc3e3eb-1668-4389-bd06-4dfe75ea01d7,gp_set_0008,gp_set_0008_vid_0005.MP4,gp_6095,2810,2824,test
59baeb1f-eaf0-4fac-87e8-0beae9af732b,gp_set_0003,gp_set_0003_vid_0004.MP4,gp_2865,7827,7841,test
5ad0dc3d-ba4a-47f5-b538-c11b4bda32f1,gp_set_0008,gp_set_0008_vid_0001.MP4,gp_5937,10447,10461,test
e43a2ba9-02da-4b4b-bb7b-6beae49b9922,gp_set_0003,gp_set_0003_vid_0002.MP4,gp_2105,8553,8567,test
2987ea53-1945-4ac8-8a9a-5decdcdd35e7,gp_set_0003,gp_set_0003_vid_0002.MP4,gp_2623,14638,14652,test
3372b625-6c19-4455-8731-0c753e4ae1e7,gp_set_0003,gp_set_0003_vid_0001.MP4,gp_3481,1124,1138,test
e0ffe102-1054-45dc-961a-d1e1065d6977,gp_set_0005,gp_set_0005_vid_0001.MP4,gp_1536,6334,6348,test
939f60fb-b3eb-4005-9401-7b82dc859e4f,gp_set_0004,gp_set_0004_vid_0002.MP4,gp_3882,3807,3821,train
408bdfb3-b301-43a3-8d55-6b18ace27a1e,gp_set_0003,gp_set_0003_vid_0002.MP4,gp_2472,21051,21065,test
eb4f1a06-1ca1-441e-a7d4-b35c0a243e4d,gp_set_0001,gp_set_0001_vid_0008.MP4,gp_702,2668,2682,train
09c2cfc9-8fa3-48ed-a434-cbf22c528716,gp_set_0004,gp_set_0004_vid_0005.MP4,gp_5664,2159,2173,train
d4aa4a6c-018b-41f8-9969-17eeec4aeccf,gp_set_0003,gp_set_0003_vid_0002.MP4,gp_2650,14819,14833,test
26829f11-4cd1-4e59-a51a-a7d43c44c47e,gp_set_0003,gp_set_0003_vid_0003.MP4,gp_2976,3577,3591,test
10f68f21-33ba-4064-9d4a-3cdb97f2e72e,gp_set_0005,gp_set_0005_vid_0001.MP4,gp_1434,4253,4267,test
9426e9ca-0290-4bfd-9c32-85a6cf669210,gp_set_0001,gp_set_0001_vid_0007.MP4,gp_1611,20834,20848,train
8dcf143e-4e76-455d-b7fe-ffeccb042a43,gp_set_0003,gp_set_0003_vid_0002.MP4,gp_2502,12730,12744,test
3ff618d9-32de-47a8-8d71-04f1de9aecb6,gp_set_0005,gp_set_0005_vid_0001.MP4,gp_1584,7354,7368,test
e147dd6f-9487-408a-8568-3f3d7bff0b09,gp_set_0003,gp_set_0003_vid_0005.MP4,gp_6972,158,172,test
4e88fd45-7cd0-4e40-b778-56885abfa4ac,gp_set_0004,gp_set_0004_vid_0003.MP4,gp_2888,8770,8784,train
82b61db0-1327-4cd4-a9ce-7ce2becba4d2,gp_set_0001,gp_set_0001_vid_0005.MP4,gp_861,18422,18436,train
031682c2-455e-4a0a-8062-5cd43306244f,gp_set_0001,gp_set_0001_vid_0005.MP4,gp_766,17747,17761,train
55c030ee-d41d-4cf2-9cd4-5225218697cb,gp_set_0003,gp_set_0003_vid_0002.MP4,gp_1857,3237,3251,test
406aae61-1684-4c5f-8d8c-5b1c1a618d34,gp_set_0003,gp_set_0003_vid_0003.MP4,gp_3062,9325,9339,test
5e54f3b6-8451-4544-bddf-dc9414537325,gp_set_0008,gp_set_0008_vid_0001.MP4,gp_5752,5398,5412,test
6a6e9a5f-bd92-470b-af21-18576df776da,gp_set_0004,gp_set_0004_vid_0002.MP4,gp_3989,11578,11592,train
dc19ec25-61e4-421a-a529-5701fc6e3562,gp_set_0001,gp_set_0001_vid_0008.MP4,gp_996,7933,7947,train
1a7d8cf5-75b5-43ff-8c56-595c68e293fa,gp_set_0004,gp_set_0004_vid_0003.MP4,gp_3583,18252,18266,train
a8e59d13-d4cb-4c67-801d-ae0c751d2abf,gp_set_0001,gp_set_0001_vid_0007.MP4,gp_1065,4874,4888,train
4b4bc833-f1b2-4947-8fe1-e9be85c18ce8,gp_set_0002,gp_set_0002_vid_0001.MP4,gp_4407,18293,18307,train
a3cd65e2-d5db-4afb-85bf-e2e26dea80ab,gp_set_0001,gp_set_0001_vid_0007.MP4,gp_1221,10817,10831,train
e3fd9be2-a017-4b26-b6c5-954eea18e3d5,gp_set_0004,gp_set_0004_vid_0002.MP4,gp_3892,4438,4452,train
73991d62-70da-48ab-ae04-3748466d474b,gp_set_0006,gp_set_0006_vid_0001.MP4,gp_1956,8038,8052,train
f10c4b84-bce5-4034-a36d-67fcb2abdc45,gp_set_0006,gp_set_0006_vid_0001.MP4,gp_1691,580,594,train
5fe095ab-5743-4ce2-a1b6-41d8e48acb99,gp_set_0006,gp_set_0006_vid_0001.MP4,gp_1699,653,667,train
7adcc001-6165-40d3-be20-634681f9d377,gp_set_0002,gp_set_0002_vid_0001.MP4,gp_4395,15126,15140,train
19dbbc86-2d21-4281-8359-30421df8808d,gp_set_0003,gp_set_0003_vid_0004.MP4,gp_2680,1740,1754,test
c3468ce3-0a0d-4e16-bc08-ae689828a0ed,gp_set_0001,gp_set_0001_vid_0007.MP4,gp_1252,11792,11806,train
75b08ae0-7d15-4016-8d51-a4cda9f1177d,gp_set_0004,gp_set_0004_vid_0003.MP4,gp_2558,2667,2681,train
7278fff4-a589-4095-81a2-7ae5c44ce45a,gp_set_0003,gp_set_0003_vid_0003.MP4,gp_3075,9739,9753,test
c6ec1afe-944c-4802-b999-bb852265cfce,gp_set_0004,gp_set_0004_vid_0002.MP4,gp_3819,15541,15555,train
0eea19f2-62da-45ea-ab89-277e508ab437,gp_set_0001,gp_set_0001_vid_0008.MP4,gp_1134,11507,11521,train
6de35287-9cfd-468f-93f3-2f6fcc9a0c03,gp_set_0001,gp_set_0001_vid_0008.MP4,gp_1029,8743,8757,train
eae5c2f0-e451-4c38-ae0d-1650a775f1a8,gp_set_0001,gp_set_0001_vid_0008.MP4,gp_330,6780,6794,train
040b102c-86b8-4d52-b997-33d501738cc9,gp_set_0003,gp_set_0003_vid_0002.MP4,gp_2296,10175,10189,test
5716a7ff-ccc4-4788-ba8a-29db8d2cd72b,gp_set_0004,gp_set_0004_vid_0002.MP4,gp_3956,8928,8942,train
6cc6fb74-f54a-4e77-9f4c-6378d3c80f54,gp_set_0005,gp_set_0005_vid_0001.MP4,gp_1525,6254,6268,test
7f149edb-0e98-4aa8-b815-c1607091bc8f,gp_set_0001,gp_set_0001_vid_0005.MP4,gp_434,1514,1528,train
42cceccc-d58d-4427-a2a1-4729ca1b0761,gp_set_0003,gp_set_0003_vid_0002.MP4,gp_2827,19625,19638,test
1ec0dd1a-7661-4dc5-a35f-4014b31f7889,gp_set_0003,gp_set_0003_vid_0002.MP4,gp_2240,9637,9651,test
b08ad8d4-2a87-4cc8-8589-f77b5434372d,gp_set_0001,gp_set_0001_vid_0008.MP4,gp_948,7607,7621,train
e52b2c61-79f7-4e25-bcf0-df71cde5a03a,gp_set_0001,gp_set_0001_vid_0005.MP4,gp_897,19863,19877,train
a5e14f20-3305-4015-befe-f5786fdf159d,gp_set_0003,gp_set_0003_vid_0002.MP4,gp_2608,14544,14558,test
e15b66d4-5999-473d-960c-658cbce524ca,gp_set_0001,gp_set_0001_vid_0008.MP4,gp_1104,9934,9948,train
beccec49-9176-4e1c-bddb-592eb727b1e7,gp_set_0003,gp_set_0003_vid_0002.MP4,gp_2435,12318,12332,test
69ec1d8c-e319-4419-80d6-fcbe2da5906a,gp_set_0008,gp_set_0008_vid_0005.MP4,gp_6120,6666,6680,test
658da890-d11e-4b6f-b0d1-b75d8a1db448,gp_set_0004,gp_set_0004_vid_0005.MP4,gp_5620,1605,1619,train
c71d67ba-95be-46bd-84e5-b3dbc29d9c30,gp_set_0001,gp_set_0001_vid_0001.MP4,gp_91,8299,8313,train
fe8bf7e6-459a-402d-9440-e6a059612221,gp_set_0002,gp_set_0002_vid_0001.MP4,gp_4256,100,114,train
ba4d31c9-676b-4c19-80bd-f8d1ce3cfb81,gp_set_0003,gp_set_0003_vid_0002.MP4,gp_2450,12552,12566,test
a7075ed4-52ce-4a99-bab2-9a23c312e5df,gp_set_0001,gp_set_0001_vid_0007.MP4,gp_1121,12820,12834,train
d7e0564e-074c-4168-aa44-fdef9b780dbf,gp_set_0003,gp_set_0003_vid_0003.MP4,gp_3100,10977,10991,test
d894eef6-86e8-44a4-9388-86cd9f5049b6,gp_set_0001,gp_set_0001_vid_0007.MP4,gp_1483,18026,18040,train
5a9cd9db-e4b1-42e1-932f-e73e290bb230,gp_set_0001,gp_set_0001_vid_0005.MP4,gp_420,985,999,train
8d40e9a3-c9be-426b-9272-0a2b9266c9f5,gp_set_0003,gp_set_0003_vid_0002.MP4,gp_1984,6168,6182,test
8dbad06e-7420-478d-9325-44f5b3226ad6,gp_set_0004,gp_set_0004_vid_0005.MP4,gp_5591,222,236,train
555f8977-996d-4ab2-bbd5-b7507091b35d,gp_set_0001,gp_set_0001_vid_0003.MP4,gp_456,11988,12002,train
a36ae8fa-b080-4584-bc5d-134d7b20107c,gp_set_0005,gp_set_0005_vid_0002.MP4,gp_4216,7266,7280,test
1ce6c914-e604-43b2-bcc4-e80d08ebb507,gp_set_0005,gp_set_0005_vid_0003.MP4,gp_4081,21079,21093,test
aa542e26-fd5a-4a1b-bfa1-45439069e085,gp_set_0003,gp_set_0003_vid_0002.MP4,gp_2376,11107,11121,test
905d3a90-eebd-4913-abb5-58b6649f0d35,gp_set_0004,gp_set_0004_vid_0003.MP4,gp_2729,7311,7325,train
488dcac2-6769-44c0-8019-d8225f878614,gp_set_0001,gp_set_0001_vid_0007.MP4,gp_1323,16320,16334,train
706c23d5-9c95-4a4d-bb0f-9016c4385546,gp_set_0001,gp_set_0001_vid_0005.MP4,gp_849,18241,18255,train
40170102-ddba-464a-9287-671e80cc95f8,gp_set_0004,gp_set_0004_vid_0003.MP4,gp_2915,9391,9405,train
7f203038-52f6-4d20-82fa-e245d3cce66e,gp_set_0004,gp_set_0004_vid_0003.MP4,gp_3349,14376,14390,train
47084a8f-fb7b-459d-9bc1-dc3bbef466c9,gp_set_0002,gp_set_0002_vid_0001.MP4,gp_4327,17170,17184,train
ff2d9348-db63-4683-b8e2-a0c322bf6440,gp_set_0001,gp_set_0001_vid_0008.MP4,gp_1352,16069,16083,train
777a7dfb-c154-48d4-9308-fad73ba81b87,gp_set_0004,gp_set_0004_vid_0003.MP4,gp_2732,7436,7450,train
e4fea305-124a-4520-82e6-e3f78e08478b,gp_set_0004,gp_set_0004_vid_0003.MP4,gp_2516,383,397,train
2976f433-aa93-4add-8156-3cd45475cfde,gp_set_0001,gp_set_0001_vid_0003.MP4,gp_85,4862,4876,train
2ad53bbe-88e0-46a3-bf03-75dfd9cf1fd6,gp_set_0001,gp_set_0001_vid_0007.MP4,gp_1075,5168,5182,train
dad91551-453e-4185-91e4-2a9db11ca1be,gp_set_0001,gp_set_0001_vid_0005.MP4,gp_661,14111,14125,train
7341cd8b-dcea-4268-8305-92d08a185ef3,gp_set_0004,gp_set_0004_vid_0003.MP4,gp_3430,16121,16135,train
4d356d22-0fc1-41f5-a17c-8e6749e58f90,gp_set_0004,gp_set_0004_vid_0002.MP4,gp_3719,20695,20709,train
2f4672e0-39e5-4110-93f7-90f73259bd74,gp_set_0001,gp_set_0001_vid_0007.MP4,gp_1205,8500,8514,train
059bbfc8-cddf-40ff-9fef-de5aa6ef0ba7,gp_set_0003,gp_set_0003_vid_0002.MP4,gp_2044,7439,7453,test
070c8d7a-2a1c-4e6b-b1e8-5686ff0498e7,gp_set_0003,gp_set_0003_vid_0004.MP4,gp_3458,17532,17546,test
5e6d4ff1-69ff-466e-85b9-31727bf5b5bf,gp_set_0004,gp_set_0004_vid_0002.MP4,gp_3917,6468,6482,train
227aab0c-939f-49f8-ba29-c6ccdf524a5e,gp_set_0003,gp_set_0003_vid_0004.MP4,gp_3248,13250,13264,test
882f6af4-e840-415d-ae00-e985355f500e,gp_set_0008,gp_set_0008_vid_0005.MP4,gp_6111,6307,6321,test
857d353d-613a-4891-8fb0-3ef552fede8d,gp_set_0001,gp_set_0001_vid_0003.MP4,gp_423,11064,11078,train
967b8ef9-836b-4b42-96e5-80b24c02aa12,gp_set_0003,gp_set_0003_vid_0002.MP4,gp_2474,21186,21200,test
63ec36d3-329c-4b03-a53a-3e9dfa0ecb68,gp_set_0005,gp_set_0005_vid_0001.MP4,gp_1576,7127,7141,test
5aa82bd2-b207-4e0c-bd58-fdd588d701e0,gp_set_0004,gp_set_0004_vid_0003.MP4,gp_3667,19786,19800,train
8dd6c9d2-1c6d-4ff7-9278-f4c6923c88d0,gp_set_0004,gp_set_0004_vid_0003.MP4,gp_3217,13471,13485,train
e7a2ff0e-89e6-4922-8a8b-233f66fae259,gp_set_0001,gp_set_0001_vid_0008.MP4,gp_620,186,200,train
bf6c378f-f685-4f7e-87d2-5ed827499b74,gp_set_0001,gp_set_0001_vid_0005.MP4,gp_644,13783,13797,train
19619ce4-10d7-40cb-91da-10af596d266f,gp_set_0004,gp_set_0004_vid_0005.MP4,gp_5634,9538,9552,train
00e9dc40-89db-4b8d-9123-c58d659dd317,gp_set_0004,gp_set_0004_vid_0002.MP4,gp_3910,5823,5837,train
75c9e81f-206c-40f8-9b7d-e2befa3dde8d,gp_set_0006,gp_set_0006_vid_0001.MP4,gp_1868,4855,4869,train
37e216e2-6051-4654-9056-f2477a2433da,gp_set_0001,gp_set_0001_vid_0005.MP4,gp_547,3911,3925,train
36337c8c-b0af-4efe-9c90-80776155b220,gp_set_0003,gp_set_0003_vid_0004.MP4,gp_3321,13953,13967,test
17dd3721-d0ec-4dee-90a7-8dc66c613f13,gp_set_0008,gp_set_0008_vid_0004.MP4,gp_6608,11218,11232,test
bcf283ad-fcca-45f2-9ca4-f53a4515a901,gp_set_0003,gp_set_0003_vid_0004.MP4,gp_2993,10461,10475,test
e1c1ab63-14ed-4830-94c5-c3e3ea37394e,gp_set_0006,gp_set_0006_vid_0001.MP4,gp_1983,9273,9287,train
9b463517-724c-48b2-86e8-98011ba1e1f6,gp_set_0003,gp_set_0003_vid_0002.MP4,gp_2524,13467,13481,test
27eddcfb-5c28-4e72-adc4-5a543930d540,gp_set_0006,gp_set_0006_vid_0001.MP4,gp_2630,21181,21195,train
03df91c7-5385-4d47-8ce3-08b2ecbce1c2,gp_set_0006,gp_set_0006_vid_0001.MP4,gp_1694,640,654,train
003dca57-7dde-4047-b538-50a3433f72ed,gp_set_0002,gp_set_0002_vid_0001.MP4,gp_4465,17675,17689,train
66734156-bc2f-4bab-8fd1-63c4970211fa,gp_set_0003,gp_set_0003_vid_0001.MP4,gp_3342,16128,16142,test
ce113b25-46e7-4c43-ac90-e4fcc4677912,gp_set_0004,gp_set_0004_vid_0002.MP4,gp_3736,18310,18324,train
54380f0f-e022-4a8d-9df1-4436660b23e0,gp_set_0001,gp_set_0001_vid_0006.MP4,gp_909,14824,14838,train
5c0911c5-3775-4ece-acaa-6a230590a486,gp_set_0002,gp_set_0002_vid_0001.MP4,gp_4461,21106,21120,train
b884d59c-0c12-46f1-a34c-12235f3e5289,gp_set_0001,gp_set_0001_vid_0002.MP4,gp_427,3163,3177,train
2995340e-4d99-43e7-945b-5bd2688ca500,gp_set_0004,gp_set_0004_vid_0003.MP4,gp_2749,7606,7620,train
5c805968-7714-42f0-ac82-5119ede56c9f,gp_set_0004,gp_set_0004_vid_0003.MP4,gp_2851,8354,8368,train
49a8268c-9af9-40dd-8dde-ffb501dfa179,gp_set_0003,gp_set_0003_vid_0002.MP4,gp_2568,14029,14043,test
4cb95991-7154-46a0-a540-ce05e049b041,gp_set_0004,gp_set_0004_vid_0002.MP4,gp_3852,13459,13473,train
34378e4b-3776-4e7a-8ce6-d9b27ecf5a3e,gp_set_0005,gp_set_0005_vid_0005.MP4,gp_5871,8335,8349,test
0f00bf99-5e76-430d-93e6-16356a5693ec,gp_set_0003,gp_set_0003_vid_0002.MP4,gp_2661,15012,15026,test
3e91d271-b5fd-4336-97f0-a9aa24d6f4fd,gp_set_0004,gp_set_0004_vid_0003.MP4,gp_3016,10443,10457,train
c42558ec-637d-4682-b594-e0142e80008a,gp_set_0008,gp_set_0008_vid_0005.MP4,gp_6058,2644,2658,test
3d726213-cb56-43a4-b76a-30d1b61be04b,gp_set_0003,gp_set_0003_vid_0002.MP4,gp_2338,10836,10850,test
7bf8aded-c352-4520-b588-14f6431de84e,gp_set_0003,gp_set_0003_vid_0004.MP4,gp_2692,2989,3003,test
c8498c75-fb97-431f-838a-1b80a4693c57,gp_set_0002,gp_set_0002_vid_0002.MP4,gp_4972,9346,9360,train
2c1c669a-8c8e-4245-928e-b00e0ca31a68,gp_set_0004,gp_set_0004_vid_0002.MP4,gp_3817,15438,15452,train
5039786d-8fb0-44c0-9017-f344df6630a2,gp_set_0005,gp_set_0005_vid_0005.MP4,gp_5883,7962,7976,test
e8559c21-c8bc-4372-87b1-1e76df46c472,gp_set_0004,gp_set_0004_vid_0003.MP4,gp_3698,21059,21073,train
2a7f963c-f7e4-44ba-a111-d24c45838348,gp_set_0002,gp_set_0002_vid_0001.MP4,gp_4366,11774,11788,train
cfd482fe-2488-466f-a164-8691c82f954f,gp_set_0001,gp_set_0001_vid_0002.MP4,gp_452,6986,7000,train
389ad824-58c1-47d1-984e-57f4368de479,gp_set_0003,gp_set_0003_vid_0004.MP4,gp_3207,12605,12619,test
9583933b-8c7f-4d29-afc6-ceb6e5b9af02,gp_set_0002,gp_set_0002_vid_0001.MP4,gp_4427,19440,19454,train
f0a0e125-fda8-4078-8e0e-ff9e4779c815,gp_set_0001,gp_set_0001_vid_0001.MP4,gp_188,13814,13828,train
604eaa83-94b3-498a-bf9f-639818953efa,gp_set_0004,gp_set_0004_vid_0002.MP4,gp_3960,9060,9074,train
83de4eee-ae3b-42dc-b8c4-9b4952df709c,gp_set_0001,gp_set_0001_vid_0003.MP4,gp_81,4475,4489,train
4748a9dd-5b3b-4670-b7c6-b2d09a55d6a7,gp_set_0001,gp_set_0001_vid_0007.MP4,gp_1239,11565,11579,train
d1393f18-b08f-4143-a591-9495acffa38d,gp_set_0001,gp_set_0001_vid_0005.MP4,gp_687,10022,10036,train
15afe963-e0df-4b3d-9004-9f0429e5a312,gp_set_0004,gp_set_0004_vid_0005.MP4,gp_5781,6719,6733,train
ac7367f9-8b46-43d4-9ba1-960ba9383621,gp_set_0003,gp_set_0003_vid_0002.MP4,gp_2328,10533,10547,test
f23ad6ac-9455-4d85-a64a-31eee6f0dde5,gp_set_0002,gp_set_0002_vid_0002.MP4,gp_4975,9391,9405,train
2ff3283b-8412-49fc-b15a-14996f7ed5aa,gp_set_0001,gp_set_0001_vid_0007.MP4,gp_1226,11468,11482,train
6b4448f6-7029-4f46-88d2-dfb3da967906,gp_set_0006,gp_set_0006_vid_0002.MP4,gp_4260,5768,5782,train
768a9769-a28c-4de4-a929-da648ef69584,gp_set_0004,gp_set_0004_vid_0002.MP4,gp_3900,5400,5414,train
013ecca0-b6a2-4a2d-80f1-c4c2b20ce757,gp_set_0001,gp_set_0001_vid_0001.MP4,gp_3,203,217,train
7733967d-5a3d-4551-8778-0cacd0c24bb6,gp_set_0005,gp_set_0005_vid_0002.MP4,gp_4218,1803,1817,test
75c825bc-3ae2-4804-933b-32d29140725c,gp_set_0004,gp_set_0004_vid_0005.MP4,gp_5729,11011,11025,train
15085842-4bd9-4cbf-af15-bb9ff758bf9b,gp_set_0003,gp_set_0003_vid_0002.MP4,gp_2649,14822,14836,test
9b3749ae-31cf-4b51-93fa-00a447ea536e,gp_set_0007,gp_set_0007_vid_0004.MP4,gp_6615,10715,10729,train
49293184-9350-43c4-8932-416689f285ba,gp_set_0006,gp_set_0006_vid_0001.MP4,gp_1880,4942,4956,train
95729b80-14cd-4546-8815-45b18360bffe,gp_set_0004,gp_set_0004_vid_0001.MP4,gp_3519,8578,8592,train
4061f5a0-4406-4b96-ad9d-4733ae55d163,gp_set_0003,gp_set_0003_vid_0002.MP4,gp_1842,2684,2698,test
d6509441-3f52-4847-8541-2d7fbd04e23c,gp_set_0003,gp_set_0003_vid_0004.MP4,gp_3102,11723,11737,test
d48c611b-52b7-4bf9-9aaa-b1fa120b8402,gp_set_0003,gp_set_0003_vid_0002.MP4,gp_1759,823,837,test
a2a5756c-cd41-414a-8cf6-1946cd15f89b,gp_set_0002,gp_set_0002_vid_0002.MP4,gp_4973,9365,9379,train
e65bcc4b-7290-401b-941d-07cca5608c55,gp_set_0001,gp_set_0001_vid_0008.MP4,gp_305,6444,6458,train
98ed313f-7491-4104-933c-c62291198dbf,gp_set_0001,gp_set_0001_vid_0001.MP4,gp_97,8430,8444,train
f956fb81-a63e-4a33-840f-453ed7f228c3,gp_set_0005,gp_set_0005_vid_0001.MP4,gp_1649,15149,15163,test
20c04704-83e1-42c0-b2da-47b4e6fb1965,gp_set_0003,gp_set_0003_vid_0002.MP4,gp_1853,3077,3091,test
48965c47-467a-4173-96d9-fb4e4c574eec,gp_set_0004,gp_set_0004_vid_0005.MP4,gp_5775,6521,6535,train
dff90e8b-a808-4c65-bf73-e22f6084ff15,gp_set_0001,gp_set_0001_vid_0001.MP4,gp_2,429,443,train
0e91c95e-9266-40ac-9dca-19f74e5bfe16,gp_set_0003,gp_set_0003_vid_0002.MP4,gp_2397,11432,11446,test
5e0ef70f-9217-47c8-aebf-63d8c4f1959a,gp_set_0003,gp_set_0003_vid_0002.MP4,gp_2483,12568,12582,test
2be99d54-84ea-47b7-adc7-ffe2353b80a0,gp_set_0003,gp_set_0003_vid_0003.MP4,gp_3176,17122,17136,test
afd68d8a-184c-4706-9e94-e681f9e480cf,gp_set_0001,gp_set_0001_vid_0007.MP4,gp_1448,17587,17601,train
a35bd1fa-77a0-4a4b-8808-0b480caded15,gp_set_0005,gp_set_0005_vid_0001.MP4,gp_1468,4620,4634,test
d604153b-6cfe-4d02-b35f-ab6eb2e2c857,gp_set_0004,gp_set_0004_vid_0003.MP4,gp_2818,8086,8100,train
8600d847-6987-4644-8087-f1d60d26d224,gp_set_0001,gp_set_0001_vid_0001.MP4,gp_206,12855,12869,train
4d4a87f9-4fe5-4751-a1ac-9c8fa8559901,gp_set_0004,gp_set_0004_vid_0002.MP4,gp_3808,14716,14730,train
cecb7516-1dff-4abd-b27d-afec4be1c1b8,gp_set_0003,gp_set_0003_vid_0002.MP4,gp_2396,11440,11454,test
33c63d6a-86a6-4613-a947-ae8de2bcc8f1,gp_set_0001,gp_set_0001_vid_0008.MP4,gp_302,6415,6429,train
11fc91bc-597b-4004-a3c1-436e9d3d6db7,gp_set_0003,gp_set_0003_vid_0002.MP4,gp_2243,9633,9647,test
1632795c-4a97-47a3-898d-c9952797a05f,gp_set_0006,gp_set_0006_vid_0001.MP4,gp_2159,15203,15217,train
292954d7-70c0-4963-91b5-4559697d13d7,gp_set_0001,gp_set_0001_vid_0007.MP4,gp_1489,18209,18223,train
d442b085-d2c7-424c-8c9a-af4d17472c3f,gp_set_0006,gp_set_0006_vid_0001.MP4,gp_1789,2674,2688,train
500f7d11-3003-42b2-ade5-a3860f82cba6,gp_set_0003,gp_set_0003_vid_0004.MP4,gp_3274,13426,13440,test
808d9807-d1b0-4c37-9ec5-52ef92a95e90,gp_set_0001,gp_set_0001_vid_0008.MP4,gp_1363,17564,17578,train
02fb66f5-a8e5-416c-a28d-0cf7ba1f3e1b,gp_set_0001,gp_set_0001_vid_0008.MP4,gp_1101,9718,9732,train
95cc17a7-a882-4601-a543-b1b92f35bdc0,gp_set_0003,gp_set_0003_vid_0002.MP4,gp_2052,7705,7719,test
0b5e43d9-5223-4276-8480-508f3317c527,gp_set_0001,gp_set_0001_vid_0007.MP4,gp_1257,11891,11905,train
f4266ae3-bb4a-43b4-966f-5fd053514175,gp_set_0003,gp_set_0003_vid_0004.MP4,gp_3443,16881,16895,test
2b54b88e-8c48-4b7d-8842-d834cadeeca1,gp_set_0001,gp_set_0001_vid_0003.MP4,gp_105,5962,5976,train
88739413-fa39-4a23-8718-29e13c2f6717,gp_set_0001,gp_set_0001_vid_0003.MP4,gp_39,4041,4055,train
2c2dcb39-e18b-464b-b636-90f6e49f4b38,gp_set_0002,gp_set_0002_vid_0005.MP4,gp_3798,10827,10841,train
8e67f88d-6573-4b78-a6fd-b4d139cff134,gp_set_0001,gp_set_0001_vid_0008.MP4,gp_1294,13488,13502,train
b833145e-fec5-4a29-8cec-74e02a2a6c6a,gp_set_0003,gp_set_0003_vid_0004.MP4,gp_3483,17983,17997,test
74294332-dff8-42b1-a404-9a6ed467431d,gp_set_0005,gp_set_0005_vid_0002.MP4,gp_4190,258,272,test
2c075975-dbcc-4def-bc61-3141a3fbdd09,gp_set_0004,gp_set_0004_vid_0003.MP4,gp_3546,17230,17244,train
68b46565-bad3-4392-acd2-337e41090f91,gp_set_0003,gp_set_0003_vid_0003.MP4,gp_2885,487,501,test
ab03ef19-33dd-4831-bd41-59750a1acdd4,gp_set_0001,gp_set_0001_vid_0007.MP4,gp_1204,8464,8478,train
d52ed6f9-8914-4c2c-b522-14a7a487e5cd,gp_set_0004,gp_set_0004_vid_0001.MP4,gp_3498,9050,9064,train
615a21af-7acf-48de-ae44-8b5afa4e3e18,gp_set_0003,gp_set_0003_vid_0002.MP4,gp_2395,11418,11432,test
c692d764-9e7a-496d-97a1-6f5d12596774,gp_set_0001,gp_set_0001_vid_0007.MP4,gp_1178,14478,14492,train
165ea933-d469-4168-965e-70af419bc4c8,gp_set_0003,gp_set_0003_vid_0002.MP4,gp_2570,14075,14089,test
6c3e2eb9-8989-494d-8c06-1867b2c5c416,gp_set_0004,gp_set_0004_vid_0002.MP4,gp_3931,7724,7738,train
d226e334-f5ae-43bc-9ef4-0369c560f243,gp_set_0004,gp_set_0004_vid_0002.MP4,gp_3711,129,143,train
fafbf260-b22f-4c5d-afd3-9f4b8bfd4e74,gp_set_0001,gp_set_0001_vid_0008.MP4,gp_1320,14641,14655,train
7b345eca-7645-4c8d-a1a6-3b88f11c8291,gp_set_0001,gp_set_0001_vid_0008.MP4,gp_1119,11408,11422,train
50fb4564-4ce9-410d-a143-69f5047f0431,gp_set_0001,gp_set_0001_vid_0008.MP4,gp_896,5173,5187,train
ccaa8be8-ae81-49c6-b494-50d0bc76b9a4,gp_set_0003,gp_set_0003_vid_0002.MP4,gp_2784,16976,16990,test
90bbf583-2964-4195-aa4b-5e8cfffd6440,gp_set_0001,gp_set_0001_vid_0008.MP4,gp_748,3806,3820,train
002a6e92-5e95-47c9-bcbc-42deaae277c4,gp_set_0003,gp_set_0003_vid_0002.MP4,gp_2677,15082,15096,test
2059c41d-b55e-4e34-8ea6-cc97d4609db2,gp_set_0001,gp_set_0001_vid_0007.MP4,gp_1531,18705,18719,train
e18ba189-222b-4a73-a455-0b1a205e4cf1,gp_set_0004,gp_set_0004_vid_0003.MP4,gp_2816,8015,8029,train
315ad6a6-d740-4c01-8f01-cf1abb668388,gp_set_0006,gp_set_0006_vid_0001.MP4,gp_1958,8175,8189,train
d7212188-395c-4753-9807-2b5a9dddf54f,gp_set_0005,gp_set_0005_vid_0001.MP4,gp_1566,6953,6967,test
e3752df4-6918-4794-a158-3325165f9ff0,gp_set_0003,gp_set_0003_vid_0004.MP4,gp_3275,13442,13456,test
197c9142-8f03-47a2-8ac5-814b18a090b9,gp_set_0001,gp_set_0001_vid_0007.MP4,gp_1614,20925,20939,train
be14ad62-7e71-4f0b-963c-41302f27b952,gp_set_0001,gp_set_0001_vid_0005.MP4,gp_692,10289,10303,train
adf4aa4a-0305-4daf-bdd1-565db136ee5d,gp_set_0001,gp_set_0001_vid_0006.MP4,gp_769,7268,7282,train
258f20c2-c3d2-4de0-a803-a9c9b5cf2f6a,gp_set_0006,gp_set_0006_vid_0001.MP4,gp_1924,5899,5913,train
dc84ba7c-6e05-46a1-8156-e852a0dd8f51,gp_set_0003,gp_set_0003_vid_0004.MP4,gp_3265,13305,13319,test
c2905c62-bf78-4ddc-9fa8-588436695b9b,gp_set_0002,gp_set_0002_vid_0002.MP4,gp_5432,11848,11862,train
274a1cb1-0aa3-418f-a0ae-fc1698be30bd,gp_set_0006,gp_set_0006_vid_0001.MP4,gp_1985,9436,9450,train
5acf146d-126a-4734-9b0f-ba5c0ce4b6ec,gp_set_0003,gp_set_0003_vid_0002.MP4,gp_2353,10931,10945,test
0ec1b820-9e77-48a3-be30-5cb3e854e096,gp_set_0001,gp_set_0001_vid_0005.MP4,gp_925,20348,20362,train
5301e276-044b-43c5-b55b-df30f02fec27,gp_set_0002,gp_set_0002_vid_0001.MP4,gp_4341,17210,17224,train
5ba46a7f-2170-4224-aba7-cc9f5235668b,gp_set_0001,gp_set_0001_vid_0007.MP4,gp_1131,13084,13098,train
1b5d79c2-1e4e-4b25-a6c2-39778b2e3d96,gp_set_0002,gp_set_0002_vid_0001.MP4,gp_4246,16285,16299,train
7446bc97-2189-4745-9c34-b8d32d72c57c,gp_set_0004,gp_set_0004_vid_0003.MP4,gp_3007,10324,10338,train
5aa6e5cd-2cd6-43e4-8954-407bc7bf3961,gp_set_0006,gp_set_0006_vid_0002.MP4,gp_4288,15936,15950,train
ab5dcc58-663e-4bcd-98d0-f59e36e3103b,gp_set_0003,gp_set_0003_vid_0002.MP4,gp_2552,13763,13777,test
d567f783-b943-43f3-93af-5bf1ca38ef71,gp_set_0001,gp_set_0001_vid_0008.MP4,gp_1385,18801,18815,train
6b3aa5ca-3a3e-4afb-852f-cb784d0f1d64,gp_set_0005,gp_set_0005_vid_0005.MP4,gp_5849,6523,6537,test
ed4121d6-cbb9-460b-a9ba-effe9188cf01,gp_set_0004,gp_set_0004_vid_0003.MP4,gp_3006,10317,10331,train
b4ee6384-15c8-4282-970d-7279d024795a,gp_set_0001,gp_set_0001_vid_0003.MP4,gp_20,1370,1384,train
079913f4-fac5-45be-b234-07c849000ede,gp_set_0001,gp_set_0001_vid_0002.MP4,gp_495,10400,10414,train
3ffc9bfd-f455-4203-9ac5-c250a5324f98,gp_set_0004,gp_set_0004_vid_0003.MP4,gp_3305,13978,13992,train
03c74c56-95e3-4c5e-896e-7699ec39de93,gp_set_0001,gp_set_0001_vid_0007.MP4,gp_976,304,318,train
bbbb3b0e-fefb-4368-aa94-cd42fba8b11d,gp_set_0003,gp_set_0003_vid_0002.MP4,gp_2539,13570,13584,test
9dd42e09-7b13-466d-89bb-fd9978145bcb,gp_set_0002,gp_set_0002_vid_0001.MP4,gp_4273,1617,1631,train
26b695a7-4727-437a-b8c4-11b58572799e,gp_set_0004,gp_set_0004_vid_0003.MP4,gp_3053,10936,10950,train
c34eb81a-9c54-4ca9-9b0f-7a2d659e6589,gp_set_0002,gp_set_0002_vid_0001.MP4,gp_4394,15108,15122,train
19337dc8-ba4b-43ba-b5a0-b84e70ffee40,gp_set_0003,gp_set_0003_vid_0002.MP4,gp_2099,8367,8381,test
82ad1e01-d351-4835-a196-ebad0b333c0d,gp_set_0003,gp_set_0003_vid_0002.MP4,gp_1968,5943,5957,test
074439ce-333f-4943-9c89-3f1b1bde56bc,gp_set_0001,gp_set_0001_vid_0001.MP4,gp_15,3004,3018,train
f1b91002-0827-42ea-b9bb-2bc77134bdc0,gp_set_0006,gp_set_0006_vid_0001.MP4,gp_1684,448,462,train
fbbe174d-a469-4986-acfd-dcdcd8631412,gp_set_0003,gp_set_0003_vid_0004.MP4,gp_3513,18840,18854,test
0d93f174-d92c-466b-8ccb-bb3555b220fc,gp_set_0002,gp_set_0002_vid_0001.MP4,gp_4456,20574,20588,train
48042cdb-1d34-4826-9aae-f83cb3c42cb7,gp_set_0006,gp_set_0006_vid_0002.MP4,gp_4319,20890,20904,train
375385b4-3ee4-4d19-a054-f2f54a80334a,gp_set_0005,gp_set_0005_vid_0001.MP4,gp_1545,6648,6662,test
23962399-c544-410d-a932-444c05cef3a9,gp_set_0004,gp_set_0004_vid_0003.MP4,gp_3067,11034,11048,train
d8c421fb-89ef-4d2b-818d-c3f8b91d570b,gp_set_0002,gp_set_0002_vid_0001.MP4,gp_4299,5278,5292,train
ccf4825b-3060-4e16-8f02-347f5afc9807,gp_set_0001,gp_set_0001_vid_0007.MP4,gp_1246,15207,15221,train
82c4ed95-83f5-4947-8ef1-cc8a0989d987,gp_set_0001,gp_set_0001_vid_0006.MP4,gp_677,3294,3308,train
bac179be-e45c-493a-ae63-62629d892391,gp_set_0003,gp_set_0003_vid_0002.MP4,gp_2059,7733,7747,test
6c582d2d-41c8-4013-9b44-b840ff0f2301,gp_set_0003,gp_set_0003_vid_0004.MP4,gp_2977,10285,10299,test
eb7cd351-5889-41cd-998f-d32550ba7abb,gp_set_0003,gp_set_0003_vid_0003.MP4,gp_2997,4106,4120,test
67d3e70f-2360-4e6c-a255-040830c87037,gp_set_0001,gp_set_0001_vid_0007.MP4,gp_1586,20303,20317,train
f55d6041-a4c5-49a7-939c-39e4a05cf73c,gp_set_0003,gp_set_0003_vid_0001.MP4,gp_3436,7886,7900,test
d2970d67-3f66-4114-94b5-cf25279a7de2,gp_set_0004,gp_set_0004_vid_0002.MP4,gp_3890,4274,4288,train
3fea9787-f6ad-4546-abb5-ff3d5d8ca551,gp_set_0005,gp_set_0005_vid_0001.MP4,gp_1582,7314,7328,test
b698cb5e-90b6-40c1-b50c-c01a65a41c29,gp_set_0001,gp_set_0001_vid_0008.MP4,gp_1348,16046,16060,train
5a90b530-835f-4c0b-9f0a-8b7301c40c31,gp_set_0004,gp_set_0004_vid_0002.MP4,gp_3720,21116,21130,train
0d9662cd-69a2-4740-b6e4-bbf88674289d,gp_set_0001,gp_set_0001_vid_0008.MP4,gp_725,3169,3183,train
efd1fca8-9dce-4143-ae5f-5e3509d98b4f,gp_set_0005,gp_set_0005_vid_0001.MP4,gp_1507,5776,5790,test
be8e1812-a11a-4153-80e5-ef56a726868b,gp_set_0001,gp_set_0001_vid_0002.MP4,gp_5546,10237,10251,train
df5fa1a1-e4d4-4a17-a2a1-d8c0639aca50,gp_set_0001,gp_set_0001_vid_0008.MP4,gp_335,6965,6979,train
10147e33-6e39-4ffe-b41d-eec72c43f90e,gp_set_0002,gp_set_0002_vid_0005.MP4,gp_3781,7317,7331,train
32335288-b7a3-439e-88cc-e8ae8da68d4c,gp_set_0001,gp_set_0001_vid_0001.MP4,gp_135,10045,10059,train
a6329bfd-03fd-4837-8190-936f1adb729c,gp_set_0001,gp_set_0001_vid_0008.MP4,gp_1422,19524,19538,train
f7789d97-866b-4261-a1e8-5a50c7e6dedd,gp_set_0002,gp_set_0002_vid_0001.MP4,gp_4443,20251,20265,train
0e797915-526c-4a88-8958-b8156ac9fdc9,gp_set_0001,gp_set_0001_vid_0008.MP4,gp_1137,11567,11581,train
9f32be2e-2bc5-4b8e-ba31-9814a04ce2a2,gp_set_0004,gp_set_0004_vid_0003.MP4,gp_3257,13752,13766,train
3e6143fb-e1f6-4786-8d30-3da383c96527,gp_set_0003,gp_set_0003_vid_0002.MP4,gp_2440,12411,12425,test
01ed6bdc-bb3c-4a74-aa40-9480bea03093,gp_set_0004,gp_set_0004_vid_0003.MP4,gp_3632,18977,18991,train
5b2950e0-974c-4ba7-9874-76fb75305ebe,gp_set_0006,gp_set_0006_vid_0001.MP4,gp_1812,2791,2805,train
477ab6c7-e3f7-4632-a0ff-d8d6f648a323,gp_set_0001,gp_set_0001_vid_0008.MP4,gp_753,3863,3877,train
67851ad5-56d2-4eeb-8abd-fc1815e28985,gp_set_0003,gp_set_0003_vid_0004.MP4,gp_3234,13030,13044,test
d3394dfc-0959-44c0-b51f-20afa3f82cdb,gp_set_0001,gp_set_0001_vid_0005.MP4,gp_717,14579,14593,train
8235bcd7-cf2b-4b7b-b0c5-11325b30fec5,gp_set_0003,gp_set_0003_vid_0004.MP4,gp_3259,13283,13297,test
cd59998b-02eb-464e-a32b-7391d65d7d91,gp_set_0001,gp_set_0001_vid_0008.MP4,gp_1100,9728,9742,train
67e3066b-9b16-42aa-9f2d-11bf8f09c9c9,gp_set_0001,gp_set_0001_vid_0008.MP4,gp_845,4678,4692,train
2e5869fc-a887-4349-9d26-cae9b3b1f309,gp_set_0001,gp_set_0001_vid_0007.MP4,gp_1218,10623,10637,train
dc4d046b-50d4-4616-b7b2-f896c0603dfa,gp_set_0003,gp_set_0003_vid_0004.MP4,gp_2840,6781,6795,test
961b666b-646c-41af-b692-11f57294b15d,gp_set_0001,gp_set_0001_vid_0003.MP4,gp_12,600,614,train
c8ae9891-c7ce-428b-9566-8a5830ab5c5d,gp_set_0006,gp_set_0006_vid_0001.MP4,gp_2098,13255,13269,train
e1b99e2c-25af-47a5-a3e1-a65106ace979,gp_set_0001,gp_set_0001_vid_0007.MP4,gp_1004,1446,1460,train
7508013c-9328-4c5a-866c-2298bd3eaa07,gp_set_0005,gp_set_0005_vid_0001.MP4,gp_1598,7737,7751,test
60e5c7fb-cf09-4924-aace-b7126aebc062,gp_set_0004,gp_set_0004_vid_0002.MP4,gp_3964,9245,9259,train
12eaed36-a9d4-4b2b-bd19-b7281b42787f,gp_set_0001,gp_set_0001_vid_0007.MP4,gp_1555,19405,19419,train
89186d0a-0f94-4c36-be72-b74f02c24eba,gp_set_0005,gp_set_0005_vid_0005.MP4,gp_5864,6808,6822,test
2ef98b3f-0dc0-48b4-bc4f-ea429b0c1ef8,gp_set_0002,gp_set_0002_vid_0002.MP4,gp_5410,7980,7994,train
3d6d4957-01a6-4b01-b22c-61cf0acd4b70,gp_set_0004,gp_set_0004_vid_0003.MP4,gp_3391,14795,14809,train
fbe6171f-3933-4e60-8a20-41b496031c85,gp_set_0004,gp_set_0004_vid_0002.MP4,gp_3774,19732,19746,train
6b2fcc01-f558-46e2-922c-2db26cb20b6e,gp_set_0001,gp_set_0001_vid_0001.MP4,gp_52,6633,6647,train
7df4ad92-a3bc-4dbd-b15c-b858fde5d373,gp_set_0004,gp_set_0004_vid_0001.MP4,gp_3566,2278,2292,train
0b3bb212-77bf-438d-835d-4aad4f0bc9c3,gp_set_0001,gp_set_0001_vid_0007.MP4,gp_1019,1527,1541,train
96005940-ea4f-48e2-a8b2-aa7556494edc,gp_set_0002,gp_set_0002_vid_0001.MP4,gp_4429,19555,19569,train
e0d318cf-b016-445c-be68-089aa8af03a4,gp_set_0002,gp_set_0002_vid_0001.MP4,gp_4391,14234,14248,train
eea6fac9-6540-4e63-b524-85b89f75ec3c,gp_set_0004,gp_set_0004_vid_0003.MP4,gp_2605,5716,5730,train
6fe5dc54-57d7-4de6-b21d-5db3c4966644,gp_set_0003,gp_set_0003_vid_0001.MP4,gp_3294,17854,17868,test
bddcc984-602c-4f93-a153-d0b95f94e77e,gp_set_0003,gp_set_0003_vid_0004.MP4,gp_3221,12761,12775,test
754c7c2a-7b97-44aa-ab06-654b44d0fb9d,gp_set_0003,gp_set_0003_vid_0001.MP4,gp_3392,11854,11868,test
ed551da3-4b4a-4eb8-80fc-434384ec5cd9,gp_set_0001,gp_set_0001_vid_0005.MP4,gp_362,11802,11816,train
12e813d5-308b-4cab-abc1-32622ec9b076,gp_set_0001,gp_set_0001_vid_0005.MP4,gp_357,11498,11512,train
753ffc55-f8c8-4dd6-806a-9c8a8d05cc33,gp_set_0003,gp_set_0003_vid_0002.MP4,gp_2682,15197,15211,test
193fbe04-024b-4a54-923c-0d6db729f75d,gp_set_0003,gp_set_0003_vid_0002.MP4,gp_2234,9593,9607,test
0d39296a-0b63-4cce-a83c-5e851c964617,gp_set_0003,gp_set_0003_vid_0002.MP4,gp_1828,2565,2579,test
a56f3b35-45dc-4791-827a-38ffed9e69fa,gp_set_0003,gp_set_0003_vid_0002.MP4,gp_1784,1644,1658,test
4aa452d2-3193-421e-ab6d-7d228cf0068d,gp_set_0003,gp_set_0003_vid_0002.MP4,gp_1882,3779,3793,test
99c347c8-5b24-476f-99f8-795fc66f9783,gp_set_0001,gp_set_0001_vid_0007.MP4,gp_1211,9592,9606,train
69258ef4-c470-41fd-82e6-ec3fc6b660d8,gp_set_0001,gp_set_0001_vid_0002.MP4,gp_570,12985,12999,train
78a5865a-c17f-470e-bd80-c823840fb55a,gp_set_0001,gp_set_0001_vid_0002.MP4,gp_561,12806,12820,train
b9aa3810-f8eb-4e25-bade-9262a39b6f35,gp_set_0004,gp_set_0004_vid_0003.MP4,gp_2747,7495,7509,train
f8564061-890f-4a12-ae10-8f900ee1da37,gp_set_0002,gp_set_0002_vid_0001.MP4,gp_4413,18434,18448,train
c2e7d541-1718-4eaf-9726-d3d154f77555,gp_set_0004,gp_set_0004_vid_0002.MP4,gp_3943,8580,8594,train
17243d93-8143-4c04-bc0d-66210b115951,gp_set_0003,gp_set_0003_vid_0002.MP4,gp_1904,4077,4091,test
e742c009-644a-4d7d-83b8-cf9298a895ac,gp_set_0004,gp_set_0004_vid_0003.MP4,gp_2686,6613,6627,train
1f6e9b7f-6dd9-4ceb-b06c-bc8a3dd912a8,gp_set_0001,gp_set_0001_vid_0002.MP4,gp_555,12742,12756,train
b679227d-d3aa-48d0-a4f9-da7adbb97d4c,gp_set_0001,gp_set_0001_vid_0007.MP4,gp_1251,11795,11809,train
fb6b4508-e81f-4ec3-95ac-fcb87f03bfad,gp_set_0007,gp_set_0007_vid_0004.MP4,gp_6554,7215,7229,train
66d5717f-32ea-44c3-a976-e40d61a02481,gp_set_0005,gp_set_0005_vid_0001.MP4,gp_1459,4532,4546,test
0e9c0b94-849e-433b-b9f0-e3d8ddf509d8,gp_set_0001,gp_set_0001_vid_0002.MP4,gp_597,14047,14061,train
8f09fb03-d238-4dbe-8ced-01d1bbdd1bcd,gp_set_0001,gp_set_0001_vid_0005.MP4,gp_549,4102,4116,train
c912be6f-7188-4720-b3f7-b89e53742b59,gp_set_0004,gp_set_0004_vid_0003.MP4,gp_3263,13810,13824,train
5f28d5c1-4886-4153-aff3-035bef73771c,gp_set_0001,gp_set_0001_vid_0008.MP4,gp_927,7275,7289,train
9730b90c-5929-45e4-a982-92bc9807fb09,gp_set_0004,gp_set_0004_vid_0005.MP4,gp_5583,289,303,train
5685ac2e-aca2-4ab2-b743-c376772c2fe4,gp_set_0003,gp_set_0003_vid_0002.MP4,gp_2007,6477,6491,test
ff7537c3-8049-4184-88cc-94ff113b8710,gp_set_0001,gp_set_0001_vid_0005.MP4,gp_726,14841,14855,train
565c6e7e-be33-4894-931b-10934ff4e230,gp_set_0001,gp_set_0001_vid_0002.MP4,gp_573,13048,13062,train
8741e2fe-431e-4eec-bed3-f926da0fbca8,gp_set_0008,gp_set_0008_vid_0004.MP4,gp_6518,9233,9247,test
a9af79e5-0fe8-469c-9719-620dc021d0c0,gp_set_0003,gp_set_0003_vid_0002.MP4,gp_2364,11014,11028,test
bb5bee01-c6f1-4401-a345-4f2041555b32,gp_set_0005,gp_set_0005_vid_0005.MP4,gp_5887,7144,7158,test
bbf0e5f1-9c64-4256-9ae9-353cc572492c,gp_set_0001,gp_set_0001_vid_0005.MP4,gp_482,2656,2670,train
b65cc256-7b5b-4658-89fe-587aa48c1c06,gp_set_0001,gp_set_0001_vid_0008.MP4,gp_373,7107,7121,train
259a6bb3-6a94-4977-ad45-1c6d3155e352,gp_set_0001,gp_set_0001_vid_0007.MP4,gp_1602,20718,20732,train
bc20b04b-97bd-48d9-a636-45a9a833208f,gp_set_0002,gp_set_0002_vid_0005.MP4,gp_3773,3701,3715,train
99f52652-8526-4e09-bd6a-75a3b75be98d,gp_set_0001,gp_set_0001_vid_0005.MP4,gp_634,13473,13487,train
d960c744-9868-40c6-8aae-081ae0b754ca,gp_set_0003,gp_set_0003_vid_0002.MP4,gp_2101,8491,8505,test
83605451-8249-49b9-9977-dd34de6342ee,gp_set_0001,gp_set_0001_vid_0001.MP4,gp_86,8125,8139,train
e812fb54-dd49-4a5e-b1b4-135f8897472a,gp_set_0006,gp_set_0006_vid_0001.MP4,gp_2083,13192,13206,train
0fc1dadd-80fc-4b87-be55-81c1429049b9,gp_set_0008,gp_set_0008_vid_0001.MP4,gp_5997,6668,6682,test
3cf088d3-d674-488b-bafd-6cd4e6a2d7da,gp_set_0004,gp_set_0004_vid_0001.MP4,gp_3570,2375,2389,train
3db69145-c920-4b64-9a2e-01e9dbea62d1,gp_set_0001,gp_set_0001_vid_0007.MP4,gp_1636,21191,21205,train
1061042d-7ef5-46f2-9be0-3af4631269da,gp_set_0004,gp_set_0004_vid_0003.MP4,gp_2852,8340,8354,train
be5a49ff-3c33-42d2-8e61-12fd0c75c557,gp_set_0003,gp_set_0003_vid_0004.MP4,gp_2909,9221,9235,test
7e7e9077-7154-41c8-9785-403066932c8e,gp_set_0003,gp_set_0003_vid_0002.MP4,gp_2212,9472,9486,test
627c3395-2bb5-49d5-86f7-236e754cbf26,gp_set_0003,gp_set_0003_vid_0002.MP4,gp_2386,11220,11234,test
58e56dd0-b43a-4408-b6f5-d2d480b868fd,gp_set_0008,gp_set_0008_vid_0005.MP4,gp_6115,6380,6394,test
79e7ad89-262c-44c8-bae2-1ae382d4e716,gp_set_0005,gp_set_0005_vid_0002.MP4,gp_4160,4323,4337,test
362d3c25-be46-4256-a02f-aa3bf7e53439,gp_set_0001,gp_set_0001_vid_0003.MP4,gp_19,1107,1121,train
20f75026-c450-4db8-8574-f5a10b17dd77,gp_set_0001,gp_set_0001_vid_0005.MP4,gp_907,20154,20168,train
e45a7198-773f-48dc-8506-55bea9481889,gp_set_0001,gp_set_0001_vid_0008.MP4,gp_775,4256,4270,train
92c79706-3acb-4bf6-af57-a54367a95a3e,gp_set_0001,gp_set_0001_vid_0007.MP4,gp_1044,3622,3636,train
da64741f-34b5-483d-b757-a98ea306f124,gp_set_0002,gp_set_0002_vid_0001.MP4,gp_4434,19837,19851,train
f98be0a0-d5f7-41cb-a9bb-59b51df6bde3,gp_set_0005,gp_set_0005_vid_0001.MP4,gp_1475,4808,4822,test
41fbb2c6-a74b-4199-ae30-896b99919d15,gp_set_0001,gp_set_0001_vid_0007.MP4,gp_1513,18379,18393,train
1d39d0e5-53a1-401b-937d-958d097eceb6,gp_set_0003,gp_set_0003_vid_0002.MP4,gp_2010,6654,6668,test
f4ad78d3-fa56-40e4-be89-b5c4ef1244b9,gp_set_0004,gp_set_0004_vid_0005.MP4,gp_5724,10814,10828,train
a4fdf68c-ac3c-4c3e-bec4-bbc23f80019c,gp_set_0004,gp_set_0004_vid_0003.MP4,gp_3049,10965,10979,train
c06f3d34-f1a7-4058-abb2-519487f9ca66,gp_set_0001,gp_set_0001_vid_0007.MP4,gp_1595,20584,20598,train
ccb67133-3246-4364-9bf4-d38160f7c4c6,gp_set_0005,gp_set_0005_vid_0001.MP4,gp_1668,16869,16883,test
14d1e0c3-9d50-4bd2-ab45-87fb242b5527,gp_set_0006,gp_set_0006_vid_0001.MP4,gp_2024,11822,11836,train
b1ff8e63-276c-4b89-b193-270b90e81c86,gp_set_0002,gp_set_0002_vid_0001.MP4,gp_4337,7304,7318,train
a39a8245-42dd-4aba-a4ae-7e36235f7f55,gp_set_0002,gp_set_0002_vid_0002.MP4,gp_4989,9663,9677,train
4fa71a49-3889-4c6c-af8b-d55b15ca8334,gp_set_0001,gp_set_0001_vid_0007.MP4,gp_1273,12093,12107,train
8cbdba87-8db5-4d7d-babb-a1f143db7cb3,gp_set_0003,gp_set_0003_vid_0004.MP4,gp_3591,20917,20931,test
e40eefd1-d8c0-41e4-8a52-0531ce64b1df,gp_set_0002,gp_set_0002_vid_0005.MP4,gp_3782,7313,7327,train
4bf4211f-0e8a-4c99-b67e-c7ca01757cd0,gp_set_0005,gp_set_0005_vid_0001.MP4,gp_1470,4659,4673,test
1c277f53-184a-4620-9c1d-e7001a9f9bed,gp_set_0003,gp_set_0003_vid_0002.MP4,gp_2471,20928,20942,test
a9294ee2-d7af-41a9-8c36-61c2d332e78f,gp_set_0001,gp_set_0001_vid_0007.MP4,gp_1421,17122,17136,train
5ac16afd-1715-4266-a940-4826b5ed0f8b,gp_set_0002,gp_set_0002_vid_0002.MP4,gp_4868,2386,2400,train
20a09a00-a7f2-42c1-b3ef-360775c4dfa5,gp_set_0002,gp_set_0002_vid_0002.MP4,gp_5060,8990,9004,train
93d72a34-e605-4b91-a350-469aaccbb488,gp_set_0001,gp_set_0001_vid_0003.MP4,gp_552,14430,14444,train
648c0d42-f86a-4e12-ba6a-8d2f96876130,gp_set_0005,gp_set_0005_vid_0002.MP4,gp_4219,1812,1826,test
6401fbeb-ed42-4c09-b27c-cbaa41260486,gp_set_0006,gp_set_0006_vid_0001.MP4,gp_1877,4916,4930,train
3bbc8e67-d599-41ff-9c44-05819606b605,gp_set_0004,gp_set_0004_vid_0002.MP4,gp_3879,3676,3690,train
eaf9b97a-42f0-4d77-aaf6-318e00077e0e,gp_set_0003,gp_set_0003_vid_0002.MP4,gp_2545,13754,13768,test
90521967-88e7-46c3-b0f2-404fab57514a,gp_set_0002,gp_set_0002_vid_0002.MP4,gp_4940,4892,4906,train
9bd6890a-ac3e-45ca-9910-2d24b289db68,gp_set_0001,gp_set_0001_vid_0007.MP4,gp_1424,17395,17409,train
936a4143-bd63-4e80-a66e-146d438b0261,gp_set_0003,gp_set_0003_vid_0002.MP4,gp_2331,10602,10616,test
96b80287-2a63-4ed8-a69b-d39be3a3606c,gp_set_0001,gp_set_0001_vid_0003.MP4,gp_422,10998,11012,train
16ed8e54-c9b5-42f1-8b3f-cab0a7accc4b,gp_set_0001,gp_set_0001_vid_0008.MP4,gp_880,4942,4956,train
e13ed8f5-cbdc-4ee6-b12b-4980683844d2,gp_set_0003,gp_set_0003_vid_0004.MP4,gp_2819,5927,5941,test
6dabd579-6cdd-431d-a4a6-daee6ed5c84d,gp_set_0008,gp_set_0008_vid_0005.MP4,gp_6133,7416,7430,test
00e28110-53f2-42b3-b460-2a806c32a685,gp_set_0002,gp_set_0002_vid_0002.MP4,gp_5306,1059,1073,train
2f7e5335-2a55-481c-8fd8-9ca1aeafdf43,gp_set_0001,gp_set_0001_vid_0001.MP4,gp_104,7832,7846,train
b50e33d6-7569-4cbd-bf29-5bd91e4e0d54,gp_set_0004,gp_set_0004_vid_0002.MP4,gp_3733,18123,18137,train
2b5c56e7-906e-4061-b3e4-6f43e0b5f957,gp_set_0001,gp_set_0001_vid_0003.MP4,gp_564,14833,14847,train
8360a511-7128-4094-b6e8-492e2cae1a94,gp_set_0005,gp_set_0005_vid_0001.MP4,gp_1487,5154,5168,test
848b1b53-906c-4154-b97a-2ddd5c52d9e2,gp_set_0004,gp_set_0004_vid_0001.MP4,gp_3597,3169,3183,train
81ce919e-ee9a-4b6c-bbad-e24c8fb02733,gp_set_0004,gp_set_0004_vid_0002.MP4,gp_3932,7998,8012,train
3d1b6965-9d44-42b4-bc0e-2174cba5e12c,gp_set_0005,gp_set_0005_vid_0001.MP4,gp_1659,16417,16431,test
0660630d-a46b-43a1-a4db-fa114a2146d0,gp_set_0001,gp_set_0001_vid_0005.MP4,gp_910,20175,20189,train
22be6190-d1c2-4d69-bcef-8370008709bd,gp_set_0003,gp_set_0003_vid_0002.MP4,gp_2110,8549,8563,test
2de26f67-4dc4-4db4-b6e6-df3d771b615a,gp_set_0001,gp_set_0001_vid_0006.MP4,gp_738,6431,6445,train
e2a2e654-02eb-4ac2-8c75-5827b452e50a,gp_set_0001,gp_set_0001_vid_0005.MP4,gp_671,14175,14189,train
a27604c6-09e0-42a9-9b39-dc4d9527a76f,gp_set_0003,gp_set_0003_vid_0004.MP4,gp_3124,12069,12083,test
fac5646f-74c2-42ac-a7e3-8d6bbc89d754,gp_set_0001,gp_set_0001_vid_0008.MP4,gp_1143,11783,11797,train
5a919234-3734-4add-b20c-52c5eb8bb1e5,gp_set_0004,gp_set_0004_vid_0002.MP4,gp_3981,9942,9956,train
874c0f89-30e0-437d-a0f0-90e1dba276b0,gp_set_0004,gp_set_0004_vid_0002.MP4,gp_3847,2523,2537,train
2dcb153e-d58b-46f2-b20a-efb1d99fd8f9,gp_set_0008,gp_set_0008_vid_0004.MP4,gp_6516,8366,8380,test
d55a6937-02e7-43bf-94a7-a9e6f2fe7eb4,gp_set_0006,gp_set_0006_vid_0001.MP4,gp_1845,3872,3886,train
d3e59964-8366-4bbf-8a84-4082479c918f,gp_set_0004,gp_set_0004_vid_0002.MP4,gp_3944,8557,8571,train
2174ac38-5295-47dc-ac66-c5517dbe84d3,gp_set_0006,gp_set_0006_vid_0001.MP4,gp_1738,1117,1131,train
6ff18ee5-6e8b-47b0-b252-75b01afedc9e,gp_set_0003,gp_set_0003_vid_0002.MP4,gp_1744,225,239,test
caf08fa5-47e6-4716-8436-448f9363aab2,gp_set_0005,gp_set_0005_vid_0001.MP4,gp_1286,282,296,test
2c4f9914-63c3-4326-9539-256add7ab189,gp_set_0003,gp_set_0003_vid_0004.MP4,gp_3340,14317,14331,test
bdc64002-95b4-4526-bab5-ab25f8f76df7,gp_set_0005,gp_set_0005_vid_0001.MP4,gp_1540,6464,6478,test
362f2e6b-e3ec-4bd5-a272-eab9e20eb4bb,gp_set_0004,gp_set_0004_vid_0005.MP4,gp_5786,7067,7081,train
a75e02ab-3657-4fa5-afe1-4f6a8e1f789b,gp_set_0001,gp_set_0001_vid_0006.MP4,gp_819,8962,8976,train
356876a0-3bef-4d7f-a7e8-12061fff8f59,gp_set_0001,gp_set_0001_vid_0006.MP4,gp_1058,20220,20234,train
5d82e9f3-3a8b-41a7-9aee-18a977eec2d4,gp_set_0003,gp_set_0003_vid_0004.MP4,gp_3346,14743,14757,test
45a4f7ab-89e0-4d5f-bac0-194bd3c3d9d8,gp_set_0003,gp_set_0003_vid_0002.MP4,gp_2302,10357,10371,test
2cbfe2d5-e076-4644-9389-9dde5c56ae51,gp_set_0002,gp_set_0002_vid_0001.MP4,gp_4321,3793,3807,train
540e7a18-b47f-4c2d-b31e-9126f8825c80,gp_set_0001,gp_set_0001_vid_0008.MP4,gp_662,466,480,train
da26b23c-986c-4d82-b318-09d129894ee9,gp_set_0008,gp_set_0008_vid_0001.MP4,gp_5911,9528,9542,test
66420b68-30d3-479f-9b36-7817753ba652,gp_set_0006,gp_set_0006_vid_0001.MP4,gp_1859,4618,4632,train
3b30860f-d9a8-4834-bce8-f61f98cd4f45,gp_set_0002,gp_set_0002_vid_0001.MP4,gp_4336,17242,17256,train
9873bd71-c412-4be0-b4f1-65c9f7ce7bb0,gp_set_0003,gp_set_0003_vid_0004.MP4,gp_3437,16843,16857,test
2eb24c1e-742f-4ff2-a7a0-8dab09b1f5be,gp_set_0003,gp_set_0003_vid_0002.MP4,gp_2227,9540,9554,test
1430b31b-dbdd-4c21-b55a-f288a4ec027a,gp_set_0001,gp_set_0001_vid_0001.MP4,gp_106,8439,8453,train
2f0d3a6a-f44a-4b92-8d20-25fc8bd58fbf,gp_set_0004,gp_set_0004_vid_0003.MP4,gp_3673,19946,19960,train
29706619-36d4-4640-9647-bf340656de14,gp_set_0006,gp_set_0006_vid_0001.MP4,gp_2104,13339,13353,train
a8963c1e-d03f-40f9-9a18-a7f78ebe7552,gp_set_0003,gp_set_0003_vid_0002.MP4,gp_2069,7826,7840,test
605c601c-caa5-4a4b-a323-89221ad5d877,gp_set_0001,gp_set_0001_vid_0006.MP4,gp_711,6197,6211,train
e1080515-c3b5-4385-9eed-bb8d4748951a,gp_set_0001,gp_set_0001_vid_0001.MP4,gp_185,13727,13741,train
eed1cf9a-c14c-447b-8312-0583702a46ab,gp_set_0008,gp_set_0008_vid_0005.MP4,gp_6040,2417,2431,test
730f4508-cd9e-4702-854d-65a30221ad3a,gp_set_0008,gp_set_0008_vid_0001.MP4,gp_6022,7168,7182,test
56dbf042-0342-42a6-8382-37b89c0df21b,gp_set_0005,gp_set_0005_vid_0001.MP4,gp_1290,1097,1111,test
a9eb0c1f-d684-4117-8c5e-9cbc7274ee15,gp_set_0003,gp_set_0003_vid_0004.MP4,gp_2887,8962,8976,test
da7d8630-53a5-4214-8018-63d452e053d4,gp_set_0003,gp_set_0003_vid_0004.MP4,gp_3099,11419,11433,test
5e1b99ef-ed3b-4081-bc00-6e10bd78b2b2,gp_set_0002,gp_set_0002_vid_0002.MP4,gp_4860,2244,2258,train
cbc65f90-67e7-4899-999f-146d5cbebaad,gp_set_0002,gp_set_0002_vid_0001.MP4,gp_4312,1546,1560,train
e84c3e9f-97de-427d-afcc-3b7df62d8935,gp_set_0001,gp_set_0001_vid_0001.MP4,gp_178,13539,13553,train
b292dd5e-bf3b-4535-8f4d-72688223e0fa,gp_set_0003,gp_set_0003_vid_0002.MP4,gp_2578,14347,14361,test
0d19df5e-c359-4bdd-9deb-a2c9e1ddcccd,gp_set_0002,gp_set_0002_vid_0001.MP4,gp_4444,20237,20251,train
a76f5813-137b-4e80-a8d9-3413082ae833,gp_set_0003,gp_set_0003_vid_0002.MP4,gp_1949,5514,5528,test
5bd5fe03-68f6-43a6-bec7-dff9fb1c9ca7,gp_set_0008,gp_set_0008_vid_0001.MP4,gp_6011,6920,6934,test
c298300b-7747-432e-8372-66ea15c54b70,gp_set_0006,gp_set_0006_vid_0001.MP4,gp_1792,2677,2691,train
5a4725f4-1539-4994-8132-d897c30f08e2,gp_set_0002,gp_set_0002_vid_0002.MP4,gp_4957,15632,15646,train
5fbdba54-2775-430c-be04-63296857e518,gp_set_0001,gp_set_0001_vid_0003.MP4,gp_445,11663,11677,train
c7f54b8b-91de-41a3-b6d2-cfe26bb6d147,gp_set_0001,gp_set_0001_vid_0003.MP4,gp_254,10448,10462,train
38754eea-6833-44fb-bdba-1b8c26395de7,gp_set_0004,gp_set_0004_vid_0001.MP4,gp_3585,2599,2613,train
dccd330c-111d-439f-83c5-b62c2bc772cd,gp_set_0001,gp_set_0001_vid_0005.MP4,gp_439,1498,1511,train
8406ba30-cbf2-4648-9d9b-77b7a73ff8dd,gp_set_0001,gp_set_0001_vid_0005.MP4,gp_353,11303,11317,train
d7132f78-ef50-4143-b049-5f4940c720df,gp_set_0001,gp_set_0001_vid_0008.MP4,gp_884,4945,4959,train
8815ebb8-bd22-436e-a4f6-253f0fd0f9c0,gp_set_0002,gp_set_0002_vid_0002.MP4,gp_4831,986,1000,train
3c53c7e7-be36-4ee9-9263-63fb004b6417,gp_set_0001,gp_set_0001_vid_0001.MP4,gp_70,6916,6930,train
a97901e6-c8c8-4769-a45e-bf5e82b9a6c1,gp_set_0003,gp_set_0003_vid_0001.MP4,gp_3264,16271,16285,test
b6912841-398b-4ac5-babd-349c3e3128b6,gp_set_0001,gp_set_0001_vid_0007.MP4,gp_1613,20869,20883,train
d3803b5b-7971-49dc-900e-081cdc0b0645,gp_set_0001,gp_set_0001_vid_0007.MP4,gp_1096,5575,5589,train
adb0d2dc-8839-4348-97ad-454443ebe737,gp_set_0003,gp_set_0003_vid_0001.MP4,gp_3384,12194,12208,test
2d9550bc-498f-47be-8668-51428a9c266d,gp_set_0001,gp_set_0001_vid_0008.MP4,gp_1017,8351,8365,train
bfac8e0a-ca69-4cf8-a19e-c493742e5630,gp_set_0001,gp_set_0001_vid_0005.MP4,gp_532,3626,3640,train
7bb1a295-a451-46a9-ae3c-e895775ba8b3,gp_set_0002,gp_set_0002_vid_0002.MP4,gp_4890,3376,3390,train
8c7cd71f-e8c6-42ab-936b-eb83ab9d3831,gp_set_0001,gp_set_0001_vid_0007.MP4,gp_1225,14811,14825,train
e29698ad-8567-487b-a6ad-651bef8862dd,gp_set_0005,gp_set_0005_vid_0002.MP4,gp_4204,9330,9344,test
579e491b-4eea-4b93-872b-5028d405f37b,gp_set_0001,gp_set_0001_vid_0008.MP4,gp_1085,9484,9498,train
3066c6ef-f364-4eb8-ad8a-b1d6055657b8,gp_set_0005,gp_set_0005_vid_0001.MP4,gp_1309,1597,1611,test
0c4344d5-2897-47c3-b830-d2f0cd37c0dd,gp_set_0003,gp_set_0003_vid_0002.MP4,gp_2289,10021,10035,test
a2c30e7c-18ee-4a58-8963-0c44bf0f53e0,gp_set_0003,gp_set_0003_vid_0002.MP4,gp_2162,8852,8866,test
cf0ba8d1-9722-438f-9b8e-062a0edbc886,gp_set_0003,gp_set_0003_vid_0002.MP4,gp_2761,15870,15884,test
c317e38d-a285-4d5d-b8c1-32618e056a7e,gp_set_0006,gp_set_0006_vid_0001.MP4,gp_2636,21192,21206,train
55f6b8d0-e01d-42f3-be73-d27dbdd419ab,gp_set_0008,gp_set_0008_vid_0001.MP4,gp_5907,9090,9104,test
5f479b4e-b8de-4c84-96f1-4292e3898955,gp_set_0003,gp_set_0003_vid_0002.MP4,gp_2467,20864,20878,test
e45665e8-d31c-4a1a-945a-6fee9800e663,gp_set_0008,gp_set_0008_vid_0005.MP4,gp_6179,4474,4488,test
1271fd8d-5f5f-448d-85b2-bb32c108e20a,gp_set_0005,gp_set_0005_vid_0001.MP4,gp_1367,3114,3128,test
dcc8ff14-1334-4046-b1ef-1c667c766bf3,gp_set_0001,gp_set_0001_vid_0001.MP4,gp_182,13708,13722,train
f4a45115-096b-4561-9ddd-235a340ac7df,gp_set_0003,gp_set_0003_vid_0003.MP4,gp_3092,10323,10337,test
e22cd47d-72d4-45a3-9b40-4a25249b9e4c,gp_set_0003,gp_set_0003_vid_0002.MP4,gp_2611,14557,14571,test
c5136bc4-d1a5-4f74-839c-47f8f77781d0,gp_set_0001,gp_set_0001_vid_0005.MP4,gp_854,18272,18286,train
fbd1baef-b00b-481d-bbd6-7a2ba2e24044,gp_set_0004,gp_set_0004_vid_0003.MP4,gp_3406,15008,15022,train
9d3eef0f-6cf4-43f2-bb2c-00aaefc8098a,gp_set_0004,gp_set_0004_vid_0001.MP4,gp_3510,9987,10001,train
a024c89f-9af8-4276-8427-573913d2d9bf,gp_set_0006,gp_set_0006_vid_0001.MP4,gp_1817,2934,2948,train
e913be95-12c7-4b4c-9892-407b764e9a81,gp_set_0001,gp_set_0001_vid_0007.MP4,gp_1228,11472,11486,train
3b146a04-8613-411c-abf8-7016fb578d91,gp_set_0001,gp_set_0001_vid_0001.MP4,gp_82,7987,8001,train
0b171c75-951b-4417-9f9d-5fa3543b39da,gp_set_0003,gp_set_0003_vid_0002.MP4,gp_2414,11842,11856,test
009f0a9c-faab-4f52-9b7e-332a51e91199,gp_set_0004,gp_set_0004_vid_0003.MP4,gp_3315,14022,14036,train
cfa436bb-03b8-4905-a3ba-60c82d996327,gp_set_0003,gp_set_0003_vid_0002.MP4,gp_2092,8203,8217,test
c8379102-44b5-43c4-8e16-45d07c1d4541,gp_set_0004,gp_set_0004_vid_0003.MP4,gp_3251,13649,13663,train
ec3c0fb1-2a1f-4d62-94c9-68cac05c7af9,gp_set_0001,gp_set_0001_vid_0005.MP4,gp_928,20324,20338,train
f26eec08-e2a0-44e8-8dc0-1d7be9b5957c,gp_set_0006,gp_set_0006_vid_0001.MP4,gp_1655,112,126,train
20ba14f8-c5ae-477e-b176-c3e75621abf9,gp_set_0005,gp_set_0005_vid_0005.MP4,gp_5819,7465,7479,test
01091996-1ae9-4d60-9440-40c2d8f5e1a6,gp_set_0004,gp_set_0004_vid_0002.MP4,gp_3897,5335,5349,train
4f2c5f3a-e5c6-4f38-884d-744ef11ed0f2,gp_set_0001,gp_set_0001_vid_0008.MP4,gp_691,2192,2206,train
2ece7e5e-ebbc-4c85-8173-a87454a6cdaf,gp_set_0003,gp_set_0003_vid_0003.MP4,gp_2958,1854,1868,test
fed18181-9ebc-4482-9654-45cc42f20ede,gp_set_0004,gp_set_0004_vid_0002.MP4,gp_3891,4339,4353,train
6f2794d1-d9cd-4a6f-8b8a-ec232ed3662d,gp_set_0005,gp_set_0005_vid_0001.MP4,gp_1645,15103,15117,test
6f2019cb-9501-4829-ad54-59e3a6bcf1ed,gp_set_0001,gp_set_0001_vid_0008.MP4,gp_297,6356,6370,train
865db9ed-a618-490b-a231-2afcb96145b7,gp_set_0001,gp_set_0001_vid_0007.MP4,gp_1413,17108,17122,train
6dae9c69-afda-441b-9b2e-c2667220e98b,gp_set_0001,gp_set_0001_vid_0003.MP4,gp_71,5308,5322,train
126eff1b-75b7-4976-a24f-82e9061f72d0,gp_set_0003,gp_set_0003_vid_0004.MP4,gp_3331,14133,14147,test
85f6f942-841d-480a-8bf9-81ad3f023973,gp_set_0001,gp_set_0001_vid_0008.MP4,gp_1308,14258,14272,train
220b3323-44c9-45db-b8b2-8b9dbd11b110,gp_set_0003,gp_set_0003_vid_0004.MP4,gp_3503,18696,18710,test
fff55417-b1c8-4a03-a6a9-03067a8f2fc9,gp_set_0008,gp_set_0008_vid_0005.MP4,gp_6148,3630,3644,test
658feab5-e8b1-4fe6-a944-f0a59db9a742,gp_set_0005,gp_set_0005_vid_0005.MP4,gp_5880,7037,7051,test
2ba93edc-e430-4fc0-955c-218cfd167265,gp_set_0003,gp_set_0003_vid_0002.MP4,gp_2797,18045,18059,test
b2fcc476-8bd3-457e-a8a7-07feff61d19d,gp_set_0004,gp_set_0004_vid_0002.MP4,gp_3983,10059,10073,train
b0da33be-ec60-4c8c-8da3-42d026447bcd,gp_set_0002,gp_set_0002_vid_0002.MP4,gp_5385,5323,5337,train
a6f1ed31-6e20-4dee-ac88-52b873bf1898,gp_set_0003,gp_set_0003_vid_0002.MP4,gp_2760,15652,15666,test
b901f0c0-c674-49fb-ab2c-22ee62deb278,gp_set_0001,gp_set_0001_vid_0002.MP4,gp_598,14046,14060,train
3acf1573-0380-41a3-bad4-2b3fc7b3f490,gp_set_0001,gp_set_0001_vid_0008.MP4,gp_317,6584,6598,train
b830d8f9-2920-4fe3-a1ce-c3294069ac20,gp_set_0003,gp_set_0003_vid_0004.MP4,gp_3116,11963,11977,test
4f9455de-b769-407a-9364-3ff8aecb08c9,gp_set_0001,gp_set_0001_vid_0005.MP4,gp_633,13442,13456,train
6b239a5f-626c-4725-b6b1-72e4aa24f0de,gp_set_0004,gp_set_0004_vid_0003.MP4,gp_2862,8517,8531,train
3aeb49f4-6149-4824-ae89-008f1dd25738,gp_set_0002,gp_set_0002_vid_0001.MP4,gp_4268,1577,1591,train
bb2b7c46-0249-4914-bac8-801eb0d4f061,gp_set_0005,gp_set_0005_vid_0001.MP4,gp_1338,2185,2199,test
1f0ce04c-75f1-4d0f-8d84-2ecd57385886,gp_set_0001,gp_set_0001_vid_0003.MP4,gp_112,6101,6115,train
b458e74f-f6ee-4136-9673-f9616f07d052,gp_set_0004,gp_set_0004_vid_0002.MP4,gp_3844,2406,2420,train
5b7852eb-44f8-4807-b958-2db8a27c05ea,gp_set_0003,gp_set_0003_vid_0002.MP4,gp_1912,4255,4269,test
9fca33ef-5767-430f-8b00-3eb6422e68c8,gp_set_0004,gp_set_0004_vid_0001.MP4,gp_3544,4508,4522,train
6625f065-81de-463b-8656-c8103c54f8e2,gp_set_0004,gp_set_0004_vid_0003.MP4,gp_3609,18434,18448,train
3fe1dbef-10ef-4f5e-a76d-2f99c332e9b9,gp_set_0002,gp_set_0002_vid_0001.MP4,gp_4316,1622,1636,train
c3dc6c98-8119-43ab-80cf-5b761ef1f78c,gp_set_0004,gp_set_0004_vid_0003.MP4,gp_2646,6213,6227,train
eff511cb-7ac6-4a73-a93f-a40aafacfd44,gp_set_0004,gp_set_0004_vid_0003.MP4,gp_2546,1285,1299,train
25046bf1-d549-426c-9843-3b6606fd7103,gp_set_0002,gp_set_0002_vid_0002.MP4,gp_4842,1297,1311,train
0be77d00-7beb-4e47-98e6-9be7171b2b2d,gp_set_0004,gp_set_0004_vid_0002.MP4,gp_3747,18700,18714,train
d919d001-c251-4f0c-a05d-79d45d551dfd,gp_set_0003,gp_set_0003_vid_0002.MP4,gp_2572,14158,14172,test
9aa1c6ca-2685-4e5a-a10f-a3c00751db78,gp_set_0001,gp_set_0001_vid_0008.MP4,gp_765,4175,4189,train
48508b79-8939-4744-af4e-a9dd4ec61cc9,gp_set_0001,gp_set_0001_vid_0001.MP4,gp_55,6795,6809,train
ac99aeac-9f8e-499e-8520-c22bbcd48b89,gp_set_0004,gp_set_0004_vid_0003.MP4,gp_3019,10630,10644,train
e54fc6a5-9275-4b3f-a51a-bbab690e3926,gp_set_0001,gp_set_0001_vid_0003.MP4,gp_56,4758,4772,train
2e35efa9-4c8f-4a37-95bc-eeed874531cc,gp_set_0002,gp_set_0002_vid_0002.MP4,gp_5358,4613,4627,train
324e349a-0855-415c-981d-4b04e4edc0de,gp_set_0005,gp_set_0005_vid_0005.MP4,gp_5876,6969,6983,test
bf297c7c-adad-4395-ab20-2eb8c00dc8c3,gp_set_0006,gp_set_0006_vid_0001.MP4,gp_1748,1402,1416,train
848e9d5b-0511-4413-b393-7b5d13e0ea9f,gp_set_0005,gp_set_0005_vid_0001.MP4,gp_1347,2549,2563,test
3615af6b-6124-4084-8d26-12b9fdba01da,gp_set_0004,gp_set_0004_vid_0003.MP4,gp_3618,18631,18645,train
fd105c72-83f4-417a-ad92-017747a2a446,gp_set_0006,gp_set_0006_vid_0002.MP4,gp_4240,17485,17499,train
0e789373-9b17-4c04-9563-4c24f27f8f8f,gp_set_0001,gp_set_0001_vid_0007.MP4,gp_1585,20228,20242,train
ad9cd2b7-e1ce-48ba-8e5e-b2fea5b41cb3,gp_set_0004,gp_set_0004_vid_0003.MP4,gp_2700,6638,6652,train
ee93c327-8b06-4033-bc27-89bac66e823b,gp_set_0001,gp_set_0001_vid_0007.MP4,gp_1249,15412,15426,train
537ab9c1-4a13-4be4-90a5-41208822474a,gp_set_0005,gp_set_0005_vid_0001.MP4,gp_1720,19883,19897,test
f4adff2e-c527-4b77-8653-29065a4c2d46,gp_set_0001,gp_set_0001_vid_0002.MP4,gp_550,12689,12703,train
84399f35-6abb-49a9-b952-5ff6f08ad64d,gp_set_0006,gp_set_0006_vid_0002.MP4,gp_4258,13508,13522,train
cf408cce-a1e3-4404-9a1d-f332847c00b8,gp_set_0003,gp_set_0003_vid_0002.MP4,gp_1729,87,101,test
4eeb9499-c73a-40c1-949b-a01b8ebae594,gp_set_0003,gp_set_0003_vid_0004.MP4,gp_2694,3015,3029,test
d179f7c7-09f5-4ecc-bb2f-b6c2eee937f7,gp_set_0004,gp_set_0004_vid_0003.MP4,gp_3280,13840,13854,train
2995fa3a-3967-4a81-adc9-b68e2785a628,gp_set_0003,gp_set_0003_vid_0002.MP4,gp_2054,7701,7715,test
138933a3-2c9e-4479-848e-97f6929b3630,gp_set_0005,gp_set_0005_vid_0001.MP4,gp_1528,6232,6246,test
650de13f-fdce-4bfa-b1b5-3ccfdf84a8db,gp_set_0004,gp_set_0004_vid_0002.MP4,gp_3751,18839,18853,train
07c1b231-c3b8-423f-8f17-1609c0344499,gp_set_0004,gp_set_0004_vid_0005.MP4,gp_5562,7366,7380,train
0e44c355-4b14-4630-ad94-7012541834e4,gp_set_0005,gp_set_0005_vid_0002.MP4,gp_4230,3021,3035,test
8aadd9ca-27bf-481f-a3d9-ec22571f9260,gp_set_0001,gp_set_0001_vid_0005.MP4,gp_844,18235,18249,train
f7a325bc-8b50-44bf-b8c1-e40da2c90557,gp_set_0004,gp_set_0004_vid_0005.MP4,gp_5677,2783,2797,train
2cdb8703-8a74-4caf-9036-99a0c400e410,gp_set_0001,gp_set_0001_vid_0006.MP4,gp_824,8994,9008,train
051dbe62-56e8-43d5-bd6d-270fc7929c99,gp_set_0001,gp_set_0001_vid_0008.MP4,gp_788,4389,4403,train
0792c28c-1a6e-4a74-b641-a0248cd68c5e,gp_set_0003,gp_set_0003_vid_0002.MP4,gp_2354,10952,10966,test
6228f79e-20bd-4160-97a0-d90012f8dbde,gp_set_0003,gp_set_0003_vid_0004.MP4,gp_3182,12520,12534,test
ac4a5226-5f2f-4d0d-bcbb-7b5bbddf08bb,gp_set_0003,gp_set_0003_vid_0002.MP4,gp_1972,6020,6034,test
48dd1fdd-5eee-4775-a99e-a21b11c9eb47,gp_set_0004,gp_set_0004_vid_0003.MP4,gp_3370,14629,14643,train
7cdc2ed2-e1c9-420c-bb73-248b1b795061,gp_set_0001,gp_set_0001_vid_0001.MP4,gp_66,6891,6905,train
85989d2d-6d94-424b-8626-8c650707aa1a,gp_set_0008,gp_set_0008_vid_0004.MP4,gp_6532,10253,10267,test
af210d8a-e79b-4a12-a1ec-4a03c01c3a39,gp_set_0004,gp_set_0004_vid_0005.MP4,gp_5679,2886,2900,train
858d97d9-10d1-4ff4-8071-df9491d7c520,gp_set_0002,gp_set_0002_vid_0002.MP4,gp_5302,720,734,train
4a8a3aeb-fc0c-4ff2-8cc1-aeb08f705425,gp_set_0004,gp_set_0004_vid_0003.MP4,gp_3079,11095,11109,train
e6bea7fa-9a51-494f-9b36-4926abf5756c,gp_set_0004,gp_set_0004_vid_0005.MP4,gp_5588,192,206,train
96e2a78c-6de5-4d2e-9f21-6bc3d19a191b,gp_set_0003,gp_set_0003_vid_0004.MP4,gp_3567,20315,20329,test
f914e25a-f364-4a80-a0eb-b46348c2f6fc,gp_set_0001,gp_set_0001_vid_0001.MP4,gp_10,177,191,train
af66609e-2bce-4022-bee6-29fa07c3491d,gp_set_0005,gp_set_0005_vid_0002.MP4,gp_4192,260,274,test
d3053cf1-8131-4f11-b975-09a7f53d3788,gp_set_0004,gp_set_0004_vid_0002.MP4,gp_3816,15338,15352,train
6ce7c750-e4dc-4a5d-a040-be18a82f3bc6,gp_set_0001,gp_set_0001_vid_0007.MP4,gp_1208,8918,8932,train
13092890-4450-4f0f-858b-d7744ea6c150,gp_set_0003,gp_set_0003_vid_0002.MP4,gp_2258,9681,9695,test
781e8fa2-8b01-4367-a5f0-0291d78e7b1d,gp_set_0006,gp_set_0006_vid_0001.MP4,gp_2084,13219,13233,train
ea6d7402-2a7a-4485-aa30-93e590a29a55,gp_set_0003,gp_set_0003_vid_0003.MP4,gp_3068,9472,9486,test
b86c41da-df63-480c-a866-b582106b47b9,gp_set_0006,gp_set_0006_vid_0001.MP4,gp_1801,2760,2774,train
29d00306-a16a-46d2-b88d-82a1b33eff46,gp_set_0003,gp_set_0003_vid_0004.MP4,gp_3332,14170,14184,test
64b78e7a-c507-4bd0-be84-d3a394b33f93,gp_set_0003,gp_set_0003_vid_0002.MP4,gp_1856,3148,3162,test
18a5d96e-1fc5-4710-bccb-5b67c55b9a7e,gp_set_0003,gp_set_0003_vid_0004.MP4,gp_3502,18221,18235,test
f6f0f1e5-c747-4d07-bd19-580461224d56,gp_set_0001,gp_set_0001_vid_0008.MP4,gp_1160,12014,12028,train
2a504ed3-8d00-4e17-a4f7-00a759fdd98f,gp_set_0001,gp_set_0001_vid_0006.MP4,gp_787,7931,7945,train
600cec42-d63c-4119-828b-79658cca53e5,gp_set_0002,gp_set_0002_vid_0002.MP4,gp_4954,7025,7039,train
0c864209-3d15-4687-91f2-1703a17a483f,gp_set_0001,gp_set_0001_vid_0008.MP4,gp_1354,16760,16774,train
67b3afa6-a1f1-4f17-9e0c-beaef22bd88f,gp_set_0003,gp_set_0003_vid_0004.MP4,gp_2663,739,753,test
8a86fd14-8bc8-4f99-ae3f-6306153ce66f,gp_set_0002,gp_set_0002_vid_0002.MP4,gp_4951,12759,12773,train
456a4b40-cfbf-446a-b7ee-08fc50e6b2c2,gp_set_0005,gp_set_0005_vid_0001.MP4,gp_1542,6645,6659,test
a93cf56d-c26f-4be7-acc6-97833044a533,gp_set_0004,gp_set_0004_vid_0002.MP4,gp_3848,2519,2533,train
56fb905d-0248-41e5-8e3f-adf7c49f47ed,gp_set_0005,gp_set_0005_vid_0005.MP4,gp_5776,6276,6290,test
403096cc-98b5-4903-8f02-e04b628f1ce5,gp_set_0004,gp_set_0004_vid_0002.MP4,gp_3922,6731,6745,train
9860c047-9641-4f79-98cc-fa23debcc240,gp_set_0003,gp_set_0003_vid_0003.MP4,gp_2970,2785,2799,test
0c300ead-e01f-48ea-a12a-61eaf916b5b5,gp_set_0004,gp_set_0004_vid_0003.MP4,gp_3140,11950,11964,train
ab53b3d6-6410-4d1a-a1a3-3e8768f54807,gp_set_0006,gp_set_0006_vid_0001.MP4,gp_1673,316,330,train
57c60cc1-3de6-4a55-8c40-148a4a165160,gp_set_0001,gp_set_0001_vid_0007.MP4,gp_1512,18364,18378,train
6fcff6b9-684f-4e9d-8f56-c452380deb5c,gp_set_0006,gp_set_0006_vid_0001.MP4,gp_1782,2213,2227,train
5ec24d9a-6b38-446d-b17f-3d25e9850de8,gp_set_0001,gp_set_0001_vid_0007.MP4,gp_1253,11834,11848,train
ddbbef92-6cf8-4cda-8d5a-0deb7e5a9f8c,gp_set_0003,gp_set_0003_vid_0002.MP4,gp_2668,15058,15072,test
14cc8389-0249-437c-8ff0-9d3c3501b346,gp_set_0001,gp_set_0001_vid_0001.MP4,gp_184,13729,13743,train
8084f481-567b-49e6-93d7-40e389a93c83,gp_set_0004,gp_set_0004_vid_0003.MP4,gp_2913,9408,9422,train
a3f05160-692f-4cac-9e75-3928216a84cb,gp_set_0004,gp_set_0004_vid_0003.MP4,gp_3535,17028,17042,train
249f0adb-1085-457d-b9c5-ff96361b3981,gp_set_0001,gp_set_0001_vid_0007.MP4,gp_1439,17518,17532,train
dc6272b2-f8c4-4706-aded-19716f5d72f2,gp_set_0001,gp_set_0001_vid_0005.MP4,gp_460,2147,2161,train
53ae1881-e2f2-4e38-9e03-928e5fbb8132,gp_set_0001,gp_set_0001_vid_0008.MP4,gp_792,4429,4443,train
0dc30a52-8c30-4e37-9005-67ba9b1c45f6,gp_set_0008,gp_set_0008_vid_0005.MP4,gp_6189,4886,4900,test
9519efff-5f81-4e0e-abc9-c17e4252918b,gp_set_0001,gp_set_0001_vid_0007.MP4,gp_980,849,863,train
5200cd5f-7d1a-4999-b344-5a598d74ee98,gp_set_0001,gp_set_0001_vid_0005.MP4,gp_781,17709,17723,train
e37bdfa7-ad0a-44fc-8756-70c734755874,gp_set_0003,gp_set_0003_vid_0002.MP4,gp_2758,15647,15661,test
547296dd-663e-4500-828b-399c288caba4,gp_set_0003,gp_set_0003_vid_0002.MP4,gp_2533,13584,13598,test
ccac128e-f519-4c01-b1c8-01162a28c0c9,gp_set_0001,gp_set_0001_vid_0006.MP4,gp_1011,18912,18926,train
52830fe6-4471-4f79-b486-eaef3b856d8a,gp_set_0003,gp_set_0003_vid_0004.MP4,gp_3414,16301,16315,test
b4d4f459-9770-4ba8-b345-7ca5a1e71e0a,gp_set_0003,gp_set_0003_vid_0004.MP4,gp_3240,13130,13144,test
ef4a98d0-525b-4c46-8f8f-65015960a491,gp_set_0001,gp_set_0001_vid_0008.MP4,gp_1392,19030,19044,train
e619a4d4-d447-4bb8-8609-aece82322e2e,gp_set_0001,gp_set_0001_vid_0007.MP4,gp_1389,16905,16919,train
b04ae417-0e4a-478e-9883-e2b0bda4ad9b,gp_set_0003,gp_set_0003_vid_0002.MP4,gp_2508,12982,12996,test
5ce0f9f5-5429-44e8-a16a-acb8d4e00cef,gp_set_0003,gp_set_0003_vid_0002.MP4,gp_2609,14559,14573,test
9a144979-c736-43fb-85ca-62ea631a5fca,gp_set_0001,gp_set_0001_vid_0005.MP4,gp_541,3760,3774,train
5c9c2752-3d43-46ee-a246-bfe53aca39af,gp_set_0004,gp_set_0004_vid_0003.MP4,gp_3029,9651,9665,train
b4f82de9-5373-4447-8662-cf4b3f467877,gp_set_0003,gp_set_0003_vid_0004.MP4,gp_2831,6457,6471,test
41f44a95-2edb-4928-b26d-d0f98d4d73d1,gp_set_0003,gp_set_0003_vid_0004.MP4,gp_2644,186,200,test
a6e5629b-6677-46f8-9de6-0fbc45732624,gp_set_0004,gp_set_0004_vid_0002.MP4,gp_3809,15008,15022,train
39d41551-9406-48a6-b984-36c4c4f8b8f8,gp_set_0008,gp_set_0008_vid_0005.MP4,gp_5163,11327,11341,test
8ce4df6d-ae61-4185-ab39-05c47f0de9cb,gp_set_0001,gp_set_0001_vid_0005.MP4,gp_610,8990,9003,train
e04638ba-f3d7-4820-adb2-1f18eb053b0d,gp_set_0003,gp_set_0003_vid_0004.MP4,gp_3017,10733,10747,test
c211ac10-df32-47b1-a571-2250b97bbd0c,gp_set_0001,gp_set_0001_vid_0007.MP4,gp_1229,11496,11510,train
09f6830a-9268-430b-9ed3-19e38a9b2bc2,gp_set_0001,gp_set_0001_vid_0005.MP4,gp_468,2331,2345,train
594d30de-31cd-4a95-ba5e-96c841dcc79d,gp_set_0001,gp_set_0001_vid_0002.MP4,gp_572,13046,13060,train
0f82b6f5-9fbf-434e-9c14-fbf2994c4890,gp_set_0002,gp_set_0002_vid_0002.MP4,gp_4996,10284,10298,train
07d1d634-249e-4e3c-a8ba-247626844e23,gp_set_0003,gp_set_0003_vid_0002.MP4,gp_1752,389,403,test
e184ddfe-9000-4983-b00b-6575b7965d67,gp_set_0001,gp_set_0001_vid_0005.MP4,gp_497,3000,3014,train
8bddc504-2805-4420-bdc2-7e86c072559b,gp_set_0004,gp_set_0004_vid_0005.MP4,gp_5702,3589,3603,train
c4b18cd0-9ae6-49b8-9457-850516c7506a,gp_set_0001,gp_set_0001_vid_0008.MP4,gp_1316,14572,14586,train
5b5791a6-6cf5-43a1-90a2-1b6b4353cf46,gp_set_0005,gp_set_0005_vid_0002.MP4,gp_4165,5326,5340,test
b6bdfac1-9cb4-4e1a-8afd-f9a85391035e,gp_set_0001,gp_set_0001_vid_0007.MP4,gp_1515,18346,18360,train
6c4559da-9777-4171-9b4f-fc519351b3c3,gp_set_0002,gp_set_0002_vid_0001.MP4,gp_4460,21075,21089,train
132170bf-3edb-4de9-8c40-85f41c39f72e,gp_set_0004,gp_set_0004_vid_0003.MP4,gp_3647,19199,19213,train
1a6faca2-294b-4a2b-83e8-3680b86745b0,gp_set_0002,gp_set_0002_vid_0002.MP4,gp_4915,4525,4539,train
6348ec3c-406e-42ba-a967-2d878626c5f0,gp_set_0004,gp_set_0004_vid_0005.MP4,gp_5658,5031,5045,train
937c681d-9c5a-4744-95e6-3e81cdf402cc,gp_set_0003,gp_set_0003_vid_0002.MP4,gp_1803,1930,1944,test
978e5db6-4bc9-43be-bc85-65c34e24a04c,gp_set_0002,gp_set_0002_vid_0002.MP4,gp_5005,10946,10960,train
7496e5e6-590e-4cd7-97f2-6a83d5dbce45,gp_set_0001,gp_set_0001_vid_0008.MP4,gp_869,4866,4880,train
702c2985-e4b4-49f9-8fc0-d3e0ba97491b,gp_set_0001,gp_set_0001_vid_0005.MP4,gp_735,14992,15006,train
637f5263-306c-4899-84af-e7e3f9adb691,gp_set_0004,gp_set_0004_vid_0002.MP4,gp_3942,8569,8583,train
e490b976-cb60-4562-b8d1-e5fa1e03e1a0,gp_set_0004,gp_set_0004_vid_0001.MP4,gp_3505,9770,9784,train
a37a7daf-d74a-42a9-ae6a-4739d029db7b,gp_set_0003,gp_set_0003_vid_0002.MP4,gp_2566,13988,14002,test
01e82d17-0521-4c52-a243-155fd98404a6,gp_set_0004,gp_set_0004_vid_0005.MP4,gp_5662,4951,4965,train
742c83df-eb3a-42b4-8d41-b7cca0db0fc4,gp_set_0001,gp_set_0001_vid_0005.MP4,gp_579,8359,8373,train
190dc96a-53c0-4be7-9709-c50910dc9b8e,gp_set_0001,gp_set_0001_vid_0007.MP4,gp_1092,5372,5386,train
fd36a19f-4a38-4a6e-9d7a-bcd1de5b1807,gp_set_0004,gp_set_0004_vid_0002.MP4,gp_3973,9627,9641,train
c0d40573-37ec-4c40-8a59-b24bceb52cbd,gp_set_0002,gp_set_0002_vid_0002.MP4,gp_5422,8963,8977,train
9e068a37-c275-4e3e-8a23-2b4e71dfc930,gp_set_0003,gp_set_0003_vid_0002.MP4,gp_2111,8535,8549,test
8eb78421-fc50-4d28-abda-2b93ee679551,gp_set_0001,gp_set_0001_vid_0005.MP4,gp_701,10719,10733,train
6a7d8bb2-b207-4dc6-b6c9-6eaa8cc43713,gp_set_0004,gp_set_0004_vid_0003.MP4,gp_3195,13433,13447,train
582859a3-bf60-4eb0-80f7-0d6ffc37736a,gp_set_0003,gp_set_0003_vid_0003.MP4,gp_2940,1328,1342,test
c73fa944-7abb-4454-97c9-093c7476b325,gp_set_0004,gp_set_0004_vid_0002.MP4,gp_3834,2292,2306,train
5b55f549-e43f-433f-9734-764c49d17915,gp_set_0001,gp_set_0001_vid_0001.MP4,gp_83,7988,8002,train
cef271b4-d7fc-4871-a501-6c0da84b622a,gp_set_0002,gp_set_0002_vid_0002.MP4,gp_5429,11131,11145,train
153c96b5-c0a4-431b-92f2-697c263a15a0,gp_set_0005,gp_set_0005_vid_0005.MP4,gp_5875,8351,8365,test
320d3855-57ae-4c50-97ec-61e343a8753c,gp_set_0001,gp_set_0001_vid_0008.MP4,gp_1066,9146,9160,train
b15555f9-0d8e-4321-874d-fa87cc180078,gp_set_0001,gp_set_0001_vid_0008.MP4,gp_882,4965,4979,train
442577b4-afcd-4669-8574-f91d622c2718,gp_set_0001,gp_set_0001_vid_0008.MP4,gp_1417,19243,19257,train
3e915627-74d0-4d35-95fd-90b3cf972d43,gp_set_0001,gp_set_0001_vid_0007.MP4,gp_1233,11567,11581,train
75c2f5d4-be68-419c-affb-00bd148a49a4,gp_set_0004,gp_set_0004_vid_0002.MP4,gp_3861,13632,13646,train
db8161cd-5337-457b-b56c-23952dbe9860,gp_set_0005,gp_set_0005_vid_0001.MP4,gp_1652,15999,16013,test
b92bc3d9-7ce2-4803-bd95-4869208b5d42,gp_set_0002,gp_set_0002_vid_0001.MP4,gp_4346,17306,17320,train
f38ac7ca-dc89-4568-b6a5-ec20beae2018,gp_set_0001,gp_set_0001_vid_0008.MP4,gp_1289,12916,12930,train
28f23dd7-abf4-4b74-82d3-9b6d03093ab6,gp_set_0005,gp_set_0005_vid_0002.MP4,gp_4225,2392,2406,test
d3582d7e-9be0-48d5-8f32-11b3dcd396ef,gp_set_0001,gp_set_0001_vid_0008.MP4,gp_1325,15014,15028,train
40f55e69-0c14-407d-81b0-70826b0479b8,gp_set_0001,gp_set_0001_vid_0006.MP4,gp_768,7269,7283,train
78705346-9d58-4222-9be5-ebb770ff6117,gp_set_0004,gp_set_0004_vid_0002.MP4,gp_3855,2621,2635,train
e55df901-cc05-4983-895d-19baaf922993,gp_set_0004,gp_set_0004_vid_0003.MP4,gp_3040,10907,10921,train
a37ddf59-4909-4d1e-81f9-177f9660f24a,gp_set_0003,gp_set_0003_vid_0002.MP4,gp_1822,2313,2327,test
85d8c9a3-7dfb-41e5-856b-e9ee5b6d2c8d,gp_set_0005,gp_set_0005_vid_0001.MP4,gp_1471,4662,4676,test
a58ff043-06f2-4eaf-a27e-1e35f96d52b4,gp_set_0008,gp_set_0008_vid_0005.MP4,gp_6131,7065,7079,test
6763cec2-c9bb-41a7-9ed9-ba183493c63e,gp_set_0003,gp_set_0003_vid_0002.MP4,gp_2685,13074,13088,test
e08c30b3-fd95-42de-8b7f-8fa2bb6599e7,gp_set_0003,gp_set_0003_vid_0002.MP4,gp_1999,6391,6405,test
88c636b3-cef9-4f15-bb28-fb01ec52e451,gp_set_0003,gp_set_0003_vid_0004.MP4,gp_2653,306,320,test
8d62c42f-9352-45fa-a03f-0a9c77a3c8da,gp_set_0006,gp_set_0006_vid_0001.MP4,gp_2020,11714,11728,train
a9df0d19-ed1e-48e2-b094-28c1f649512e,gp_set_0004,gp_set_0004_vid_0002.MP4,gp_3726,1462,1476,train
3f9b4b2c-351f-4cd6-a8f2-f9118d6c052e,gp_set_0003,gp_set_0003_vid_0004.MP4,gp_3485,17979,17993,test
bdc5099f-7817-41ef-95db-22663e60f7ee,gp_set_0003,gp_set_0003_vid_0003.MP4,gp_3025,7167,7181,test
cef30793-a353-4a05-846b-7b2fcad425da,gp_set_0001,gp_set_0001_vid_0008.MP4,gp_1445,20015,20029,train
32b24ec2-00de-46e5-bff9-cc5c94574072,gp_set_0006,gp_set_0006_vid_0001.MP4,gp_1777,2063,2077,train
54c58009-5556-4498-9808-94515423cd77,gp_set_0003,gp_set_0003_vid_0002.MP4,gp_2135,8798,8812,test
3b4d4ec8-4e01-460a-ae8e-71bbeec740a2,gp_set_0004,gp_set_0004_vid_0002.MP4,gp_3849,13233,13247,train
38c6da8b-41b9-4f70-b395-bce5b96a3fc6,gp_set_0001,gp_set_0001_vid_0008.MP4,gp_1154,11958,11972,train
ac0180d8-0bc4-49ab-a779-480b668a957e,gp_set_0003,gp_set_0003_vid_0002.MP4,gp_2744,15585,15599,test
e70db696-8e7e-4326-b0bc-3bcbd79b060d,gp_set_0003,gp_set_0003_vid_0002.MP4,gp_2074,7997,8011,test
a7f1e247-fcd9-4b0b-aa56-9e7d6e79fdea,gp_set_0004,gp_set_0004_vid_0003.MP4,gp_3604,18398,18412,train
ff01f8ef-3311-4c92-ba2f-c51e25c1cae8,gp_set_0004,gp_set_0004_vid_0003.MP4,gp_3288,13897,13911,train
070e2c44-5330-4463-878d-6d96f68a4bd6,gp_set_0003,gp_set_0003_vid_0002.MP4,gp_2085,7935,7949,test
128cab80-c1b2-4c27-a56a-dc88567c4447,gp_set_0001,gp_set_0001_vid_0002.MP4,gp_609,14816,14830,train
7e9a1acb-2706-40a1-89cb-4a0e1323b2f7,gp_set_0001,gp_set_0001_vid_0008.MP4,gp_1090,9560,9574,train
bba2135e-f869-48af-8a40-0aa4d0d54f23,gp_set_0001,gp_set_0001_vid_0008.MP4,gp_1436,19040,19054,train
4a7fb19c-a211-454a-92cd-dd7314c00fcb,gp_set_0003,gp_set_0003_vid_0002.MP4,gp_2308,10365,10379,test
f62b63db-56f1-4d20-b6d2-a782ff66f69f,gp_set_0004,gp_set_0004_vid_0003.MP4,gp_2825,8156,8170,train
6c696f98-480b-4711-b5bb-cca6c48af4a9,gp_set_0002,gp_set_0002_vid_0004.MP4,gp_4157,15477,15491,train
4d55a400-d70e-4279-b4d3-127c80ac9378,gp_set_0001,gp_set_0001_vid_0001.MP4,gp_77,7094,7108,train
d3859009-542a-4a66-b858-6a629fe285e2,gp_set_0001,gp_set_0001_vid_0005.MP4,gp_696,10413,10427,train
d2fd743f-b1a1-4c24-8452-925ee251e545,gp_set_0004,gp_set_0004_vid_0003.MP4,gp_3438,15899,15913,train
d9f7bf98-a872-4df2-9466-1d2b942abb2c,gp_set_0002,gp_set_0002_vid_0001.MP4,gp_4298,4728,4742,train
1c959184-29c0-4d5d-99f5-b0418cca2304,gp_set_0002,gp_set_0002_vid_0001.MP4,gp_4314,1551,1565,train
78e6635c-d9ab-4191-9298-b1ed9af1a4d5,gp_set_0001,gp_set_0001_vid_0005.MP4,gp_733,14988,15002,train
488a38fe-79df-4b02-a59b-a4ce4b4b2025,gp_set_0002,gp_set_0002_vid_0002.MP4,gp_4948,5221,5235,train
46e20f48-1242-4f83-85b2-dca1ef8ac2f4,gp_set_0001,gp_set_0001_vid_0006.MP4,gp_1045,19628,19642,train
4f1ee1ef-fbfe-472c-b74a-f926d3db093f,gp_set_0006,gp_set_0006_vid_0001.MP4,gp_1658,138,152,train
290c8a1c-3091-40bf-96a2-2710c715b8d0,gp_set_0007,gp_set_0007_vid_0004.MP4,gp_6597,12519,12533,train
d10ecd5b-c347-46e3-8df6-423b763fbe50,gp_set_0001,gp_set_0001_vid_0005.MP4,gp_602,8722,8736,train
19aadb65-6628-484e-ba4c-a09705194c44,gp_set_0001,gp_set_0001_vid_0007.MP4,gp_1398,16915,16929,train
fa65a956-53a7-4919-91d4-ff91a6c2b375,gp_set_0004,gp_set_0004_vid_0002.MP4,gp_3881,3739,3753,train
40e52a55-9a77-48f7-978c-1b93e01268b0,gp_set_0001,gp_set_0001_vid_0007.MP4,gp_1206,8553,8567,train
ea201ab0-7018-487d-a6b8-1ae2ec3bb674,gp_set_0006,gp_set_0006_vid_0001.MP4,gp_2287,871,885,train
9d7d6043-2ebb-4c85-8fac-35c877919289,gp_set_0004,gp_set_0004_vid_0005.MP4,gp_5731,15159,15173,train
a17a8898-1490-49f4-9401-47454ebc935f,gp_set_0004,gp_set_0004_vid_0003.MP4,gp_3291,13971,13985,train
910a6647-b256-41b2-a8bc-93a536e0e7d7,gp_set_0004,gp_set_0004_vid_0003.MP4,gp_3643,19124,19138,train
9669b10e-49b4-4169-b54c-9ec81956e807,gp_set_0002,gp_set_0002_vid_0001.MP4,gp_4267,939,953,train
1994fef1-cdf7-4f5d-a67e-621f6340a25b,gp_set_0001,gp_set_0001_vid_0002.MP4,gp_504,10757,10771,train
a2f1706e-2dbf-4712-8fbf-a4d51859c6c1,gp_set_0002,gp_set_0002_vid_0002.MP4,gp_6751,2995,3009,train
8275ccab-792e-410e-92b4-7b793d253b30,gp_set_0006,gp_set_0006_vid_0001.MP4,gp_1827,2973,2987,train
9eac083e-5841-4cd1-85af-3548e7b9a412,gp_set_0004,gp_set_0004_vid_0003.MP4,gp_2772,7714,7728,train
cba7ce7d-fdc5-462e-b948-9c60b79ce393,gp_set_0008,gp_set_0008_vid_0005.MP4,gp_6094,3095,3109,test
bd517200-6bcd-4277-bf08-1b647e12dc04,gp_set_0001,gp_set_0001_vid_0003.MP4,gp_537,14098,14112,train
dfda2c8c-05bb-4b4c-943b-cb31fcefec68,gp_set_0003,gp_set_0003_vid_0001.MP4,gp_3287,17811,17825,test
fcdf04c2-e053-4d01-8254-d3e86f3096ec,gp_set_0001,gp_set_0001_vid_0005.MP4,gp_770,17711,17725,train
50b0180f-31ce-4f43-b75c-95b48ac35056,gp_set_0005,gp_set_0005_vid_0002.MP4,gp_4163,4806,4820,test
2411e8c0-2f8d-4ace-939d-a5cb9b816946,gp_set_0001,gp_set_0001_vid_0001.MP4,gp_75,7089,7103,train
f5a2bdaa-4f2b-4e19-b40b-093414b65022,gp_set_0007,gp_set_0007_vid_0004.MP4,gp_6586,11286,11300,train
08905dc4-c871-4d65-a79f-b18866ffc74b,gp_set_0002,gp_set_0002_vid_0001.MP4,gp_4445,20308,20322,train
c0bc3715-eb7b-4562-9c8b-379d4f132e88,gp_set_0005,gp_set_0005_vid_0001.MP4,gp_1620,9428,9442,test
fc3074e8-f6fe-49c3-9a9d-f138d01f5c99,gp_set_0004,gp_set_0004_vid_0003.MP4,gp_3417,15163,15177,train
5fdfd71a-2ff3-49fa-b2e4-c5b9d30c7f7b,gp_set_0004,gp_set_0004_vid_0003.MP4,gp_2651,6304,6318,train
b7e5789b-4bbc-4d56-b019-480fe689ee2f,gp_set_0003,gp_set_0003_vid_0002.MP4,gp_2011,6633,6647,test
df32b01d-4af3-43d7-9795-f468060c33ad,gp_set_0004,gp_set_0004_vid_0002.MP4,gp_3731,1868,1882,train
0fa2faf4-e4e7-4330-acae-9a989487b7ff,gp_set_0001,gp_set_0001_vid_0003.MP4,gp_508,13238,13252,train
03215a44-b12b-420d-84c6-4af443b5fd6c,gp_set_0003,gp_set_0003_vid_0002.MP4,gp_2672,15047,15061,test
e8cb82c8-5d12-4aa6-bcb9-7ca349defa3c,gp_set_0005,gp_set_0005_vid_0005.MP4,gp_5870,6721,6735,test
06ae61e5-52de-4306-b63a-e45b50d24eb0,gp_set_0005,gp_set_0005_vid_0001.MP4,gp_1418,4120,4134,test
697cc792-3078-4ad1-8f46-d1fa1bfb959c,gp_set_0006,gp_set_0006_vid_0002.MP4,gp_4249,19939,19953,train
d9213939-7e6a-4c93-aacc-53aae50b42ea,gp_set_0004,gp_set_0004_vid_0005.MP4,gp_5642,1967,1981,train
a239f0cc-daf6-4abf-9f30-45b71cb094ca,gp_set_0001,gp_set_0001_vid_0005.MP4,gp_556,4359,4373,train
a6e0cc67-28e0-456b-b48d-49654bc6cd6f,gp_set_0001,gp_set_0001_vid_0005.MP4,gp_631,13421,13435,train
94af0727-2a7b-4713-a3b4-0de94e238e9c,gp_set_0007,gp_set_0007_vid_0004.MP4,gp_6558,8512,8526,train
1a48d478-0275-41d5-871d-ef2f13fc9b28,gp_set_0001,gp_set_0001_vid_0005.MP4,gp_673,14325,14339,train
661bf35f-c00c-41e6-bc92-3bce31ecfd56,gp_set_0003,gp_set_0003_vid_0002.MP4,gp_2313,10413,10427,test
5e537381-9254-4171-9683-659131dd8288,gp_set_0003,gp_set_0003_vid_0002.MP4,gp_2112,8557,8571,test
b15a3d4d-ea13-43fd-b5a4-06e7dd9f1b42,gp_set_0003,gp_set_0003_vid_0002.MP4,gp_2705,15238,15252,test
f64c91f9-991d-4031-8e72-fd56797aa25f,gp_set_0003,gp_set_0003_vid_0004.MP4,gp_3541,19785,19799,test
97a9f25a-72ce-4941-ac32-b04f9ca1d800,gp_set_0004,gp_set_0004_vid_0002.MP4,gp_3710,126,140,train
e8988a8e-51ed-43be-acc7-5999bd7cd663,gp_set_0004,gp_set_0004_vid_0005.MP4,gp_5733,15279,15293,train
3176c968-dfcf-4e87-bbbe-2a9ec4f90429,gp_set_0003,gp_set_0003_vid_0002.MP4,gp_1823,2355,2369,test
a136f761-127f-4159-9368-786226615c5b,gp_set_0001,gp_set_0001_vid_0008.MP4,gp_327,6750,6764,train
3c041f83-8808-4048-9fb4-0518f12ab22a,gp_set_0001,gp_set_0001_vid_0003.MP4,gp_180,8454,8468,train
5dd09bb5-91bb-4f9d-9d4f-017786cb3f0b,gp_set_0004,gp_set_0004_vid_0002.MP4,gp_3929,7271,7285,train
cc29bf5b-fe08-4a7f-aa1d-5ad4eed3c14a,gp_set_0006,gp_set_0006_vid_0001.MP4,gp_1751,1401,1415,train
37635576-b4d9-419b-90d8-a0dd3ffe3eda,gp_set_0001,gp_set_0001_vid_0008.MP4,gp_1449,20228,20242,train
e786baa8-2a9f-423b-8664-3a2d6a3359b8,gp_set_0004,gp_set_0004_vid_0003.MP4,gp_2658,6463,6477,train
963e2af7-b5e2-49cc-a5b4-4e2d788c27e4,gp_set_0004,gp_set_0004_vid_0002.MP4,gp_3990,11548,11562,train
a3c30a56-cddf-40a5-b429-a5d4553425d8,gp_set_0001,gp_set_0001_vid_0008.MP4,gp_1390,18981,18995,train
665c0923-c2ff-442f-b62a-eb658b500858,gp_set_0004,gp_set_0004_vid_0003.MP4,gp_3045,7049,7063,train
c14cbf67-dcee-4759-b30c-7a0f5beb3193,gp_set_0004,gp_set_0004_vid_0002.MP4,gp_3941,8487,8501,train
a6237de6-a191-4983-a736-79e551ba6350,gp_set_0006,gp_set_0006_vid_0001.MP4,gp_1641,75,89,train
c9d2bdf0-bee7-4ea0-ae1b-f4236a9a2af2,gp_set_0005,gp_set_0005_vid_0001.MP4,gp_1321,2089,2103,test
ef257221-d6d3-47c6-ad24-f5b7dc08d049,gp_set_0004,gp_set_0004_vid_0002.MP4,gp_3972,9579,9593,train
00042784-a56f-4b66-9e98-7efa5281676d,gp_set_0004,gp_set_0004_vid_0003.MP4,gp_3441,14958,14972,train
07e8fd7c-f816-40df-b57a-46f1ad5e2229,gp_set_0001,gp_set_0001_vid_0001.MP4,gp_59,6832,6846,train
870ede1b-6712-4c30-b8bf-a91f6616774f,gp_set_0002,gp_set_0002_vid_0002.MP4,gp_5314,1304,1318,train
0ced734f-ce55-4332-ab19-cfb68d452b05,gp_set_0004,gp_set_0004_vid_0002.MP4,gp_3718,692,706,train
d749d3ef-13d7-4c71-8696-306e539c79b9,gp_set_0003,gp_set_0003_vid_0004.MP4,gp_2717,4322,4336,test
0e2704c3-1d33-45a5-a5a2-5a1f6e8efa47,gp_set_0003,gp_set_0003_vid_0004.MP4,gp_3548,19840,19854,test
9ffff20e-0fd2-4b8d-b33a-db9e693e3f35,gp_set_0001,gp_set_0001_vid_0003.MP4,gp_158,7819,7833,train
01f5891b-b6aa-4fdd-a405-b55aea71526b,gp_set_0004,gp_set_0004_vid_0002.MP4,gp_3896,5337,5351,train
7244177b-bfa1-4dc2-8414-35503bab1bdf,gp_set_0006,gp_set_0006_vid_0001.MP4,gp_2082,13197,13211,train
ba533550-088b-4551-aabd-bdb176188177,gp_set_0004,gp_set_0004_vid_0002.MP4,gp_3773,19538,19552,train
c1b6f595-6e81-4d69-892f-ec78f12fdedd,gp_set_0001,gp_set_0001_vid_0008.MP4,gp_1299,13628,13642,train
f95a447a-9a69-4a96-900b-9909d0be79cb,gp_set_0005,gp_set_0005_vid_0001.MP4,gp_1465,4598,4612,test
8745cd9d-9c41-45d9-9055-9d68301ebc57,gp_set_0003,gp_set_0003_vid_0004.MP4,gp_2689,2236,2250,test
89b2772e-0a83-400c-bf8f-b6a80fee2f08,gp_set_0005,gp_set_0005_vid_0001.MP4,gp_1617,9201,9215,test
286f9504-75b2-44c0-b927-7606ff425026,gp_set_0003,gp_set_0003_vid_0004.MP4,gp_2695,3228,3242,test
8ebef59f-1206-4d2f-87be-589de7c37adf,gp_set_0003,gp_set_0003_vid_0001.MP4,gp_3422,10377,10391,test
71387cf8-27ca-43b8-a614-6777bffc89dc,gp_set_0001,gp_set_0001_vid_0007.MP4,gp_1099,5683,5697,train
8c4f2565-64b8-47f5-9d2b-d8ec563d5965,gp_set_0001,gp_set_0001_vid_0003.MP4,gp_175,8249,8263,train
eaa35782-809c-48ee-96cc-503479520b1a,gp_set_0005,gp_set_0005_vid_0001.MP4,gp_1495,5372,5386,test
d5f4a6bd-bad7-4d4e-a0fe-216623f64634,gp_set_0003,gp_set_0003_vid_0004.MP4,gp_3293,13455,13469,test
eb4a511a-6a16-4f4e-b956-acf697864359,gp_set_0003,gp_set_0003_vid_0002.MP4,gp_2789,17456,17470,test
62ee9d23-68f7-4009-b756-60365f3f2df8,gp_set_0004,gp_set_0004_vid_0003.MP4,gp_3262,13798,13812,train
eedb14c5-09cc-452b-b113-4b741bd6ddea,gp_set_0005,gp_set_0005_vid_0001.MP4,gp_1632,14031,14045,test
6da75139-9586-4fd5-8621-53818e7e6b93,gp_set_0003,gp_set_0003_vid_0002.MP4,gp_2176,9089,9103,test
67eaf257-2be2-4073-97cc-633c2926c286,gp_set_0002,gp_set_0002_vid_0001.MP4,gp_4338,7307,7321,train
eb1e133e-2886-430e-9cb5-8bdc47a55088,gp_set_0003,gp_set_0003_vid_0002.MP4,gp_1757,802,816,test
dfa5a58d-bbd5-4648-9dcc-9cc5a77caf81,gp_set_0001,gp_set_0001_vid_0005.MP4,gp_487,2714,2728,train
d6ff04ea-641e-458f-b6b3-8779284d84a6,gp_set_0001,gp_set_0001_vid_0001.MP4,gp_9,332,346,train
28e541fb-4a1c-4a9b-9501-8072eeabf3c3,gp_set_0003,gp_set_0003_vid_0004.MP4,gp_2979,10261,10275,test
e74b28ea-00eb-4397-b3d1-5faf713b772c,gp_set_0001,gp_set_0001_vid_0001.MP4,gp_137,10096,10110,train
7e1202ef-7843-4d25-8cd4-df2e3bbcbfdd,gp_set_0004,gp_set_0004_vid_0003.MP4,gp_2987,9905,9919,train
8cf31dcd-92ba-468b-9de6-ebef6dbf7d81,gp_set_0001,gp_set_0001_vid_0005.MP4,gp_444,1950,1964,train
efd7379c-fab0-4d23-96ae-90c5f8583bf7,gp_set_0003,gp_set_0003_vid_0004.MP4,gp_3117,11958,11972,test
37a5cdfa-b8a3-4199-bef0-ad19bddcb501,gp_set_0001,gp_set_0001_vid_0008.MP4,gp_257,5527,5541,train
372e0e59-2d2d-4228-a088-81783b3734e6,gp_set_0001,gp_set_0001_vid_0002.MP4,gp_437,3174,3188,train
ffcf1e38-f0aa-48b7-a026-a2f38f40048d,gp_set_0001,gp_set_0001_vid_0002.MP4,gp_490,10359,10373,train
8dd96d1a-3734-4e85-ac8b-8c65b45f1651,gp_set_0001,gp_set_0001_vid_0007.MP4,gp_1557,19523,19537,train
8884f568-6797-4777-b36e-430eba6fa27c,gp_set_0004,gp_set_0004_vid_0005.MP4,gp_5667,2162,2176,train
3b980e92-5964-416c-a0af-9fa0981a52da,gp_set_0001,gp_set_0001_vid_0008.MP4,gp_937,7391,7405,train
7afb0552-6f99-4b76-8162-c3cbc2541e97,gp_set_0003,gp_set_0003_vid_0004.MP4,gp_3327,13959,13973,test
d189c684-f5c4-4a19-a34b-fc17a12485da,gp_set_0003,gp_set_0003_vid_0002.MP4,gp_1786,1741,1755,test
77287a84-22a0-4576-8f72-d43330deaec5,gp_set_0001,gp_set_0001_vid_0008.MP4,gp_943,7641,7655,train
918e443d-ea09-46e4-a043-51e7bd7c009f,gp_set_0001,gp_set_0001_vid_0008.MP4,gp_842,4721,4735,train
04402c68-d42d-4c2c-9a00-8de34038141b,gp_set_0003,gp_set_0003_vid_0004.MP4,gp_2836,6473,6487,test
14fcb4b1-3898-47ba-8bd0-f54764f4fe9e,gp_set_0004,gp_set_0004_vid_0002.MP4,gp_3780,16351,16365,train
7b8da1c1-08b4-497d-9161-9542be0f8dd5,gp_set_0003,gp_set_0003_vid_0002.MP4,gp_2230,9566,9580,test
787fa816-173b-4120-b0d3-11dbfe003a33,gp_set_0003,gp_set_0003_vid_0004.MP4,gp_3542,19841,19855,test
6d229276-4aa7-4ab2-a7de-aa3f8fca617c,gp_set_0001,gp_set_0001_vid_0007.MP4,gp_1265,15598,15612,train
74b7f97e-ad29-452e-933a-4e92e918f6a0,gp_set_0002,gp_set_0002_vid_0001.MP4,gp_4297,4726,4740,train
9893bf88-0bd8-4789-ba6b-da7ff43372e9,gp_set_0004,gp_set_0004_vid_0005.MP4,gp_5574,7532,7546,train
94bc31e9-6862-4de2-ba5f-64cd01257dd5,gp_set_0004,gp_set_0004_vid_0002.MP4,gp_3908,5573,5587,train
becbcd20-3d31-4283-a95a-cbe40e0e86f5,gp_set_0003,gp_set_0003_vid_0004.MP4,gp_3462,17582,17596,test
00b1ddce-1be9-4b33-b6aa-db2312a1d15c,gp_set_0001,gp_set_0001_vid_0002.MP4,gp_453,5947,5961,train
c83378ca-12c9-4963-9b7a-9279566642c1,gp_set_0005,gp_set_0005_vid_0005.MP4,gp_5889,7148,7162,test
71f6192c-e380-4e3c-abb1-3ab3cb67e47e,gp_set_0002,gp_set_0002_vid_0001.MP4,gp_4399,17937,17951,train
34ea7c34-0442-4dd0-9454-eddddf94acf7,gp_set_0004,gp_set_0004_vid_0003.MP4,gp_3081,11129,11143,train
742c2495-2935-4ded-984b-d9f47a08f940,gp_set_0004,gp_set_0004_vid_0003.MP4,gp_3626,18839,18853,train
5c0b7964-2344-420c-9772-04d9e242270f,gp_set_0001,gp_set_0001_vid_0008.MP4,gp_343,7084,7098,train
6593c6f4-5dc2-4b37-8a87-aebdd36e8928,gp_set_0001,gp_set_0001_vid_0007.MP4,gp_1248,11617,11631,train
025e7591-8793-4b52-aa47-ecfef6e2b938,gp_set_0006,gp_set_0006_vid_0001.MP4,gp_1821,2928,2942,train
f3d22a6e-c75d-4e64-9059-42e638a833db,gp_set_0001,gp_set_0001_vid_0003.MP4,gp_442,11246,11260,train
c27dd856-5ad6-49a3-9fb9-629eb585f4b1,gp_set_0003,gp_set_0003_vid_0001.MP4,gp_3465,2971,2985,test
0e395d2c-c2e0-400b-8905-aec6bb475018,gp_set_0004,gp_set_0004_vid_0002.MP4,gp_3802,17754,17768,train
acc716b1-9003-4f80-96e2-bea4b527a3a9,gp_set_0001,gp_set_0001_vid_0008.MP4,gp_917,7189,7203,train
19a135aa-42dd-4e69-95f0-d330df99ec31,gp_set_0006,gp_set_0006_vid_0001.MP4,gp_1708,707,721,train
0a8356d6-889e-4e12-9af9-186ddf8a8f7c,gp_set_0001,gp_set_0001_vid_0001.MP4,gp_213,12863,12877,train
44904255-23a9-4077-9df0-580f23838d86,gp_set_0001,gp_set_0001_vid_0003.MP4,gp_230,9120,9134,train
6084293a-3959-4065-a056-6c314f67aa4d,gp_set_0003,gp_set_0003_vid_0002.MP4,gp_2660,14903,14917,test
7da9e604-a5b5-49bd-93b5-349d373e5799,gp_set_0003,gp_set_0003_vid_0001.MP4,gp_3409,9956,9970,test
1d87a516-c937-4f1b-8915-9f6fd989c1a2,gp_set_0004,gp_set_0004_vid_0005.MP4,gp_5675,2692,2706,train
e1d349d3-b3b8-41f5-bdd4-bb37ae9afd51,gp_set_0004,gp_set_0004_vid_0002.MP4,gp_3947,8607,8621,train
595e4822-5d65-474c-8fb5-1c85ca2ef88b,gp_set_0004,gp_set_0004_vid_0005.MP4,gp_5570,7417,7431,train
58e66ac7-b20d-4c44-bd89-72e96e74dd50,gp_set_0001,gp_set_0001_vid_0008.MP4,gp_1176,12194,12208,train
629bf31c-dcce-498e-a7bc-c8fb86f078cc,gp_set_0004,gp_set_0004_vid_0003.MP4,gp_2891,8805,8819,train
e934c172-26ec-4a42-8bb6-d47084705f10,gp_set_0002,gp_set_0002_vid_0002.MP4,gp_5362,4641,4655,train
88de3be4-a365-4644-88e5-6645f567ba0d,gp_set_0002,gp_set_0002_vid_0002.MP4,gp_4875,2572,2586,train
4294562c-3681-435d-bf4a-e22bfacc9cd8,gp_set_0004,gp_set_0004_vid_0002.MP4,gp_3867,3294,3308,train
a1e7f84d-4694-4e36-922d-cd79f88113f1,gp_set_0002,gp_set_0002_vid_0002.MP4,gp_4959,15848,15862,train
f0d12b81-ec5b-405e-a2ab-c09f129227e9,gp_set_0003,gp_set_0003_vid_0002.MP4,gp_1900,4063,4077,test
7718855e-aadf-4e68-902a-25193fadc608,gp_set_0001,gp_set_0001_vid_0008.MP4,gp_889,5093,5107,train
b91bef4a-6d77-4eca-b63e-e87f4a71f45e,gp_set_0006,gp_set_0006_vid_0001.MP4,gp_2614,20690,20704,train
52ec440f-5c12-45a6-a3f2-a22b7a70476b,gp_set_0002,gp_set_0002_vid_0002.MP4,gp_4870,2401,2415,train
ebe7de2e-92af-4a0a-89a6-340a67bbf6db,gp_set_0003,gp_set_0003_vid_0004.MP4,gp_3564,20192,20206,test
5026e471-066f-4141-baf9-cd77ead9c223,gp_set_0001,gp_set_0001_vid_0007.MP4,gp_1140,13239,13253,train
9e9a2fd8-c088-419c-ad87-480b7fe7c9d2,gp_set_0002,gp_set_0002_vid_0001.MP4,gp_4328,4991,5005,train
25d82fac-239e-4b1d-863a-44375a9e6e15,gp_set_0001,gp_set_0001_vid_0005.MP4,gp_668,14178,14192,train
191890b7-ef86-4e0d-bea2-54457062806d,gp_set_0003,gp_set_0003_vid_0004.MP4,gp_3228,12945,12959,test
26569ff8-0a52-4be8-b7f8-66d9b1893558,gp_set_0001,gp_set_0001_vid_0007.MP4,gp_1034,3249,3263,train
21873e7e-b227-4d10-83b4-b3f8789042d6,gp_set_0006,gp_set_0006_vid_0001.MP4,gp_1698,633,647,train
e2c8aca4-3d54-4e48-a393-d89e502abc9b,gp_set_0003,gp_set_0003_vid_0002.MP4,gp_2776,16349,16363,test
a461cf5c-ddd5-43a0-a7ec-4d51ea6f960b,gp_set_0004,gp_set_0004_vid_0002.MP4,gp_3967,9454,9468,train
f5b87e98-eb87-4feb-ae91-9957cdf44932,gp_set_0008,gp_set_0008_vid_0004.MP4,gp_6510,7230,7244,test
295e5910-9fec-406e-a162-69064812cf36,gp_set_0001,gp_set_0001_vid_0001.MP4,gp_128,9973,9987,train
06904351-d1cb-46b2-8030-636f94f70a4e,gp_set_0003,gp_set_0003_vid_0002.MP4,gp_2441,12398,12412,test
64bc6b57-2e48-4021-b6b0-b209dad9ac7f,gp_set_0001,gp_set_0001_vid_0007.MP4,gp_1350,16587,16601,train
58c64e68-8232-4d13-9591-751f2538845f,gp_set_0003,gp_set_0003_vid_0004.MP4,gp_2723,4423,4437,test
e54acbd4-8804-4803-8ce9-83d3a645f150,gp_set_0003,gp_set_0003_vid_0002.MP4,gp_2741,15420,15434,test
5a4a4d12-f3c1-48db-9f30-8130a0954314,gp_set_0001,gp_set_0001_vid_0005.MP4,gp_551,4329,4343,train
7e3bd9d3-2637-4421-b482-f738332df63f,gp_set_0002,gp_set_0002_vid_0001.MP4,gp_4420,18748,18762,train
e7a89b3d-01ac-4672-97f8-c4602e86960a,gp_set_0004,gp_set_0004_vid_0003.MP4,gp_2770,7698,7712,train
4ed8aa8f-6515-487e-a314-7e4b2a666604,gp_set_0001,gp_set_0001_vid_0008.MP4,gp_707,2724,2738,train
c02f7bb9-e6cf-4e47-adfd-deab2c9c0c34,gp_set_0006,gp_set_0006_vid_0001.MP4,gp_1947,6474,6488,train
893d8bec-55a6-421d-8fc1-db88e0803f44,gp_set_0002,gp_set_0002_vid_0002.MP4,gp_4997,7794,7808,train
ca812f44-2b37-4d5f-859d-49357351a5b8,gp_set_0001,gp_set_0001_vid_0006.MP4,gp_1077,20580,20594,train
02faab9f-b32e-4d4f-88f4-3ad0e5e51fd7,gp_set_0001,gp_set_0001_vid_0007.MP4,gp_1569,19846,19860,train
d40e8f11-efb9-4a26-84d2-5bab765e91da,gp_set_0002,gp_set_0002_vid_0002.MP4,gp_4980,9517,9531,train
83132953-f3c7-46e1-950d-e5ea8a86b872,gp_set_0003,gp_set_0003_vid_0003.MP4,gp_3237,19905,19919,test
31fc397f-194e-4228-b8f3-1396a15b276f,gp_set_0004,gp_set_0004_vid_0002.MP4,gp_4000,12283,12297,train
6aef465e-981c-4577-b369-56b66e8b2772,gp_set_0004,gp_set_0004_vid_0001.MP4,gp_3554,1956,1970,train
5cc1c02c-97b2-4230-b683-d21db0f35b01,gp_set_0003,gp_set_0003_vid_0004.MP4,gp_2683,2017,2031,test
aa634681-b889-4b5f-87c5-241c28edd49f,gp_set_0003,gp_set_0003_vid_0001.MP4,gp_3289,17795,17809,test
7ed5da46-f5f9-4daa-b031-4d80f7110205,gp_set_0007,gp_set_0007_vid_0004.MP4,gp_6591,12210,12224,train
47c12794-7298-4686-bd4f-904edf201ca4,gp_set_0003,gp_set_0003_vid_0004.MP4,gp_3153,12206,12220,test
1dfe6068-5acf-4653-9dfa-de0f057b169f,gp_set_0002,gp_set_0002_vid_0001.MP4,gp_4345,17355,17369,train
a7483be5-f8b1-47ff-9084-b58ca3bd49b9,gp_set_0004,gp_set_0004_vid_0003.MP4,gp_2991,9986,10000,train
4c76f059-8c43-4b83-856e-7a634f9cc8c6,gp_set_0004,gp_set_0004_vid_0003.MP4,gp_2808,8032,8046,train
66cff6f7-6350-41f5-8f14-d1ad3159df13,gp_set_0006,gp_set_0006_vid_0001.MP4,gp_2174,16573,16587,train
5cd56a9e-a569-49ea-96a3-b489864ad3fd,gp_set_0002,gp_set_0002_vid_0002.MP4,gp_4950,6963,6977,train
6a0282ff-c568-4648-971d-15d8549bd3b4,gp_set_0001,gp_set_0001_vid_0006.MP4,gp_808,8904,8918,train
5d12f83d-fdb2-4ce5-9af7-be8c51799464,gp_set_0002,gp_set_0002_vid_0002.MP4,gp_4947,5127,5141,train
b4acd5ab-1a60-472c-b1d0-df6532391368,gp_set_0002,gp_set_0002_vid_0001.MP4,gp_4365,11870,11884,train
6db3e118-052f-496b-84c0-9c58ed47787b,gp_set_0003,gp_set_0003_vid_0004.MP4,gp_3451,17212,17226,test
4ee2664e-9d74-40ff-bffb-7274b95a6cbd,gp_set_0004,gp_set_0004_vid_0005.MP4,gp_5742,6287,6301,train
a5ea18d5-7f7a-469c-b57f-ebeb1b6d0ed6,gp_set_0004,gp_set_0004_vid_0002.MP4,gp_3888,4244,4258,train
5b40e5f1-dfe1-4d08-86b8-1d13c95f6183,gp_set_0004,gp_set_0004_vid_0005.MP4,gp_5692,10794,10808,train
6e5d3e80-8bce-4849-bac6-354e1fad195c,gp_set_0008,gp_set_0008_vid_0004.MP4,gp_6522,9843,9857,test
e9045415-9d65-49ed-a0e9-5756a6e0bbec,gp_set_0003,gp_set_0003_vid_0004.MP4,gp_3151,12141,12155,test
dc625a8c-2c4e-43ef-b62a-2f0a85fc0e6b,gp_set_0003,gp_set_0003_vid_0002.MP4,gp_1974,6205,6219,test
f9c28b65-8692-41c6-9abb-059dffbf6f1d,gp_set_0001,gp_set_0001_vid_0007.MP4,gp_1036,3254,3268,train
2db3f870-ce76-4aae-8975-94cf3a52edda,gp_set_0001,gp_set_0001_vid_0001.MP4,gp_205,12884,12898,train
0dca5a15-114e-48ef-8585-99c6d577ea4e,gp_set_0002,gp_set_0002_vid_0002.MP4,gp_5386,5718,5732,train
d93bfed3-f58c-4cb3-b3e2-9e88c1c67f1e,gp_set_0001,gp_set_0001_vid_0001.MP4,gp_80,7365,7379,train
3e6b053f-c925-43f7-a265-f45588a4afca,gp_set_0001,gp_set_0001_vid_0005.MP4,gp_358,11497,11511,train
3ebbc168-d22b-42ef-82f3-a5830fa603f7,gp_set_0004,gp_set_0004_vid_0002.MP4,gp_3866,3093,3107,train
695893ff-e89a-40eb-b992-1a0009f2ed26,gp_set_0004,gp_set_0004_vid_0003.MP4,gp_3226,13315,13329,train
80a3ca21-03a1-4cd3-bd95-beff3dbbe5db,gp_set_0001,gp_set_0001_vid_0002.MP4,gp_417,1898,1912,train
34bd11cd-5d34-4d57-b27d-59661f06b03a,gp_set_0004,gp_set_0004_vid_0003.MP4,gp_3693,21002,21016,train
6b1f0c91-b14c-433e-94e2-fd3bc57e9846,gp_set_0003,gp_set_0003_vid_0002.MP4,gp_1959,5891,5905,test
d882e5f3-0de6-4216-9fe1-a2f8ad4fc322,gp_set_0003,gp_set_0003_vid_0002.MP4,gp_1832,2582,2596,test
eb1a4f05-1797-4669-a4b7-f3d15171151e,gp_set_0002,gp_set_0002_vid_0001.MP4,gp_4305,5500,5514,train
4ff0a943-4dfe-4c40-9002-377fddd3f0a3,gp_set_0001,gp_set_0001_vid_0008.MP4,gp_1046,8903,8917,train
938f9e59-43c4-4d50-8f38-4b8541a57a7c,gp_set_0004,gp_set_0004_vid_0005.MP4,gp_5779,6546,6560,train
0213b5cf-f39d-48f0-b291-e8de384cf4a8,gp_set_0004,gp_set_0004_vid_0003.MP4,gp_3232,13342,13356,train
64252b17-2e66-4b7b-a962-abbf82c0f2b0,gp_set_0003,gp_set_0003_vid_0002.MP4,gp_2579,14347,14361,test
f4d8fe29-bd3b-4914-99e4-c4286ab78ce4,gp_set_0001,gp_set_0001_vid_0005.MP4,gp_840,18130,18143,train
84a4a1a1-f45c-4b98-9554-6da5dfb903cc,gp_set_0001,gp_set_0001_vid_0007.MP4,gp_1435,17468,17482,train
b5a0d95e-b5ef-426c-a968-2b4fcd0590a8,gp_set_0004,gp_set_0004_vid_0002.MP4,gp_3938,20510,20524,train
37a33b5c-c249-40fb-aef0-eb817a42b3a5,gp_set_0003,gp_set_0003_vid_0002.MP4,gp_1874,3639,3653,test
a09b8dc1-d2d2-45a6-a211-eda322e13bfe,gp_set_0001,gp_set_0001_vid_0007.MP4,gp_1243,15240,15254,train
1af62222-4a38-4a45-aef4-f0caf369de7e,gp_set_0004,gp_set_0004_vid_0002.MP4,gp_3945,8567,8581,train
6163877d-ed3e-45d8-a188-83bf65d1fa99,gp_set_0006,gp_set_0006_vid_0001.MP4,gp_1935,6182,6196,train
8e972f31-e8db-4003-b08c-b8572b73dbc1,gp_set_0002,gp_set_0002_vid_0005.MP4,gp_3776,7182,7196,train
9efc82a6-8880-4c7e-a3c2-477a813f8158,gp_set_0006,gp_set_0006_vid_0001.MP4,gp_1824,3011,3025,train
d052494d-e33d-411f-84ac-4e581e3d8d13,gp_set_0001,gp_set_0001_vid_0003.MP4,gp_90,4924,4938,train
1a4f53d0-e94a-438a-9c95-38580e2b9b98,gp_set_0006,gp_set_0006_vid_0001.MP4,gp_1811,2796,2810,train
8492dc4f-78ea-47dc-bd96-e71c207b6968,gp_set_0007,gp_set_0007_vid_0004.MP4,gp_6581,7180,7193,train
5bc9d84d-0a5d-4e30-b02f-7d8e0a023b03,gp_set_0004,gp_set_0004_vid_0005.MP4,gp_5706,10726,10740,train
f71245fa-dd38-43ee-9bc0-ba3bb221926d,gp_set_0003,gp_set_0003_vid_0004.MP4,gp_3397,15984,15998,test
aa37d087-8a28-4b30-bcb6-5546cf03efd7,gp_set_0001,gp_set_0001_vid_0007.MP4,gp_1315,16272,16286,train
e982f0b6-3fe3-453e-8116-4cce9ceeb706,gp_set_0005,gp_set_0005_vid_0005.MP4,gp_5842,7805,7819,test
26fefc39-4ce1-4db1-9bff-3c9be1b886e8,gp_set_0004,gp_set_0004_vid_0003.MP4,gp_3662,19675,19689,train
ace0ff46-1694-4efb-a8cf-1b189830d878,gp_set_0001,gp_set_0001_vid_0007.MP4,gp_1129,12986,13000,train
fb86aa6a-9f27-44c1-ac07-8ed0c60c90d7,gp_set_0003,gp_set_0003_vid_0003.MP4,gp_3030,7016,7030,test
01263d38-628c-4149-a2bd-89c62e4ba624,gp_set_0004,gp_set_0004_vid_0003.MP4,gp_3021,10711,10725,train
41957c7e-f0ac-4b62-b286-dd8d367dde9b,gp_set_0003,gp_set_0003_vid_0002.MP4,gp_2563,13860,13874,test
b37a5aec-1277-473b-90a4-2613fc2d5a7f,gp_set_0001,gp_set_0001_vid_0003.MP4,gp_207,8712,8726,train
d0c6ebad-524a-49d4-bd22-b4412eb82cf1,gp_set_0004,gp_set_0004_vid_0002.MP4,gp_3868,13619,13633,train
8852893c-fc2b-468d-8854-d2d89fd806bb,gp_set_0008,gp_set_0008_vid_0005.MP4,gp_6041,2421,2435,test
6f541537-8ccb-44b5-bce8-762b476eaa10,gp_set_0001,gp_set_0001_vid_0007.MP4,gp_1587,20333,20347,train
261aff84-fbc8-4065-95f1-88a904bc034d,gp_set_0001,gp_set_0001_vid_0001.MP4,gp_8,249,263,train
0edcb1d6-8e43-40c4-8e6c-83ed2ba31c45,gp_set_0001,gp_set_0001_vid_0008.MP4,gp_1070,9186,9200,train
c2d11b37-33ff-4f83-9f6c-182548545fe4,gp_set_0004,gp_set_0004_vid_0002.MP4,gp_3851,2593,2607,train
ccbcc039-fded-4c0b-8083-9a3079deede8,gp_set_0001,gp_set_0001_vid_0001.MP4,gp_190,13938,13952,train
44017b45-18ea-41e6-87af-c1771de53e94,gp_set_0001,gp_set_0001_vid_0007.MP4,gp_1195,6041,6055,train
cbf64ede-e526-4f04-9393-f3ba35267efb,gp_set_0001,gp_set_0001_vid_0008.MP4,gp_1161,12017,12031,train
0f2117b8-528e-4d21-aa4b-b1dd2973317f,gp_set_0004,gp_set_0004_vid_0003.MP4,gp_3258,13763,13777,train
2aa0fe33-a7a5-499f-b648-868026a6c9d7,gp_set_0001,gp_set_0001_vid_0007.MP4,gp_1618,20949,20963,train
f2c80276-6624-4eea-a31b-b8ab1a503dbc,gp_set_0005,gp_set_0005_vid_0005.MP4,gp_5839,7812,7826,test
61e2ab6e-3d5d-4242-b422-aa96da8c6a72,gp_set_0004,gp_set_0004_vid_0005.MP4,gp_5553,3672,3686,train
2e74f6a1-aecb-44d8-a4b4-db7bc0a7882b,gp_set_0005,gp_set_0005_vid_0001.MP4,gp_1370,3542,3556,test
a117e55c-3812-4e26-afb9-e4e26f997517,gp_set_0004,gp_set_0004_vid_0002.MP4,gp_3968,9513,9527,train
8b9d5718-9d57-4474-9355-98df554c9b33,gp_set_0003,gp_set_0003_vid_0002.MP4,gp_2173,9073,9087,test
d3b5cbdf-8c3b-4bb3-ba80-49fcbc5fb1e2,gp_set_0003,gp_set_0003_vid_0003.MP4,gp_3073,9579,9593,test
b7bd97e8-4553-4b2a-a9eb-ef85622f4fa0,gp_set_0002,gp_set_0002_vid_0001.MP4,gp_4340,7314,7328,train
232c1f0a-40c9-496b-a3b1-a0eb03926d72,gp_set_0003,gp_set_0003_vid_0002.MP4,gp_1906,4067,4081,test
f656f197-2895-4cb7-a2b4-10972cf2f118,gp_set_0003,gp_set_0003_vid_0003.MP4,gp_3083,10019,10033,test
04a22bc3-cb77-4cf0-b19c-b79f658f7f9a,gp_set_0003,gp_set_0003_vid_0002.MP4,gp_1770,1253,1267,test
8e7659d8-4da9-4065-9946-21935a12e9bc,gp_set_0001,gp_set_0001_vid_0006.MP4,gp_801,8427,8441,train
e2ff59bd-5a01-48af-b7e3-caeecb0b9b81,gp_set_0003,gp_set_0003_vid_0002.MP4,gp_2309,10404,10418,test
fe95103b-f99c-4e21-a0df-b9ff28c2a618,gp_set_0001,gp_set_0001_vid_0008.MP4,gp_853,4744,4758,train
9a05a9e0-4516-4fb9-839e-f2a02443da9c,gp_set_0003,gp_set_0003_vid_0002.MP4,gp_2581,14347,14361,test
14a9ab82-7abc-4d22-bedd-d7dc6e2ba0b0,gp_set_0001,gp_set_0001_vid_0006.MP4,gp_657,1273,1287,train
0eb06e63-d2ec-4e7f-a849-00003707107f,gp_set_0003,gp_set_0003_vid_0002.MP4,gp_2256,9708,9722,test
2e92e0a1-6bfd-40a7-8409-b1b6a98f878e,gp_set_0001,gp_set_0001_vid_0002.MP4,gp_489,10359,10373,train
3993eed3-2a2e-42c1-b7b8-6cc71c819bcc,gp_set_0004,gp_set_0004_vid_0003.MP4,gp_3011,10381,10395,train
adda5dcb-fb0f-48d8-9345-55f0c4de83d8,gp_set_0001,gp_set_0001_vid_0008.MP4,gp_1336,15414,15428,train
e218e5d1-5785-4ae3-a9cc-b4629e013256,gp_set_0001,gp_set_0001_vid_0008.MP4,gp_790,4418,4432,train
96b7ba16-a3a1-44b1-8d4e-d8777794ba77,gp_set_0001,gp_set_0001_vid_0008.MP4,gp_344,7093,7107,train
ba7efb00-825a-4e12-9808-1a70fe26afa0,gp_set_0002,gp_set_0002_vid_0002.MP4,gp_5431,11694,11708,train
cb4133b6-1a3c-45f0-96d7-5e5a7823227f,gp_set_0002,gp_set_0002_vid_0001.MP4,gp_4272,1599,1613,train
0163f8a6-2848-42d7-905d-27729a5ece97,gp_set_0004,gp_set_0004_vid_0005.MP4,gp_5615,5531,5545,train
5ab0eb7f-72c3-4478-98af-d6e3c711b5d9,gp_set_0003,gp_set_0003_vid_0004.MP4,gp_3410,16244,16258,test
b9109639-d2b5-4d42-b5bf-2405e92ae501,gp_set_0005,gp_set_0005_vid_0002.MP4,gp_4195,327,341,test
d714e661-5558-4971-8e0c-ad3a74d60c61,gp_set_0004,gp_set_0004_vid_0001.MP4,gp_3507,9685,9699,train
3e4b7d4b-b6f1-43f6-a895-7b0062f470ef,gp_set_0002,gp_set_0002_vid_0002.MP4,gp_4855,1926,1940,train
ffd0d9c4-7e09-4630-9fb6-8aa695bf2bc5,gp_set_0004,gp_set_0004_vid_0003.MP4,gp_3022,10706,10720,train
635781e3-6511-4f80-a8c0-87dccda53c7f,gp_set_0004,gp_set_0004_vid_0002.MP4,gp_3953,8869,8883,train
9d502f6b-5c89-4e31-b076-949e2acd7d15,gp_set_0003,gp_set_0003_vid_0003.MP4,gp_3171,17012,17026,test
536faedf-6450-460d-8aa6-a032c6f6f4d9,gp_set_0004,gp_set_0004_vid_0002.MP4,gp_3778,16285,16299,train
60d17597-48d8-44c9-bc48-c99cd433f01f,gp_set_0001,gp_set_0001_vid_0007.MP4,gp_1018,1533,1547,train
87eda8ee-8684-4766-9c18-6c9a50e23f06,gp_set_0003,gp_set_0003_vid_0004.MP4,gp_2638,179,193,test
46e2a8f1-3e15-4954-acc6-fcda69a3bedc,gp_set_0004,gp_set_0004_vid_0002.MP4,gp_3770,19550,19564,train
ebad290e-b103-4538-b0cb-698ecd795711,gp_set_0003,gp_set_0003_vid_0004.MP4,gp_2794,5536,5550,test
0e1f16ec-5186-4c0b-ba73-ac8ac19de5a7,gp_set_0008,gp_set_0008_vid_0001.MP4,gp_5753,5782,5796,test
6bdf12bb-233e-44ae-a7d3-d57becf3a46d,gp_set_0004,gp_set_0004_vid_0005.MP4,gp_5638,9539,9553,train
439263ac-e153-4cb9-af7c-c5b07a119b59,gp_set_0005,gp_set_0005_vid_0001.MP4,gp_1570,7014,7028,test
6f2b139e-a4a2-497a-a6c7-20e33958a470,gp_set_0003,gp_set_0003_vid_0003.MP4,gp_3181,17212,17226,test
c3f392d2-bc6d-442b-bc28-e3b3e86160b1,gp_set_0004,gp_set_0004_vid_0003.MP4,gp_3619,18631,18645,train
dd280359-3c67-4ce3-966e-be0cadd2f8e8,gp_set_0004,gp_set_0004_vid_0002.MP4,gp_3924,7167,7181,train
5969b0f4-c4d0-4d39-9944-69cb61fb065e,gp_set_0001,gp_set_0001_vid_0005.MP4,gp_746,16879,16893,train
a545575b-7bd9-4ee3-93b9-329cd8ef012d,gp_set_0005,gp_set_0005_vid_0002.MP4,gp_4209,7453,7467,test
f8ed03df-13eb-46ac-9b81-6431480eaac5,gp_set_0004,gp_set_0004_vid_0003.MP4,gp_2914,9406,9420,train
62a561ba-ee39-4ff7-b906-04d13845da8c,gp_set_0002,gp_set_0002_vid_0002.MP4,gp_5425,9603,9617,train
7e60168d-5d32-49c4-9156-f3c64c3b0ed1,gp_set_0004,gp_set_0004_vid_0002.MP4,gp_3796,17561,17575,train
3c2643aa-278e-410c-ab33-66f72efc3c37,gp_set_0001,gp_set_0001_vid_0003.MP4,gp_89,4859,4873,train
e5d0eec8-e720-4581-bb86-433d3429d8a8,gp_set_0001,gp_set_0001_vid_0005.MP4,gp_649,14003,14017,train
67831d27-bfa6-455e-a90d-c824bcb473ff,gp_set_0003,gp_set_0003_vid_0004.MP4,gp_3499,18186,18200,test
31d1ab4a-5ef6-4e22-a8d0-82db611ff48a,gp_set_0005,gp_set_0005_vid_0005.MP4,gp_5843,7812,7826,test
c1809d5c-6396-4bd2-8fde-ca6281ec187b,gp_set_0003,gp_set_0003_vid_0004.MP4,gp_3227,12942,12956,test
52aeca8f-7a4d-4a5d-b177-f02dab6f33e3,gp_set_0003,gp_set_0003_vid_0003.MP4,gp_3218,19225,19239,test
890f1198-fd8f-42ef-a254-c0e798c63388,gp_set_0003,gp_set_0003_vid_0002.MP4,gp_2556,13791,13805,test
de985b5d-a3f2-4213-910c-b45b5cbcacc6,gp_set_0002,gp_set_0002_vid_0001.MP4,gp_4418,18717,18731,train
5bf127fd-b50f-41c4-8a72-0d7d15b75ec3,gp_set_0004,gp_set_0004_vid_0002.MP4,gp_3815,15317,15331,train
2fe50754-18ef-4685-bb56-3fe0c44276ef,gp_set_0003,gp_set_0003_vid_0002.MP4,gp_1862,3505,3519,test
635e69fd-d297-4310-8b77-303d0582233a,gp_set_0004,gp_set_0004_vid_0005.MP4,gp_5749,5837,5851,train
870f7480-6c72-41ef-a3a3-ca36c8dd343f,gp_set_0008,gp_set_0008_vid_0005.MP4,gp_6140,6991,7005,test
e7524fc9-1b17-48c3-b2f5-bcff944fd6ab,gp_set_0004,gp_set_0004_vid_0002.MP4,gp_3986,10646,10660,train
f4751c61-c251-4135-ba4d-a9b4ed65f44e,gp_set_0003,gp_set_0003_vid_0001.MP4,gp_3341,16054,16068,test
557db8ae-6daf-48c6-918a-808822b43d51,gp_set_0004,gp_set_0004_vid_0002.MP4,gp_3955,8942,8956,train
d32936e3-13bb-4b74-9c7f-2c768422fc1e,gp_set_0004,gp_set_0004_vid_0003.MP4,gp_2612,5764,5778,train
2843b2da-6f72-41b2-a3ca-70c3a4ef05e7,gp_set_0001,gp_set_0001_vid_0002.MP4,gp_603,14278,14292,train
0a2f0174-762d-4bff-9b8b-6acacd63d825,gp_set_0003,gp_set_0003_vid_0002.MP4,gp_2544,13751,13765,test
47fb4caa-a0c0-4a91-af71-9a54df4a0216,gp_set_0001,gp_set_0001_vid_0008.MP4,gp_1404,19020,19034,train
66de1e71-33c4-4b88-82ca-87fd73bcdad5,gp_set_0004,gp_set_0004_vid_0003.MP4,gp_3663,19694,19708,train
7394fba5-b494-427b-a630-e2a92787c86a,gp_set_0001,gp_set_0001_vid_0006.MP4,gp_942,15690,15704,train
40d749e8-9578-4fc3-bc50-9061f1a17ef5,gp_set_0004,gp_set_0004_vid_0002.MP4,gp_4001,12278,12292,train
08be72da-c051-4742-8d72-75cf1ab559b3,gp_set_0001,gp_set_0001_vid_0005.MP4,gp_921,20390,20404,train
17be7c27-359c-436b-8a90-f482d0410439,gp_set_0001,gp_set_0001_vid_0008.MP4,gp_736,3455,3469,train
2a13b554-7f41-4855-aef5-859f5e7b1f84,gp_set_0006,gp_set_0006_vid_0001.MP4,gp_1785,2342,2356,train
0cbe0e64-2ba4-4810-9d0b-ef06db8d7b9c,gp_set_0004,gp_set_0004_vid_0003.MP4,gp_2892,8817,8831,train
5ffa140c-1d99-4204-80a5-7124641600a9,gp_set_0001,gp_set_0001_vid_0005.MP4,gp_361,11764,11778,train
8cdca22d-c20e-4fd7-ac9f-5d1863d42288,gp_set_0004,gp_set_0004_vid_0003.MP4,gp_3283,13859,13873,train
c42c5688-2908-4670-abe5-722bac6d70b8,gp_set_0003,gp_set_0003_vid_0002.MP4,gp_1763,926,940,test
0bac59f3-87c3-4bfe-b448-0f5880b5598c,gp_set_0001,gp_set_0001_vid_0005.MP4,gp_893,19848,19862,train
2d53c7c2-a8eb-41d8-9a1e-3944f1d508bb,gp_set_0001,gp_set_0001_vid_0006.MP4,gp_887,10846,10860,train
b0303c5a-8600-4040-b6bd-c8742021a6c4,gp_set_0008,gp_set_0008_vid_0005.MP4,gp_6190,4893,4907,test
3d817ed5-4798-4cd6-a19e-454bd1fda1c7,gp_set_0005,gp_set_0005_vid_0001.MP4,gp_1725,21185,21199,test
12d11424-505c-4cd1-a756-d40e59e86574,gp_set_0004,gp_set_0004_vid_0005.MP4,gp_5584,7483,7497,train
8b2b939b-6847-47cc-b5db-02657e2cbc19,gp_set_0001,gp_set_0001_vid_0008.MP4,gp_721,3078,3092,train
bd10484e-b57e-4ea9-88b9-030f31e59841,gp_set_0003,gp_set_0003_vid_0004.MP4,gp_3015,10679,10693,test
de16f64c-a966-464d-8845-944a25d1613d,gp_set_0004,gp_set_0004_vid_0003.MP4,gp_2973,9762,9776,train
ee721a4b-19fd-4681-a6a8-d2c83d8a16fb,gp_set_0001,gp_set_0001_vid_0002.MP4,gp_411,1331,1345,train
8487b47d-deb0-4619-b1f5-d605e90b51e9,gp_set_0004,gp_set_0004_vid_0003.MP4,gp_3398,14835,14849,train
5d3f2b92-dc67-4d20-84cc-2b90d7172824,gp_set_0002,gp_set_0002_vid_0001.MP4,gp_4423,18896,18910,train
1d9159b5-a2a4-4767-8f99-d979644a484d,gp_set_0003,gp_set_0003_vid_0003.MP4,gp_3018,5049,5063,test
e6f52839-2fbf-473b-8992-616b07fa91f9,gp_set_0001,gp_set_0001_vid_0006.MP4,gp_704,6090,6104,train
26863418-0e0a-48f2-be63-d9a56c05a3e9,gp_set_0004,gp_set_0004_vid_0002.MP4,gp_3997,12040,12054,train
25012fbb-4393-4436-a425-7d2e58decf4e,gp_set_0002,gp_set_0002_vid_0001.MP4,gp_4277,2117,2131,train
4b587afd-6f56-4b76-bc23-517ed7032b7d,gp_set_0002,gp_set_0002_vid_0002.MP4,gp_4844,1307,1321,train
31b76703-b9a6-4c43-a2f6-f2294d914af6,gp_set_0008,gp_set_0008_vid_0001.MP4,gp_5756,5840,5854,test
29cc021c-3e82-42a5-9b10-3f5d590c0b5b,gp_set_0007,gp_set_0007_vid_0004.MP4,gp_6587,11646,11660,train
dbcaac86-2d19-441d-bf5e-7e9e711f26dc,gp_set_0003,gp_set_0003_vid_0002.MP4,gp_2506,12851,12865,test
86e544b2-9a6b-4dca-a316-b0508ad42f26,gp_set_0006,gp_set_0006_vid_0001.MP4,gp_1710,815,829,train
f5be6be5-f448-4837-84ca-aa5662952b5b,gp_set_0003,gp_set_0003_vid_0002.MP4,gp_2654,14840,14854,test
e92e78b9-3a0d-4737-9af3-ca1e05849f4b,gp_set_0001,gp_set_0001_vid_0006.MP4,gp_938,15628,15642,train
cd028129-5ca1-418d-9720-65391f0957ac,gp_set_0001,gp_set_0001_vid_0006.MP4,gp_693,5371,5385,train
66cd88b7-4d90-4c1a-bfab-5404d0215870,gp_set_0004,gp_set_0004_vid_0001.MP4,gp_3590,2709,2723,train
d2a071ce-09f1-4c4b-b638-2c90b27a0331,gp_set_0004,gp_set_0004_vid_0005.MP4,gp_5711,5802,5816,train
f3bc1175-1c4a-41f4-8c90-58f6aafe8b00,gp_set_0001,gp_set_0001_vid_0005.MP4,gp_650,14033,14047,train
76bde08c-4ab2-4b6c-aae4-8dec7579dadd,gp_set_0003,gp_set_0003_vid_0004.MP4,gp_3509,18685,18699,test
87e6181f-fbe0-44d9-a8d6-c0abeda0aad8,gp_set_0001,gp_set_0001_vid_0007.MP4,gp_1629,21141,21155,train
7c78e3ea-f00c-4dda-95ac-38c768bdd92b,gp_set_0006,gp_set_0006_vid_0001.MP4,gp_1944,6480,6494,train
2a05d996-6e19-4c81-a94f-def1596ea8ca,gp_set_0001,gp_set_0001_vid_0007.MP4,gp_1190,6047,6061,train
5eade2a0-9b57-4413-ad13-e637ce36fc58,gp_set_0001,gp_set_0001_vid_0007.MP4,gp_978,437,451,train
1b2cb180-f925-42dc-a687-5250fe5d6b29,gp_set_0004,gp_set_0004_vid_0003.MP4,gp_3668,19858,19872,train
5f91f265-916b-488d-adc4-b75a103f001d,gp_set_0008,gp_set_0008_vid_0005.MP4,gp_6051,2535,2549,test
4705dad1-876f-4114-bda0-206fd3b966d0,gp_set_0008,gp_set_0008_vid_0005.MP4,gp_6185,4618,4632,test
60b27648-1e18-41ea-80c1-7f5a3393210e,gp_set_0003,gp_set_0003_vid_0001.MP4,gp_3260,16251,16264,test
0b989eb3-daaa-4e99-9fd1-736953bbaec7,gp_set_0001,gp_set_0001_vid_0008.MP4,gp_1164,12070,12084,train
2ebf2732-0af4-4087-bf5e-8fac88e13cbb,gp_set_0004,gp_set_0004_vid_0002.MP4,gp_3871,3442,3456,train
260f45ef-7424-46ec-81fc-8597f089ba9e,gp_set_0003,gp_set_0003_vid_0002.MP4,gp_2329,10564,10578,test
1c93362a-673d-4800-aa18-6de7656bcd76,gp_set_0006,gp_set_0006_vid_0001.MP4,gp_1901,5282,5296,train
80b12235-e861-491e-82e4-81b96828400a,gp_set_0008,gp_set_0008_vid_0004.MP4,gp_6511,7563,7577,test
0264ac67-6d87-4ac5-8210-956d17ce6444,gp_set_0001,gp_set_0001_vid_0008.MP4,gp_878,4941,4955,train
63e8d5a4-5c29-4170-8eff-d58446aa2bc3,gp_set_0002,gp_set_0002_vid_0002.MP4,gp_4824,518,532,train
59411bd4-e8ac-4e36-b0ab-4a9f0d188093,gp_set_0004,gp_set_0004_vid_0005.MP4,gp_5639,1929,1943,train
ddb9a78d-e71c-453c-be06-51697fe2890b,gp_set_0003,gp_set_0003_vid_0003.MP4,gp_3136,13935,13949,test
824538d0-3372-4bf2-bb8e-b741f0edc164,gp_set_0003,gp_set_0003_vid_0001.MP4,gp_3320,15492,15506,test
c0bfb59b-c93f-4783-b966-35d65daf28a3,gp_set_0005,gp_set_0005_vid_0001.MP4,gp_1450,4411,4425,test
6d01031a-107d-4fbf-a392-7cd067fb725c,gp_set_0001,gp_set_0001_vid_0008.MP4,gp_308,6042,6056,train
e44fea81-380d-4979-ab5a-1a902daa51dc,gp_set_0001,gp_set_0001_vid_0007.MP4,gp_1492,18208,18222,train
3d1ad494-7bf8-402c-99f8-0088e984b987,gp_set_0005,gp_set_0005_vid_0001.MP4,gp_1472,4787,4801,test
d1045f7e-c93a-429e-8fe9-4005537a4b93,gp_set_0001,gp_set_0001_vid_0002.MP4,gp_401,1079,1093,train
e191b904-16f3-4440-b09c-3e1a3fd6eb9c,gp_set_0002,gp_set_0002_vid_0001.MP4,gp_4450,20539,20553,train
00dd7864-3a6c-4bdd-a3af-f28eb9280c05,gp_set_0001,gp_set_0001_vid_0001.MP4,gp_1,432,446,train
f28805ab-9f26-451f-a60e-fec08a8736fb,gp_set_0003,gp_set_0003_vid_0002.MP4,gp_2127,8691,8705,test
cf331462-69db-4b11-b863-321161a32dd4,gp_set_0008,gp_set_0008_vid_0001.MP4,gp_5761,5945,5959,test
9d7538b3-8c37-49dd-a7c7-e0a704b4865d,gp_set_0004,gp_set_0004_vid_0002.MP4,gp_3783,16368,16382,train
d788ce21-a9cf-4fad-b017-d7e54c8154d0,gp_set_0005,gp_set_0005_vid_0001.MP4,gp_1431,4126,4140,test
ddaf4d01-87fc-4842-917c-8b6b283b55f8,gp_set_0001,gp_set_0001_vid_0008.MP4,gp_1443,19772,19786,train
23a233ff-9329-47e3-9add-ef98441eab08,gp_set_0008,gp_set_0008_vid_0001.MP4,gp_5925,10072,10086,test
e0687460-7d86-432c-a0be-6432c745b019,gp_set_0001,gp_set_0001_vid_0007.MP4,gp_1080,5316,5330,train
6d225af2-d094-4c79-ba9b-b51a4f715566,gp_set_0001,gp_set_0001_vid_0008.MP4,gp_304,6433,6447,train
424f108b-9ce7-4dd3-a8df-b4fd5f38ae92,gp_set_0003,gp_set_0003_vid_0002.MP4,gp_2352,10932,10946,test
26450453-5f78-4f5d-844d-dab3b4a37f03,gp_set_0006,gp_set_0006_vid_0001.MP4,gp_2002,10074,10088,train
b5862794-43dd-4213-9810-6a3ff044a5a5,gp_set_0004,gp_set_0004_vid_0003.MP4,gp_2936,9326,9340,train
e4ff29b5-93c0-4990-9511-983497db05f7,gp_set_0001,gp_set_0001_vid_0007.MP4,gp_1562,19637,19651,train
9b38f00a-677f-4388-9ad6-67643e8fae54,gp_set_0001,gp_set_0001_vid_0002.MP4,gp_5489,290,304,train
30c9a7ff-e49d-4045-983e-bed3507af087,gp_set_0001,gp_set_0001_vid_0008.MP4,gp_1133,11506,11520,train
92cd1d53-79b5-48fe-b123-758dd62bd7a2,gp_set_0004,gp_set_0004_vid_0005.MP4,gp_5646,5631,5645,train
cc2e4e26-a035-47ff-bb7c-22216dc08aab,gp_set_0003,gp_set_0003_vid_0004.MP4,gp_2798,5692,5706,test
44821722-f9c9-4ca8-90eb-ab7d45293625,gp_set_0005,gp_set_0005_vid_0002.MP4,gp_4211,8818,8832,test
d15aa240-f72c-4eec-83a0-ff407b55ce51,gp_set_0003,gp_set_0003_vid_0004.MP4,gp_3002,10500,10514,test
2a492ade-744a-4c5d-851c-aff534514eb9,gp_set_0006,gp_set_0006_vid_0001.MP4,gp_1851,4583,4597,train
e16da1fb-a5b6-4595-92b1-07f3f1606905,gp_set_0002,gp_set_0002_vid_0005.MP4,gp_3794,7524,7538,train
c95be591-2459-42a7-b26e-85c1ba4b6f63,gp_set_0003,gp_set_0003_vid_0002.MP4,gp_2425,12007,12021,test
2d40578a-f62c-4df0-9c37-100d46c655b9,gp_set_0002,gp_set_0002_vid_0001.MP4,gp_4433,19798,19812,train
a988b987-633a-48f9-95ba-d5358fe15745,gp_set_0003,gp_set_0003_vid_0003.MP4,gp_3243,21141,21155,test
3cdb1d23-5866-4855-b67f-aca7436008e7,gp_set_0003,gp_set_0003_vid_0004.MP4,gp_3383,15606,15620,test
3a99781a-d5d5-4fd4-9f42-2aa2b1a0aeb5,gp_set_0001,gp_set_0001_vid_0005.MP4,gp_414,802,816,train
244ff6a2-4a49-4244-a677-4f3a263cc30e,gp_set_0004,gp_set_0004_vid_0003.MP4,gp_3070,11088,11102,train
fcd6c958-d5fb-43f3-bf2a-759143834cca,gp_set_0008,gp_set_0008_vid_0004.MP4,gp_6610,11395,11409,test
31aa68a1-1d36-4f6b-af59-0c39a5728c4f,gp_set_0004,gp_set_0004_vid_0005.MP4,gp_5640,9703,9717,train
32187f7f-6e12-4839-9176-45ae29af2e77,gp_set_0002,gp_set_0002_vid_0001.MP4,gp_4279,2176,2190,train
2646c497-d611-43d6-b3a3-c1758b2ef1d7,gp_set_0005,gp_set_0005_vid_0005.MP4,gp_6800,7447,7461,test
84b8abe1-9d82-49fa-9098-a02167945c0e,gp_set_0001,gp_set_0001_vid_0008.MP4,gp_774,4254,4268,train
3ab5b96b-e4a5-4b8e-adc7-a38e4eb13a06,gp_set_0008,gp_set_0008_vid_0005.MP4,gp_6083,3218,3232,test
eb10d85f-f60b-47b2-b67f-c7409e6ca155,gp_set_0003,gp_set_0003_vid_0003.MP4,gp_3232,19807,19820,test
a25c5a44-3baf-41f5-b050-7cc0f7e86c61,gp_set_0003,gp_set_0003_vid_0003.MP4,gp_3220,19332,19346,test
4e2cb26e-2b6d-4b4b-b585-0c777c2475ed,gp_set_0004,gp_set_0004_vid_0003.MP4,gp_3536,17066,17080,train
d6bc895c-433e-4337-b950-4508aac6e7b4,gp_set_0004,gp_set_0004_vid_0002.MP4,gp_3775,16287,16301,train
23d26b25-e18f-40f2-bea5-04ed934645a2,gp_set_0003,gp_set_0003_vid_0003.MP4,gp_2908,999,1013,test
d4ac245a-d145-47e6-b0fc-d17f11ce0435,gp_set_0004,gp_set_0004_vid_0005.MP4,gp_5806,6194,6208,train
1fb0b1a2-bcb5-4c43-833f-56bc27c7d6dd,gp_set_0002,gp_set_0002_vid_0001.MP4,gp_4386,14183,14197,train
aa37a6b1-633b-4753-b3ee-e6db47d18cb9,gp_set_0002,gp_set_0002_vid_0001.MP4,gp_4438,19959,19973,train
b7d95ded-9f5e-49dc-b554-955b3edcfbbd,gp_set_0001,gp_set_0001_vid_0008.MP4,gp_1454,20619,20633,train
7f14401f-c4fb-4216-9e6d-48e5a0725c4b,gp_set_0004,gp_set_0004_vid_0003.MP4,gp_2935,9351,9365,train
7481b559-39ed-4924-8746-5ed5374f4a8e,gp_set_0001,gp_set_0001_vid_0005.MP4,gp_931,20468,20482,train
189c323b-53a3-42a1-9773-fe2028e6545c,gp_set_0006,gp_set_0006_vid_0001.MP4,gp_2616,20689,20703,train
d06bb59d-050f-4f7d-851d-843c8665ea34,gp_set_0001,gp_set_0001_vid_0008.MP4,gp_1400,19016,19030,train
9014ece5-a96e-47eb-8e6f-e2742c92edba,gp_set_0001,gp_set_0001_vid_0007.MP4,gp_1337,16546,16560,train
37ee6a79-f160-462e-90d9-79191dfabff1,gp_set_0003,gp_set_0003_vid_0004.MP4,gp_3450,17007,17021,test
bfe89f86-012c-4b6b-830f-b4e50e02551b,gp_set_0004,gp_set_0004_vid_0005.MP4,gp_5799,7163,7177,train
dbd9a8ab-203a-471a-ab84-cc8105ae3d64,gp_set_0006,gp_set_0006_vid_0001.MP4,gp_1919,5860,5874,train
6991284b-22fa-4cd9-a66a-ed93411bbc16,gp_set_0006,gp_set_0006_vid_0001.MP4,gp_2123,14995,15009,train
592a04da-988d-44b5-858a-dd82e71d4165,gp_set_0004,gp_set_0004_vid_0003.MP4,gp_3285,13889,13903,train
6c239fa6-014b-48ff-bf78-23c30a9e4742,gp_set_0003,gp_set_0003_vid_0002.MP4,gp_2305,10339,10353,test
b64f078c-2851-48e0-8d3c-dc3ed1e22dc3,gp_set_0008,gp_set_0008_vid_0004.MP4,gp_6513,7760,7774,test
a7d27f77-5457-4c81-89c9-d144ee46a8ab,gp_set_0003,gp_set_0003_vid_0003.MP4,gp_2859,174,188,test
e979fe9b-56d1-4d26-86a5-eb1e7feaaec4,gp_set_0001,gp_set_0001_vid_0002.MP4,gp_503,10669,10683,train
32297b6e-fd96-4524-b476-a70ba8d214b1,gp_set_0004,gp_set_0004_vid_0003.MP4,gp_3627,18837,18851,train
9c684e61-4c1e-45de-af3b-a7101459370d,gp_set_0002,gp_set_0002_vid_0002.MP4,gp_4958,7228,7242,train
450807ba-fbeb-4755-af65-dd1ab9dd4a54,gp_set_0004,gp_set_0004_vid_0005.MP4,gp_5725,6015,6029,train
d80280f1-2f09-4764-8666-80cec84d0e78,gp_set_0001,gp_set_0001_vid_0002.MP4,gp_499,10612,10626,train
2313ea74-29a1-4aa7-9f9c-dd90540d61cd,gp_set_0002,gp_set_0002_vid_0001.MP4,gp_4250,16908,16922,train
396c8351-a412-4591-b948-5903722a2429,gp_set_0002,gp_set_0002_vid_0001.MP4,gp_4404,18230,18244,train
6459014f-22f2-450f-bc64-dfd841c10486,gp_set_0006,gp_set_0006_vid_0001.MP4,gp_1697,628,642,train
1dd0e2d3-1161-4ab2-af7a-2cc53c06a75f,gp_set_0003,gp_set_0003_vid_0003.MP4,gp_3241,20592,20606,test
24664ced-c4c6-4ed1-bdd5-afa75ce67c0e,gp_set_0001,gp_set_0001_vid_0002.MP4,gp_502,10660,10674,train
c86bba2f-f3f2-4a9a-b3d9-ce9cddcebf2d,gp_set_0001,gp_set_0001_vid_0003.MP4,gp_168,7987,8001,train
461f84e6-22ae-4770-88b0-195ca2366d0a,gp_set_0004,gp_set_0004_vid_0002.MP4,gp_3870,3363,3377,train
d2ba3c90-ea2c-44f2-b886-3c766517cf3c,gp_set_0003,gp_set_0003_vid_0004.MP4,gp_3431,16832,16846,test
58f0232a-309e-4cd7-a87b-2886c4217a74,gp_set_0003,gp_set_0003_vid_0002.MP4,gp_2261,9777,9791,test
90b66f35-405d-4ae2-89f4-4c51326d5e36,gp_set_0003,gp_set_0003_vid_0002.MP4,gp_2236,9594,9608,test
1c91ea8f-cb6d-43c3-88eb-5ceacade6d19,gp_set_0001,gp_set_0001_vid_0008.MP4,gp_259,5566,5580,train
5641ee92-6448-4ac7-b290-b3754ba1d9c9,gp_set_0004,gp_set_0004_vid_0005.MP4,gp_5558,7369,7383,train
c9357bb2-3417-4122-a807-97cf23664b21,gp_set_0004,gp_set_0004_vid_0003.MP4,gp_3106,11222,11236,train
bf2f7e11-2802-4e0c-ac01-ebc43063a24c,gp_set_0001,gp_set_0001_vid_0008.MP4,gp_1125,11453,11467,train
550fd037-7fdf-421e-8d91-01b7f4796d25,gp_set_0002,gp_set_0002_vid_0001.MP4,gp_4432,19732,19746,train
726e6e59-2e11-41cf-9249-784e6a89d3cc,gp_set_0002,gp_set_0002_vid_0002.MP4,gp_4990,9667,9681,train
198aef1c-f246-4e07-a523-015f31ca7d66,gp_set_0008,gp_set_0008_vid_0004.MP4,gp_6604,10925,10939,test
9e0cda2d-cc38-4012-8b6f-ae88573514ac,gp_set_0001,gp_set_0001_vid_0003.MP4,gp_526,13456,13470,train
4cea9e8c-3c01-49a9-ba7b-de94c7024503,gp_set_0001,gp_set_0001_vid_0006.MP4,gp_679,2959,2973,train
24fcd672-e5dd-474f-8719-06b4296d0383,gp_set_0001,gp_set_0001_vid_0006.MP4,gp_732,6290,6304,train
4d03e316-3159-481b-8909-cb8e793a79b8,gp_set_0003,gp_set_0003_vid_0001.MP4,gp_3454,4360,4374,test
9bbd78e4-ce68-46f4-b75f-655b26b0a32b,gp_set_0001,gp_set_0001_vid_0007.MP4,gp_1116,12742,12756,train
345b5bdb-0a1c-4d99-ba83-d8b7033e26b3,gp_set_0001,gp_set_0001_vid_0008.MP4,gp_1172,12169,12183,train
4671aa1b-03fd-413d-8f6c-ca954303c13d,gp_set_0003,gp_set_0003_vid_0001.MP4,gp_3403,9852,9866,test
409c5ad0-e6d1-4c0c-b528-66d52e756f08,gp_set_0004,gp_set_0004_vid_0005.MP4,gp_5655,2105,2119,train
e33e4132-b862-43b2-bfff-d0bfc6de57f6,gp_set_0004,gp_set_0004_vid_0005.MP4,gp_5576,44,58,train
3b44b8a8-82f4-47a3-9e66-1f5064cb2c1b,gp_set_0001,gp_set_0001_vid_0003.MP4,gp_536,14046,14060,train
ac442424-c7e0-410b-956f-cd676a133d6e,gp_set_0004,gp_set_0004_vid_0005.MP4,gp_6799,7107,7121,train
5bb05f20-1635-4125-9d18-e5b33fce8e51,gp_set_0001,gp_set_0001_vid_0003.MP4,gp_599,15697,15711,train
7b17fd01-b8c2-4985-b839-838efa052945,gp_set_0001,gp_set_0001_vid_0008.MP4,gp_1423,19622,19636,train
fe82c56c-b30c-44f5-afab-837fab419cb3,gp_set_0006,gp_set_0006_vid_0001.MP4,gp_2079,13158,13172,train
9b1f6956-533a-42e6-b79a-5d18b8ef7cd2,gp_set_0003,gp_set_0003_vid_0001.MP4,gp_3299,17891,17905,test
2ed49169-9b3f-4ec1-9579-e500d76a58a2,gp_set_0005,gp_set_0005_vid_0001.MP4,gp_1621,9384,9397,test
2bb437c8-1234-411e-91d1-e88005452f7e,gp_set_0004,gp_set_0004_vid_0003.MP4,gp_3628,18870,18884,train
a892e2b9-2b2d-4c85-b7a0-e6c96a518b60,gp_set_0003,gp_set_0003_vid_0004.MP4,gp_3008,10562,10576,test
a98f4147-bf13-4ac8-9be9-9537a9f19d81,gp_set_0001,gp_set_0001_vid_0005.MP4,gp_648,13943,13957,train
5b01c866-5158-4c15-8ddf-e6cab97018b9,gp_set_0004,gp_set_0004_vid_0005.MP4,gp_5735,15864,15878,train
edd00abc-2d17-4bb7-b8f4-d3d5b24c53ed,gp_set_0006,gp_set_0006_vid_0001.MP4,gp_1887,5043,5057,train
4fa15ada-8598-4078-8cb3-89d11809490e,gp_set_0003,gp_set_0003_vid_0003.MP4,gp_3129,13845,13859,test
e958822d-a990-42d3-8536-61a7ed482d37,gp_set_0003,gp_set_0003_vid_0002.MP4,gp_2090,8177,8191,test
c79ac2e7-d97a-4364-ac1b-3689feef7c5b,gp_set_0002,gp_set_0002_vid_0001.MP4,gp_4349,17389,17403,train
fb07937e-1c25-40c1-a55f-8b0e5c401fc9,gp_set_0003,gp_set_0003_vid_0003.MP4,gp_3051,8740,8754,test
4820a9b8-c098-4592-94ea-250b40b00e5e,gp_set_0001,gp_set_0001_vid_0007.MP4,gp_1519,18425,18439,train
d3bbef8c-8c02-43ff-833c-4cdb21d73602,gp_set_0001,gp_set_0001_vid_0008.MP4,gp_667,1711,1725,train
1ec9160b-14e6-4381-ba17-dd7b21b24b4a,gp_set_0008,gp_set_0008_vid_0001.MP4,gp_6019,7129,7143,test
fa7bbfd6-253d-42c3-8942-29a28c108d1e,gp_set_0004,gp_set_0004_vid_0005.MP4,gp_5577,218,232,train
3f1ce2d1-ae48-4eac-86cd-5988daf4ba61,gp_set_0003,gp_set_0003_vid_0002.MP4,gp_2366,11017,11031,test
74593818-1e07-46d0-9e12-430ec6f649ea,gp_set_0001,gp_set_0001_vid_0008.MP4,gp_1157,11970,11984,train
7d9538d4-b875-47e6-a58c-9b99222d34a1,gp_set_0002,gp_set_0002_vid_0001.MP4,gp_4440,20101,20115,train
d23274bd-a117-4c9d-b370-92ef905ef38c,gp_set_0005,gp_set_0005_vid_0001.MP4,gp_1651,15970,15984,test
a992e6c5-34d7-4942-a6eb-8fe731dd6c76,gp_set_0004,gp_set_0004_vid_0003.MP4,gp_3559,17500,17514,train
28c8da6c-f1ef-4f3f-910c-b26659f067c8,gp_set_0007,gp_set_0007_vid_0004.MP4,gp_6563,8511,8525,train
397c3c0d-1c9a-442c-b67e-1a6c3dcc592b,gp_set_0003,gp_set_0003_vid_0004.MP4,gp_2691,2655,2669,test
2e85d04d-798d-40bd-86f6-060ef9ba294a,gp_set_0003,gp_set_0003_vid_0004.MP4,gp_2863,7754,7768,test
8f5b2cef-324e-46c0-a8e0-f9d1ebcce903,gp_set_0002,gp_set_0002_vid_0001.MP4,gp_4447,20391,20405,train
73644ecd-4aed-419b-a224-66e85138a503,gp_set_0001,gp_set_0001_vid_0005.MP4,gp_525,3519,3533,train
889fbe75-3932-46bf-8c9b-d195e4a7d1d5,gp_set_0005,gp_set_0005_vid_0002.MP4,gp_4222,2222,2236,test
79a79b25-3e76-4896-993f-686b35499315,gp_set_0001,gp_set_0001_vid_0006.MP4,gp_730,6267,6281,train
e88b7c46-3c93-4e0b-8ea3-7cd29dd82c27,gp_set_0001,gp_set_0001_vid_0005.MP4,gp_762,17495,17509,train
29f8250f-e3e2-442f-a8be-ab4e4a7006f6,gp_set_0004,gp_set_0004_vid_0003.MP4,gp_2783,7828,7842,train
0c1c1b42-e638-484e-b59c-d1c1900f9860,gp_set_0001,gp_set_0001_vid_0007.MP4,gp_1276,15857,15871,train
fc9effbf-afe5-4547-993b-227b442290c1,gp_set_0005,gp_set_0005_vid_0001.MP4,gp_1713,19875,19889,test
296aa518-9343-4c51-a2f7-ac2542777f93,gp_set_0005,gp_set_0005_vid_0005.MP4,gp_5879,7940,7953,test
4687cdd2-d6ac-4162-9789-f966d3744873,gp_set_0001,gp_set_0001_vid_0002.MP4,gp_601,14212,14226,train
dc5ad907-d06a-4a73-917a-504e215be4a2,gp_set_0008,gp_set_0008_vid_0005.MP4,gp_6124,7275,7289,test
9de2e6d3-4d91-4fd8-ab79-9122d9de46bc,gp_set_0003,gp_set_0003_vid_0002.MP4,gp_2486,12658,12672,test
18868917-44de-42ee-9c63-e6a9c1486197,gp_set_0004,gp_set_0004_vid_0005.MP4,gp_5647,9940,9954,train
11688740-03bb-4cb3-9322-26959a7c7b44,gp_set_0004,gp_set_0004_vid_0002.MP4,gp_3843,13166,13180,train
de7ce033-ebd6-4031-848b-677d120fff34,gp_set_0004,gp_set_0004_vid_0003.MP4,gp_2792,7896,7910,train
6497ea0a-7914-4260-9c77-ce6d837a53cb,gp_set_0002,gp_set_0002_vid_0002.MP4,gp_5408,7603,7617,train
8138a198-ba83-467c-9b37-80f97ade7ddc,gp_set_0001,gp_set_0001_vid_0008.MP4,gp_1399,19071,19085,train
517971b0-329d-4a6e-91c3-56790f58ff05,gp_set_0004,gp_set_0004_vid_0001.MP4,gp_3697,1460,1474,train
a4fc55c1-5347-4479-9d67-f3402160cbf5,gp_set_0001,gp_set_0001_vid_0008.MP4,gp_1420,19462,19476,train
b3d9c3b7-20ed-4282-a62c-7de4bcd50a99,gp_set_0001,gp_set_0001_vid_0002.MP4,gp_404,1218,1232,train
14e1ba9c-ec8f-4079-8499-eebe21fafd00,gp_set_0004,gp_set_0004_vid_0001.MP4,gp_3561,2026,2040,train
6e4c2e85-cf8d-433e-bd74-abbdb8083ed4,gp_set_0004,gp_set_0004_vid_0005.MP4,gp_5561,869,883,train
de8a177d-ccb0-40a1-a7a1-b0129a3bd0a8,gp_set_0001,gp_set_0001_vid_0007.MP4,gp_1179,14479,14493,train
9239b84d-7608-4050-9fb1-3e3085564be1,gp_set_0004,gp_set_0004_vid_0005.MP4,gp_5746,5682,5696,train
f8a2b868-66b2-4824-9182-946b35022276,gp_set_0006,gp_set_0006_vid_0001.MP4,gp_1915,5834,5848,train
e0771d3e-cc63-46ae-97ad-1c566882cd39,gp_set_0005,gp_set_0005_vid_0001.MP4,gp_1554,6829,6843,test
4e207b45-21aa-4a28-87a4-a1e094496d63,gp_set_0002,gp_set_0002_vid_0002.MP4,gp_5373,4848,4862,train
99964ea8-b33d-44b5-928a-e29973bbf18a,gp_set_0004,gp_set_0004_vid_0002.MP4,gp_3846,13187,13201,train
485cfa1e-6cb5-47aa-a050-062eadb911b1,gp_set_0004,gp_set_0004_vid_0003.MP4,gp_3065,11007,11021,train
8562b827-99c2-45a9-a274-8e01c980eb6b,gp_set_0001,gp_set_0001_vid_0008.MP4,gp_871,4910,4924,train
165b1314-3579-4bb2-93c0-f396df0e531c,gp_set_0001,gp_set_0001_vid_0008.MP4,gp_1071,9188,9202,train
7f060fbc-0a15-4aa0-9766-d84e9096c53e,gp_set_0005,gp_set_0005_vid_0001.MP4,gp_1401,3979,3993,test
d47baa3c-b2e2-4a68-93c2-21ffaa4426c0,gp_set_0001,gp_set_0001_vid_0007.MP4,gp_1312,16252,16266,train
f6e19f5b-ef4a-4aa0-9e87-4c854cd8b8b0,gp_set_0004,gp_set_0004_vid_0005.MP4,gp_5745,5692,5706,train
451e1e6d-a9f7-4745-9e65-a0340b6b3bb9,gp_set_0003,gp_set_0003_vid_0004.MP4,gp_2676,1433,1447,test
0f6be5f1-de1a-4f63-8e27-a16a798a198a,gp_set_0003,gp_set_0003_vid_0002.MP4,gp_2345,10872,10886,test
a81127a1-9600-453c-bc96-610f73cf7e90,gp_set_0001,gp_set_0001_vid_0008.MP4,gp_922,7225,7239,train
0c0e446a-a79f-44e2-9dbc-320d48680b9a,gp_set_0004,gp_set_0004_vid_0005.MP4,gp_5613,9155,9169,train
4e5b739c-4c29-4451-b767-ace2f272678b,gp_set_0004,gp_set_0004_vid_0003.MP4,gp_3679,20374,20388,train
6dec836a-5e57-49e1-b746-7bc9ffeb7f71,gp_set_0005,gp_set_0005_vid_0002.MP4,gp_4226,2394,2408,test
d69ba786-d3be-4cc1-9598-0715f34bf351,gp_set_0005,gp_set_0005_vid_0001.MP4,gp_1573,7095,7109,test
81eb31ca-6ca5-4b1f-bfe8-96853ec0a3dc,gp_set_0004,gp_set_0004_vid_0002.MP4,gp_3854,2622,2636,train
08deb716-826f-423e-83d8-3252dda59f6b,gp_set_0002,gp_set_0002_vid_0002.MP4,gp_4944,5076,5090,train
a2ff3c05-5771-48b2-b3f2-04e3e381a4e0,gp_set_0001,gp_set_0001_vid_0002.MP4,gp_412,1444,1458,train
8cbc6866-d61d-426f-97c4-65ff762188d8,gp_set_0001,gp_set_0001_vid_0005.MP4,gp_699,10433,10447,train
a4b8bd8e-3cf0-40b4-a7a5-82ece5a91d4c,gp_set_0004,gp_set_0004_vid_0002.MP4,gp_3831,12828,12842,train
d8c5cb2a-894e-4a53-a5e7-515838c2be02,gp_set_0003,gp_set_0003_vid_0002.MP4,gp_2031,7090,7104,test
eec1cc03-584c-4666-aa1e-1263b30fd505,gp_set_0005,gp_set_0005_vid_0001.MP4,gp_1391,3881,3895,test
098a1740-f472-4612-8c8d-5be60e69ab1b,gp_set_0002,gp_set_0002_vid_0002.MP4,gp_5419,8963,8977,train
d8c126c8-4c43-44a3-8982-0d46dc356422,gp_set_0003,gp_set_0003_vid_0004.MP4,gp_3128,12066,12080,test
eee4f58b-6917-4076-8552-a0daa82d8bda,gp_set_0003,gp_set_0003_vid_0004.MP4,gp_3345,14669,14683,test
ac383aa6-7465-498c-aebe-9332d30e0bf3,gp_set_0001,gp_set_0001_vid_0005.MP4,gp_686,10025,10039,train
7670ef24-537c-4bbd-9a3d-bfaf953e9fa7,gp_set_0001,gp_set_0001_vid_0008.MP4,gp_1150,11944,11958,train
cc27b5b1-658d-4ce7-84eb-7710120f7459,gp_set_0003,gp_set_0003_vid_0002.MP4,gp_2631,14737,14751,test
efea9ebc-fc31-4251-be94-259a82404302,gp_set_0006,gp_set_0006_vid_0001.MP4,gp_2179,17924,17938,train
803bd68d-a59e-4041-9a59-d950fd88ea9a,gp_set_0003,gp_set_0003_vid_0001.MP4,gp_3386,12339,12353,test
5eb909a9-c5b1-4ac2-98cc-12a279d5e718,gp_set_0003,gp_set_0003_vid_0003.MP4,gp_2902,841,855,test
0d8ef5a8-f355-4851-82e8-5d836a371d64,gp_set_0004,gp_set_0004_vid_0003.MP4,gp_2667,6548,6562,train
9edca54e-a953-4ffd-ac75-1169f7c238da,gp_set_0004,gp_set_0004_vid_0002.MP4,gp_3893,4496,4510,train
71a5051b-4da3-4aca-8d10-915d83e71873,gp_set_0003,gp_set_0003_vid_0004.MP4,gp_2844,7023,7037,test
b389369c-3acb-4fa0-92e4-f0fe00bab04d,gp_set_0001,gp_set_0001_vid_0003.MP4,gp_246,10051,10065,train
fb7bcea0-7559-4555-a491-29efde3c52d9,gp_set_0003,gp_set_0003_vid_0005.MP4,gp_6941,7167,7181,test
5920c9db-7386-413c-bcd4-e9619d990972,gp_set_0003,gp_set_0003_vid_0002.MP4,gp_2802,19334,19348,test
24518d57-bdb5-4ec2-ba6f-7b0a38166f46,gp_set_0003,gp_set_0003_vid_0002.MP4,gp_2022,7167,7181,test
71750663-a979-4ef5-8988-67ff5eecad7a,gp_set_0001,gp_set_0001_vid_0007.MP4,gp_1007,1511,1525,train
d078943c-0782-4817-a790-0ac59ea454b9,gp_set_0001,gp_set_0001_vid_0007.MP4,gp_1280,12216,12230,train
faa503ba-9e04-4ad7-802f-997c24a69d3c,gp_set_0001,gp_set_0001_vid_0006.MP4,gp_796,7930,7944,train
e3677a7c-2721-4d56-b974-0d52adb6e245,gp_set_0001,gp_set_0001_vid_0008.MP4,gp_1062,9126,9140,train
fec43f24-cd2c-4d5c-bc26-82bfae981360,gp_set_0001,gp_set_0001_vid_0005.MP4,gp_636,13639,13653,train
a9fbec12-d9be-4079-a48a-dfc853b43139,gp_set_0003,gp_set_0003_vid_0002.MP4,gp_2560,13812,13826,test
fece3357-124e-4fbf-bdb5-ea5592fc9498,gp_set_0006,gp_set_0006_vid_0001.MP4,gp_1794,2693,2707,train
424d70a7-fde0-4988-9c81-50b2392a97f6,gp_set_0003,gp_set_0003_vid_0002.MP4,gp_2358,10965,10979,test
89270c41-805f-4e8b-8c53-7d7e1c101ec0,gp_set_0002,gp_set_0002_vid_0001.MP4,gp_4355,9645,9659,train
f050e7bf-07ce-4fb5-ab14-9c5101186b6a,gp_set_0001,gp_set_0001_vid_0005.MP4,gp_706,14477,14491,train
99b0edf4-9536-4dbb-b581-71253f1d6c9f,gp_set_0008,gp_set_0008_vid_0005.MP4,gp_6091,2731,2745,test
6ac56ff2-4ea7-46d8-8ed9-106ccd7ddfc8,gp_set_0001,gp_set_0001_vid_0001.MP4,gp_103,7833,7847,train
cf8e9008-7587-4441-86df-0cd5140704bf,gp_set_0001,gp_set_0001_vid_0002.MP4,gp_469,9542,9556,train
42c30a05-5e8f-4301-b27f-c20e3d9f96cd,gp_set_0001,gp_set_0001_vid_0001.MP4,gp_192,14064,14078,train
c026ff87-0dff-4775-a870-130b666a800a,gp_set_0002,gp_set_0002_vid_0001.MP4,gp_4364,11907,11921,train
c38c87d0-d213-4ae7-98a7-38cd9296f910,gp_set_0005,gp_set_0005_vid_0002.MP4,gp_4201,1258,1272,test
ae7b22b0-ed96-4680-bba2-593927a3de9d,gp_set_0003,gp_set_0003_vid_0004.MP4,gp_3163,12374,12388,test
a330e24e-da62-45de-8547-12ca6e5af2d6,gp_set_0001,gp_set_0001_vid_0005.MP4,gp_486,2693,2707,train
12ee7fdc-109d-46e4-aeb2-02680488c38d,gp_set_0006,gp_set_0006_vid_0001.MP4,gp_1858,4603,4617,train
75d9298a-62f7-42d6-af08-beb4607a9842,gp_set_0001,gp_set_0001_vid_0007.MP4,gp_1622,20952,20966,train
5f61c6a5-1703-4a30-96dd-901daa92f389,gp_set_0004,gp_set_0004_vid_0002.MP4,gp_3977,9860,9874,train
283f8443-0d32-4c0b-a399-0effd185bb5b,gp_set_0003,gp_set_0003_vid_0002.MP4,gp_2565,13986,14000,test
caf54c5f-9f44-445e-ab90-a5be0e4560a0,gp_set_0006,gp_set_0006_vid_0001.MP4,gp_1703,691,705,train
8e15b3da-d241-4c0f-af99-c7fdf575d93a,gp_set_0002,gp_set_0002_vid_0001.MP4,gp_4244,16273,16287,train
99ae2484-8de9-412d-8014-76da9ecb5e9d,gp_set_0003,gp_set_0003_vid_0004.MP4,gp_2739,4598,4612,test
33729f33-80ea-40dd-aec6-57bb02479803,gp_set_0003,gp_set_0003_vid_0001.MP4,gp_3344,16068,16082,test
1007744c-a875-49d6-93fd-b93bbfa2d766,gp_set_0001,gp_set_0001_vid_0008.MP4,gp_1153,11953,11967,train
0332e306-9fa4-4b7d-b73c-8fe5acd7153b,gp_set_0001,gp_set_0001_vid_0001.MP4,gp_78,7253,7267,train
7996fd87-0f62-40b7-ba58-56b70c3de4de,gp_set_0003,gp_set_0003_vid_0002.MP4,gp_2086,8123,8137,test
b44d6321-e767-428f-8bfc-2baead9f738f,gp_set_0003,gp_set_0003_vid_0004.MP4,gp_3328,14119,14133,test
e98336e5-12eb-4983-9b69-f5ef4771ced8,gp_set_0001,gp_set_0001_vid_0008.MP4,gp_618,151,165,train
45f0d9c3-9c32-4ad2-9dec-6e45dfc1f5fc,gp_set_0001,gp_set_0001_vid_0001.MP4,gp_117,8611,8625,train
0d0e5e90-ce41-43ec-8dca-c8f9c56aeb62,gp_set_0002,gp_set_0002_vid_0002.MP4,gp_4917,4613,4627,train
881659c8-5b9a-406d-8b11-8bb421de1aa1,gp_set_0001,gp_set_0001_vid_0007.MP4,gp_1270,11952,11966,train
fc6ae329-97be-4085-96d0-8cd0f3bab1b3,gp_set_0003,gp_set_0003_vid_0002.MP4,gp_2129,8737,8751,test
0a50138f-2912-4b83-9954-ae3ad68087d2,gp_set_0004,gp_set_0004_vid_0005.MP4,gp_5567,7392,7406,train
53901f83-5f2e-4cc6-8ac2-ac2f5fedeeaa,gp_set_0001,gp_set_0001_vid_0005.MP4,gp_682,9417,9431,train
5b395d82-9ace-41f9-a86d-04033e5e0303,gp_set_0006,gp_set_0006_vid_0001.MP4,gp_1814,2824,2838,train
cc3d8068-bcf4-419e-ae0a-40d9eb16e403,gp_set_0001,gp_set_0001_vid_0006.MP4,gp_1088,20748,20762,train
4cda4069-67f2-4cf1-9c4d-428fa3580ce1,gp_set_0003,gp_set_0003_vid_0002.MP4,gp_2785,17451,17465,test
45c81731-1182-49db-9e03-789c125026f5,gp_set_0003,gp_set_0003_vid_0003.MP4,gp_3103,11103,11117,test
8fec6e6c-e307-44e4-8fc3-ecff078f7c6a,gp_set_0002,gp_set_0002_vid_0002.MP4,gp_4839,1103,1117,train
e27ec929-ac3e-4791-9073-a287f0d87324,gp_set_0001,gp_set_0001_vid_0006.MP4,gp_914,15064,15078,train
b1dc5f26-650c-4d4d-96b5-2e185a96a056,gp_set_0002,gp_set_0002_vid_0001.MP4,gp_4416,18630,18644,train
bddf7df3-eb5a-4fd9-9a4c-337030f4ae49,gp_set_0004,gp_set_0004_vid_0003.MP4,gp_3318,14093,14107,train
bf12f3fc-a834-48d9-ad0d-8fb467fd2901,gp_set_0001,gp_set_0001_vid_0003.MP4,gp_448,11664,11678,train
0c41b698-0568-4897-bf58-6ccaf2b7e417,gp_set_0002,gp_set_0002_vid_0001.MP4,gp_4368,12116,12130,train
3cb3cfca-be73-4724-b2ff-583c55af6dca,gp_set_0004,gp_set_0004_vid_0005.MP4,gp_5687,10434,10448,train
cec11956-9996-4a43-b548-98ce20367a61,gp_set_0001,gp_set_0001_vid_0005.MP4,gp_851,18245,18259,train
0ccec731-d181-415a-acba-ca65e39c7c29,gp_set_0003,gp_set_0003_vid_0003.MP4,gp_2971,2778,2792,test
71c84083-1c52-4923-8193-41f4f3608510,gp_set_0005,gp_set_0005_vid_0003.MP4,gp_4080,21091,21105,test
4b81bba9-4eb6-465f-a4d7-e97aeaab9dbf,gp_set_0001,gp_set_0001_vid_0005.MP4,gp_867,18588,18602,train
b31570e2-4067-4f4d-8986-f38bd5005fe9,gp_set_0003,gp_set_0003_vid_0004.MP4,gp_3185,12551,12565,test
d7415ba7-116a-4a1c-bcc2-27108303c5a7,gp_set_0008,gp_set_0008_vid_0005.MP4,gp_6085,3591,3605,test
41749236-f246-4678-8833-d91e491e588e,gp_set_0005,gp_set_0005_vid_0001.MP4,gp_1585,7478,7492,test
4daa29cf-ba48-4778-a7c9-a22c38f9489b,gp_set_0003,gp_set_0003_vid_0002.MP4,gp_2347,10903,10917,test
5189e0d1-4f71-44d2-b233-449230fd8bbe,gp_set_0003,gp_set_0003_vid_0004.MP4,gp_3389,15682,15696,test
6ff2f10f-035f-4edb-8229-743d300307ee,gp_set_0008,gp_set_0008_vid_0001.MP4,gp_5981,6586,6600,test
5e6adb90-0bea-4704-a559-47e1882a2c94,gp_set_0004,gp_set_0004_vid_0002.MP4,gp_3937,8431,8445,train
bb19c8c1-8ad2-407b-8621-049e43e442a3,gp_set_0003,gp_set_0003_vid_0004.MP4,gp_3253,13239,13253,test
1cc178e2-185a-4785-8684-9d37c54ca54e,gp_set_0001,gp_set_0001_vid_0008.MP4,gp_934,7394,7408,train
d62af78f-10c4-45c3-91c6-792e65f31a01,gp_set_0001,gp_set_0001_vid_0005.MP4,gp_363,11813,11827,train
52b4cbb7-b5fc-4030-bc33-d9ef61722aff,gp_set_0001,gp_set_0001_vid_0005.MP4,gp_785,17754,17768,train
be4776a7-d4b0-41c1-b48d-be9957538351,gp_set_0003,gp_set_0003_vid_0004.MP4,gp_2673,1338,1352,test
c243c502-0364-432c-bd80-185773ff4148,gp_set_0005,gp_set_0005_vid_0001.MP4,gp_1596,7747,7761,test
1695978b-5e8f-4c48-b0f9-1a6bcc2d92ad,gp_set_0002,gp_set_0002_vid_0002.MP4,gp_4927,4715,4729,train
7e2d26ad-9ac7-4bb7-b1a9-01a2b297470b,gp_set_0006,gp_set_0006_vid_0001.MP4,gp_1727,884,898,train
2ca139fa-4a1d-4617-b923-5036b641dea0,gp_set_0001,gp_set_0001_vid_0007.MP4,gp_1183,5787,5801,train
f1683751-1786-411b-955d-7e8781e20595,gp_set_0005,gp_set_0005_vid_0001.MP4,gp_1361,3053,3067,test
ac5b9b36-36fb-4cf6-9a7c-a516d120f966,gp_set_0004,gp_set_0004_vid_0001.MP4,gp_3237,3851,3865,train
47095d81-8ba2-4432-a3cf-52c9e9d18c02,gp_set_0003,gp_set_0003_vid_0002.MP4,gp_2536,13543,13557,test
f7d223ac-8b2d-4674-9ca9-d3da66311857,gp_set_0006,gp_set_0006_vid_0001.MP4,gp_1933,5866,5880,train
877a0df9-ae6e-4e63-bdd1-3673c5c859e3,gp_set_0003,gp_set_0003_vid_0001.MP4,gp_3453,4149,4163,test
9ffd5d1c-86bf-4411-a0a7-e64f9ba82043,gp_set_0002,gp_set_0002_vid_0001.MP4,gp_4295,4703,4717,train
0a64eec0-ac45-4003-b5aa-648362a24b8e,gp_set_0003,gp_set_0003_vid_0005.MP4,gp_6939,6267,6281,test
946e0e1a-bbfe-48ca-9e13-1ae8791e292a,gp_set_0002,gp_set_0002_vid_0001.MP4,gp_4315,1565,1579,train
cba3d174-ca16-4887-a842-a81d80e93d83,gp_set_0004,gp_set_0004_vid_0003.MP4,gp_3543,17099,17113,train
f8fed3ec-f905-4115-9e2d-55be2b434b96,gp_set_0003,gp_set_0003_vid_0002.MP4,gp_1991,6249,6263,test
66956b5e-0e01-4aa6-b911-45efc9b93431,gp_set_0002,gp_set_0002_vid_0002.MP4,gp_4830,935,949,train
3a2c9677-3240-46a5-a91a-960be6831340,gp_set_0003,gp_set_0003_vid_0002.MP4,gp_2003,6482,6496,test
305b7775-bbd8-45f6-bfba-ed5341a6ba92,gp_set_0002,gp_set_0002_vid_0001.MP4,gp_4466,17937,17951,train
649fd139-b986-4582-92b0-98abdea114c9,gp_set_0001,gp_set_0001_vid_0002.MP4,gp_567,12931,12945,train
f962f333-371a-45b2-8e84-39d2a047ca49,gp_set_0003,gp_set_0003_vid_0004.MP4,gp_3576,20365,20379,test
7aba8bce-c9fc-4276-b216-ba8d2f7e6080,gp_set_0004,gp_set_0004_vid_0003.MP4,gp_3603,18395,18409,train
09f4fa11-5317-47bd-b732-5b31b20df27a,gp_set_0008,gp_set_0008_vid_0004.MP4,gp_6606,11088,11102,test
0454454f-158e-4f19-944b-629093f7b909,gp_set_0001,gp_set_0001_vid_0003.MP4,gp_22,965,979,train
4a8221eb-3846-4c3b-bb1b-a152ce45e3c2,gp_set_0001,gp_set_0001_vid_0001.MP4,gp_122,8950,8964,train
21c6c7e4-30b3-432f-a213-8eecb8df0257,gp_set_0003,gp_set_0003_vid_0002.MP4,gp_2073,8009,8023,test
de330c0b-5be9-4d0d-bbbe-d2083c47103b,gp_set_0002,gp_set_0002_vid_0001.MP4,gp_4381,13207,13221,train
a5a93a45-e97c-4d52-9228-4529bf4e69a9,gp_set_0002,gp_set_0002_vid_0002.MP4,gp_5010,11315,11329,train
5a701c19-60cf-4f47-8faf-8e19bc6abe37,gp_set_0001,gp_set_0001_vid_0007.MP4,gp_977,432,446,train
5e297a37-383c-473e-837a-47ac3ea6cbdb,gp_set_0002,gp_set_0002_vid_0001.MP4,gp_4454,20494,20508,train
0e3e970c-983b-431a-b861-d4395f90f2c5,gp_set_0001,gp_set_0001_vid_0001.MP4,gp_211,12897,12911,train
423a240d-a0b5-4e50-a73b-21ccedfe7319,gp_set_0003,gp_set_0003_vid_0002.MP4,gp_2736,15412,15426,test
fcaa790e-7f8e-43ee-b8fc-0b3376ba202d,gp_set_0001,gp_set_0001_vid_0008.MP4,gp_1326,15021,15035,train
e70f2aa8-1b44-4603-a215-d59affb74f9f,gp_set_0001,gp_set_0001_vid_0008.MP4,gp_920,7214,7228,train
0fb059a9-22ee-428f-9bb7-cbc5daad6889,gp_set_0001,gp_set_0001_vid_0001.MP4,gp_95,8431,8445,train
bc355d05-ce4b-48ba-8a77-c0ed5a8569d1,gp_set_0001,gp_set_0001_vid_0008.MP4,gp_993,7954,7968,train
a27dd878-a33b-44c8-9ab6-9e643e06700d,gp_set_0003,gp_set_0003_vid_0004.MP4,gp_3376,15460,15474,test
2055931b-31de-4a46-8361-e4872185820e,gp_set_0001,gp_set_0001_vid_0007.MP4,gp_1264,15615,15629,train
3e59e264-fd00-41c9-9051-0d94288d43b5,gp_set_0004,gp_set_0004_vid_0003.MP4,gp_3012,10384,10398,train
00a5066f-1208-49d2-80b9-21646795ff53,gp_set_0003,gp_set_0003_vid_0002.MP4,gp_1864,3527,3541,test
a4e9248b-8210-4523-947f-e5b97bc2ecfb,gp_set_0003,gp_set_0003_vid_0004.MP4,gp_2938,9959,9973,test
49183cf0-1a46-4129-8d40-5cb2514a767c,gp_set_0003,gp_set_0003_vid_0002.MP4,gp_2419,11905,11919,test
48a8b75a-1c2d-4c1f-af1a-1995045f8393,gp_set_0003,gp_set_0003_vid_0002.MP4,gp_1905,4084,4098,test
343f554e-0354-4298-93ee-408194f3d1e9,gp_set_0004,gp_set_0004_vid_0002.MP4,gp_3959,9083,9097,train
c294d244-7157-491e-975d-21a0d5ae262b,gp_set_0004,gp_set_0004_vid_0002.MP4,gp_3812,15104,15118,train
5ab757ae-6549-4c9e-8ab9-be5ad3261075,gp_set_0004,gp_set_0004_vid_0003.MP4,gp_2550,1782,1796,train
cb8da45b-357f-462f-b6de-ef3f1e9694a0,gp_set_0003,gp_set_0003_vid_0004.MP4,gp_3131,12108,12122,test
0b6a46d2-2a1a-4fa3-b847-1e44af8fa19b,gp_set_0003,gp_set_0003_vid_0002.MP4,gp_1914,4255,4269,test
f98c994b-d08e-4f31-992f-4f9c47961179,gp_set_0002,gp_set_0002_vid_0002.MP4,gp_5011,11711,11725,train
79021248-ff96-4d24-ab60-abd6fa1bec5a,gp_set_0004,gp_set_0004_vid_0002.MP4,gp_3940,8447,8461,train
5106819b-f1d9-41a7-9ad0-3d6ec0732187,gp_set_0001,gp_set_0001_vid_0007.MP4,gp_1114,12696,12710,train
5ded64a0-31fd-4a5c-a030-5679b6a07e44,gp_set_0003,gp_set_0003_vid_0001.MP4,gp_3348,13172,13186,test
b0b9de8d-43aa-4a93-8f45-55757de189c2,gp_set_0003,gp_set_0003_vid_0002.MP4,gp_2629,14739,14753,test
856e1cc9-edb9-43a9-93ce-7871a30fb453,gp_set_0003,gp_set_0003_vid_0004.MP4,gp_3429,16647,16661,test
4901ee22-0138-4f45-bd53-c36aef52bc1d,gp_set_0002,gp_set_0002_vid_0002.MP4,gp_5309,1071,1085,train
3ca18e07-c30d-43e1-8fc3-88e301f0f158,gp_set_0004,gp_set_0004_vid_0001.MP4,gp_3687,544,558,train
3efd5eb3-948f-44d4-bd58-908ab1dd16d2,gp_set_0003,gp_set_0003_vid_0003.MP4,gp_3000,4529,4543,test
edbeb42a-2758-4108-9c09-c16c4cfab35f,gp_set_0003,gp_set_0003_vid_0004.MP4,gp_3295,13450,13464,test
3da97be8-3db0-4898-a0a4-ff18fba39899,gp_set_0002,gp_set_0002_vid_0002.MP4,gp_4851,1740,1754,train
845dfb72-aa84-4b5f-a388-785c8134fdff,gp_set_0003,gp_set_0003_vid_0003.MP4,gp_3130,13933,13947,test
952c7ee9-68ca-48de-93a5-47348f07406f,gp_set_0004,gp_set_0004_vid_0003.MP4,gp_3669,19844,19858,train
39ef0c25-64c6-4417-91d1-bcf0bd363f9f,gp_set_0004,gp_set_0004_vid_0005.MP4,gp_5790,7097,7111,train
09bf2a6b-e7b4-4668-a131-880c14ed59a3,gp_set_0001,gp_set_0001_vid_0005.MP4,gp_581,8456,8470,train
3c3721d0-1720-4fd0-882e-8f3c6073a240,gp_set_0001,gp_set_0001_vid_0007.MP4,gp_1317,16311,16325,train
e454185f-3662-4f41-89ea-421f4bbe7fe3,gp_set_0005,gp_set_0005_vid_0001.MP4,gp_1423,4119,4133,test
e285e7fd-a597-4b6c-b47b-d1a92d041f7e,gp_set_0001,gp_set_0001_vid_0007.MP4,gp_1201,6724,6738,train
8d044fc2-2e95-406c-bc6c-298a5ef5eb68,gp_set_0001,gp_set_0001_vid_0006.MP4,gp_1014,18942,18956,train
a7184b73-a143-4bed-9dd3-9ea3dd3424eb,gp_set_0001,gp_set_0001_vid_0008.MP4,gp_720,3076,3090,train
8c9d837c-d829-4c07-a938-d31664094138,gp_set_0001,gp_set_0001_vid_0006.MP4,gp_743,6483,6497,train
ddb1a18f-ddfa-4173-bfd5-3170bb10945b,gp_set_0001,gp_set_0001_vid_0005.MP4,gp_708,14571,14585,train
b74f04bd-41ca-4263-9363-9637c55db670,gp_set_0002,gp_set_0002_vid_0002.MP4,gp_4847,1374,1388,train
1f878be9-16a4-4f21-b74b-66fbcafae92e,gp_set_0001,gp_set_0001_vid_0007.MP4,gp_1414,17144,17158,train
cbf707a6-d9b5-4124-9acd-302772f41c93,gp_set_0003,gp_set_0003_vid_0002.MP4,gp_1806,2136,2150,test
17b41903-7037-4dbb-beec-ce23b87d405b,gp_set_0005,gp_set_0005_vid_0005.MP4,gp_5822,7447,7461,test
a5fdb841-b1a8-4dea-8857-d3f6c0581a42,gp_set_0002,gp_set_0002_vid_0002.MP4,gp_4823,302,316,train
bbedebfc-3829-4b08-8f80-6d97a2ccfe2d,gp_set_0002,gp_set_0002_vid_0002.MP4,gp_5335,2748,2762,train
244c5a2e-d180-49de-babe-f819055cb691,gp_set_0003,gp_set_0003_vid_0004.MP4,gp_3155,12200,12214,test
5fd9eb79-2f3e-4cd9-9cd9-10aadbf73865,gp_set_0005,gp_set_0005_vid_0005.MP4,gp_5847,7814,7828,test
f1376758-b72c-4da4-9e55-9c1d98fed3ad,gp_set_0003,gp_set_0003_vid_0002.MP4,gp_1728,81,95,test
70e95189-33d7-46aa-a9c4-ab7f74c79c5f,gp_set_0003,gp_set_0003_vid_0003.MP4,gp_3064,9319,9333,test
d8a4c50c-b976-40a5-b353-13f02cf6b791,gp_set_0001,gp_set_0001_vid_0008.MP4,gp_323,6695,6709,train
02c3c09e-aa34-4664-98e8-cee7a16749c4,gp_set_0004,gp_set_0004_vid_0005.MP4,gp_5747,5697,5711,train
81a764db-9eb9-4054-a412-c5dba47189be,gp_set_0005,gp_set_0005_vid_0001.MP4,gp_1575,7110,7124,test
943ef8f1-8890-4f28-b444-9ce420a1cc1e,gp_set_0001,gp_set_0001_vid_0003.MP4,gp_76,4188,4202,train
901a7b73-c175-4a84-b5d4-4c7d55038888,gp_set_0005,gp_set_0005_vid_0001.MP4,gp_1678,17043,17057,test
2aa6e602-f1ac-497a-9bba-f9c0d6c97df1,gp_set_0003,gp_set_0003_vid_0002.MP4,gp_2108,8539,8553,test
4469bf10-09b0-4325-96cc-e129fffa14da,gp_set_0002,gp_set_0002_vid_0001.MP4,gp_4403,16075,16089,train
b42b4d1e-2120-4602-9f21-131c1cf7257d,gp_set_0001,gp_set_0001_vid_0002.MP4,gp_238,339,353,train
60dc7ea0-3dd0-49bc-85ce-39f27aadf03b,gp_set_0003,gp_set_0003_vid_0001.MP4,gp_3343,16074,16088,test
9ec8182f-07f1-4dfe-ab73-11681a89083b,gp_set_0004,gp_set_0004_vid_0005.MP4,gp_5635,9533,9547,train
4c02834f-8d97-4534-b442-afca7dd8b5a7,gp_set_0001,gp_set_0001_vid_0008.MP4,gp_1158,11981,11995,train
d9a0d982-ebf1-4de0-a02e-c62c8186a311,gp_set_0003,gp_set_0003_vid_0002.MP4,gp_2426,12001,12015,test
2c7afb79-6866-4adf-9772-46576aab7066,gp_set_0002,gp_set_0002_vid_0001.MP4,gp_4285,3799,3813,train
b6c715f2-ec72-45b4-87cc-206e366cc1f0,gp_set_0001,gp_set_0001_vid_0008.MP4,gp_1372,18260,18274,train
df6cae7d-b28b-46b9-8e43-24f54c80e541,gp_set_0003,gp_set_0003_vid_0004.MP4,gp_2996,10419,10433,test
8184e035-70d8-4258-b62b-391ebe224b04,gp_set_0002,gp_set_0002_vid_0002.MP4,gp_5388,6171,6185,train
d7b744a2-eddd-457b-a11b-6b210fb05d9b,gp_set_0004,gp_set_0004_vid_0003.MP4,gp_3114,11272,11286,train
f59d87f7-2952-4e39-9bd4-dcc4e5912429,gp_set_0004,gp_set_0004_vid_0002.MP4,gp_3874,3628,3642,train
6b3eced4-9b06-4987-9e02-e4935cd669bd,gp_set_0001,gp_set_0001_vid_0005.MP4,gp_595,8671,8685,train
820215a1-1ad8-494c-aec1-ca540cad300b,gp_set_0003,gp_set_0003_vid_0003.MP4,gp_2926,1163,1177,test
f52af0cb-8736-4a5c-b3f4-453eb8d936f6,gp_set_0001,gp_set_0001_vid_0008.MP4,gp_258,5472,5486,train
a5d22c45-10ba-4cc5-8527-bd546230c61e,gp_set_0004,gp_set_0004_vid_0002.MP4,gp_3925,7167,7181,train
2bec194a-e16e-43ea-8d3c-7b1e070b8ebc,gp_set_0002,gp_set_0002_vid_0002.MP4,gp_4826,745,759,train
7983a2f9-416b-4ae4-b425-ae5b0a5e54e6,gp_set_0003,gp_set_0003_vid_0002.MP4,gp_2132,8732,8746,test
6b636571-1b28-4c2c-9e21-75bd68c29be4,gp_set_0002,gp_set_0002_vid_0002.MP4,gp_4924,4658,4672,train
1096a092-e62b-4ad7-8365-16d611bf4cea,gp_set_0003,gp_set_0003_vid_0002.MP4,gp_2228,9542,9556,test
0aab395f-256d-4254-8a49-1e80de0f36c4,gp_set_0001,gp_set_0001_vid_0008.MP4,gp_1175,12176,12190,train
81b2841c-43a7-4ed1-9546-dff0c4ae7ff1,gp_set_0001,gp_set_0001_vid_0008.MP4,gp_982,7396,7410,train
2387719e-4197-4d58-903b-e3a1b1581f86,gp_set_0004,gp_set_0004_vid_0003.MP4,gp_3330,14206,14220,train
b83739a4-0ad9-4b61-86b9-6b9e8877fa97,gp_set_0005,gp_set_0005_vid_0001.MP4,gp_1704,19047,19061,test
745b2d60-ddec-4b02-b0ef-af45ed93872b,gp_set_0002,gp_set_0002_vid_0002.MP4,gp_5369,4700,4714,train
b2d1e39c-6205-4fbe-9a27-81527a5fcf5f,gp_set_0003,gp_set_0003_vid_0001.MP4,gp_3401,9583,9597,test
d13d408f-ac69-4a13-b93a-9ecc96e8e5d8,gp_set_0004,gp_set_0004_vid_0005.MP4,gp_5643,5636,5650,train
a8c84948-4a0b-4825-abfd-cb0c07558e46,gp_set_0002,gp_set_0002_vid_0002.MP4,gp_4966,7142,7156,train
b51af0a6-675f-49e3-bd7f-7d22e796353e,gp_set_0001,gp_set_0001_vid_0008.MP4,gp_337,7020,7034,train
775c1f7b-5520-4c8e-a7b5-6087efb7a236,gp_set_0003,gp_set_0003_vid_0002.MP4,gp_2246,9680,9694,test
a2a3cc55-b071-4b91-947e-0453ddf67e5a,gp_set_0004,gp_set_0004_vid_0003.MP4,gp_2983,10030,10044,train
9f2dd83c-12e1-4d81-b44c-97a2dafec984,gp_set_0003,gp_set_0003_vid_0004.MP4,gp_3255,13293,13307,test
65981417-1799-4fa8-9962-4696258b100d,gp_set_0005,gp_set_0005_vid_0001.MP4,gp_1594,7683,7697,test
abe40c1d-cc55-4be1-967c-f3164b263973,gp_set_0004,gp_set_0004_vid_0005.MP4,gp_5593,8115,8129,train
f7fb35a0-4106-4d29-8fd3-21db1048b5f4,gp_set_0002,gp_set_0002_vid_0001.MP4,gp_4393,17927,17941,train
703ddb21-4330-41d4-95c3-dba844a5eda6,gp_set_0003,gp_set_0003_vid_0004.MP4,gp_3515,19106,19120,test
da1b9d68-7899-4674-9bf9-0721e474df67,gp_set_0001,gp_set_0001_vid_0006.MP4,gp_821,8990,9004,train
ee0610a0-24af-4b43-a5ca-8198ad602904,gp_set_0005,gp_set_0005_vid_0001.MP4,gp_1384,3834,3848,test
33ef1dc6-e2b4-4857-87ed-e3cd642041a3,gp_set_0001,gp_set_0001_vid_0003.MP4,gp_23,1388,1402,train
5cbc17bf-1a05-453c-bd5a-af5ee177a1b6,gp_set_0003,gp_set_0003_vid_0004.MP4,gp_3495,18132,18146,test
793a6eb3-3623-43dd-bbd1-b4d3ad0601a9,gp_set_0001,gp_set_0001_vid_0005.MP4,gp_470,2395,2409,train
cefc3ab9-fe16-47f4-9c8e-1901213d8bac,gp_set_0004,gp_set_0004_vid_0003.MP4,gp_2670,6585,6599,train
724f292d-da71-4c29-a942-f17cad383c14,gp_set_0001,gp_set_0001_vid_0007.MP4,gp_1182,5786,5800,train
c404d6ad-8a86-4532-9cea-f576dbdaacdd,gp_set_0003,gp_set_0003_vid_0002.MP4,gp_2390,11368,11382,test
57379685-6c81-4a09-b0ce-785474a621fa,gp_set_0003,gp_set_0003_vid_0003.MP4,gp_2868,411,425,test
bc8b33e7-9a96-4b44-9fa9-5e3cae277074,gp_set_0003,gp_set_0003_vid_0002.MP4,gp_2750,15551,15565,test
8bd81136-a72c-4040-965a-adcbed94cd2d,gp_set_0004,gp_set_0004_vid_0002.MP4,gp_3813,15146,15160,train
3f8bede4-dab4-4097-833a-a030dd443013,gp_set_0001,gp_set_0001_vid_0007.MP4,gp_1266,15736,15750,train
d6514ea7-f1cb-45c7-b9d5-621b54fd45d6,gp_set_0006,gp_set_0006_vid_0001.MP4,gp_2032,12146,12160,train
45a43c8f-8b73-4b41-97bc-a2efec72300a,gp_set_0001,gp_set_0001_vid_0006.MP4,gp_1095,20831,20845,train
4aa0b93b-bede-488b-bc22-7a17fc5f81ca,gp_set_0002,gp_set_0002_vid_0001.MP4,gp_4382,17513,17527,train
ae7f36e2-8f7a-42de-abc7-b5cdfa29b397,gp_set_0001,gp_set_0001_vid_0007.MP4,gp_1241,11610,11624,train
28fb9649-3d60-4c8e-9799-9888d544600c,gp_set_0006,gp_set_0006_vid_0001.MP4,gp_2172,16367,16381,train
e839aea4-a6aa-48ed-9e3a-e36c54897455,gp_set_0003,gp_set_0003_vid_0004.MP4,gp_3236,13036,13050,test
868289d3-ebe3-4727-be44-cc40f66b12fc,gp_set_0002,gp_set_0002_vid_0002.MP4,gp_5382,5124,5138,train
a6410232-707a-4a4d-a7db-bccd5e0f4b2a,gp_set_0001,gp_set_0001_vid_0002.MP4,gp_467,9381,9395,train
cea74acd-78fd-4117-ab68-ed5b2e4a87bd,gp_set_0004,gp_set_0004_vid_0003.MP4,gp_3659,19304,19318,train
e3e511f8-eccf-416a-9bfb-383c64bdfa8e,gp_set_0001,gp_set_0001_vid_0008.MP4,gp_881,4941,4955,train
d1d33a78-155b-49e4-9c76-4b498f4bd166,gp_set_0004,gp_set_0004_vid_0005.MP4,gp_5607,9036,9050,train
4883555e-0268-4d17-96dd-d804fefb078e,gp_set_0001,gp_set_0001_vid_0006.MP4,gp_697,5801,5815,train
d64deda7-77de-4876-b6fb-388a715bf534,gp_set_0001,gp_set_0001_vid_0001.MP4,gp_74,7087,7101,train
33b64c86-e01f-4216-81d8-05d1f8859457,gp_set_0001,gp_set_0001_vid_0001.MP4,gp_5,239,253,train
2e5ee8eb-47de-4ca7-8897-43a982a632ed,gp_set_0008,gp_set_0008_vid_0005.MP4,gp_6117,6545,6559,test
bd8d4458-30e2-465a-ac65-4431b29248a6,gp_set_0004,gp_set_0004_vid_0005.MP4,gp_5773,6557,6571,train
66fd6939-cb8e-4acd-80b1-838257c5c377,gp_set_0004,gp_set_0004_vid_0002.MP4,gp_3966,9427,9441,train
0ae0e5e9-f5a1-4879-80f1-c2d8efe9f7f9,gp_set_0004,gp_set_0004_vid_0003.MP4,gp_2897,8870,8884,train
2cd02ba3-681e-4e5c-ae6c-1a52b8d9f151,gp_set_0004,gp_set_0004_vid_0002.MP4,gp_3963,9216,9230,train
e649a489-ceb6-4406-a560-21d4a969ab50,gp_set_0002,gp_set_0002_vid_0001.MP4,gp_4300,5282,5296,train
aeff536c-3d0b-4320-8813-3ef3e5c0f5a0,gp_set_0001,gp_set_0001_vid_0008.MP4,gp_756,3950,3964,train
cebbdfe2-6976-4125-87a5-fbebad05ba27,gp_set_0004,gp_set_0004_vid_0002.MP4,gp_3895,5332,5346,train
e1ec3077-88b0-4220-8cda-37d8b1eaa9f3,gp_set_0002,gp_set_0002_vid_0002.MP4,gp_4838,1148,1162,train
277d6148-4ec6-4a35-8421-37119614df0c,gp_set_0003,gp_set_0003_vid_0002.MP4,gp_2492,12668,12682,test
fd28bd3e-967c-4564-905d-95e070ec966b,gp_set_0002,gp_set_0002_vid_0002.MP4,gp_5061,7939,7953,train
fc85b8b1-bfa7-48af-91e9-3bb2533803ba,gp_set_0004,gp_set_0004_vid_0003.MP4,gp_3004,10290,10304,train
abe7876c-a70e-4e8c-aaa3-9aeaab1ef16c,gp_set_0007,gp_set_0007_vid_0004.MP4,gp_6589,12118,12132,train
1e3399e8-ea87-472a-8eb8-8a58be0fe6d1,gp_set_0002,gp_set_0002_vid_0001.MP4,gp_4462,21125,21139,train
9b4f0365-983e-4c78-8c29-71a1ca313ccc,gp_set_0001,gp_set_0001_vid_0007.MP4,gp_1197,6255,6269,train
780986ff-3cd0-44e7-90ea-c1b17d9af52a,gp_set_0005,gp_set_0005_vid_0002.MP4,gp_4188,275,289,test
a24876b1-5774-4322-85c7-7f02cad214bc,gp_set_0001,gp_set_0001_vid_0002.MP4,gp_477,10089,10103,train
7c6ce421-a399-4e94-bbfc-e506af5e2948,gp_set_0004,gp_set_0004_vid_0003.MP4,gp_3282,13840,13854,train
25993d38-576a-4f15-92f5-ece8f4da9a57,gp_set_0003,gp_set_0003_vid_0002.MP4,gp_1879,3781,3795,test
eee67992-33ec-4a67-9ad1-9a48fd3abe0b,gp_set_0001,gp_set_0001_vid_0003.MP4,gp_534,13998,14012,train
5bc38970-35d9-48dd-a93e-941df95c889c,gp_set_0001,gp_set_0001_vid_0007.MP4,gp_1240,14971,14985,train
8ed20699-5fe4-428a-883e-e317757e3682,gp_set_0001,gp_set_0001_vid_0008.MP4,gp_953,7834,7848,train
52d099c3-17f3-4422-b712-26cf666618c7,gp_set_0003,gp_set_0003_vid_0003.MP4,gp_3159,15217,15231,test
6873b364-c85c-436f-9bd2-4bf445b40f1e,gp_set_0004,gp_set_0004_vid_0003.MP4,gp_2607,5769,5783,train
d6cd0ab2-b38c-4904-b9ab-75c9b4d7aa34,gp_set_0004,gp_set_0004_vid_0002.MP4,gp_3916,6475,6489,train
bfbf78c9-9a89-4984-9930-140d02e84cf9,gp_set_0004,gp_set_0004_vid_0005.MP4,gp_5627,1717,1731,train
2db277cf-535e-4377-b622-f4ce0c103b69,gp_set_0003,gp_set_0003_vid_0003.MP4,gp_2919,1047,1061,test
20664ce2-7f66-4b69-8e8f-9d7003fc0510,gp_set_0001,gp_set_0001_vid_0008.MP4,gp_1102,9744,9758,train
511254f4-0744-474c-bc3a-083d08c5fa90,gp_set_0003,gp_set_0003_vid_0004.MP4,gp_3049,11040,11054,test
fea816f2-173f-49db-89e3-1c7ddaeed6d3,gp_set_0001,gp_set_0001_vid_0007.MP4,gp_1593,20476,20490,train
c9b6c443-ea19-4697-b81b-09c5dc4076fb,gp_set_0002,gp_set_0002_vid_0002.MP4,gp_5415,8392,8406,train
6859f542-5acb-4278-ada1-8ec1acab02d2,gp_set_0006,gp_set_0006_vid_0001.MP4,gp_2125,14990,15004,train
2e188948-0c0d-42d6-a83a-9aa7acd0d092,gp_set_0003,gp_set_0003_vid_0002.MP4,gp_2490,12662,12676,test
6b683125-c783-4561-b18f-3543981aece6,gp_set_0008,gp_set_0008_vid_0004.MP4,gp_6609,11315,11329,test
2503179e-da17-4e3a-9245-f426d3e021fc,gp_set_0005,gp_set_0005_vid_0002.MP4,gp_4197,745,759,test
eeff1eb1-3483-4ffe-b367-88228d7bd0f5,gp_set_0004,gp_set_0004_vid_0002.MP4,gp_3841,2387,2401,train
cc46d03a-447c-4ed6-9619-86eb6311517f,gp_set_0003,gp_set_0003_vid_0002.MP4,gp_2513,12959,12973,test
88e64de4-7ce9-4cb3-8f4a-22cd68251339,gp_set_0005,gp_set_0005_vid_0001.MP4,gp_1630,14046,14060,test
ae186924-9652-42ef-bb1b-58f3a79f3470,gp_set_0001,gp_set_0001_vid_0008.MP4,gp_705,2677,2691,train
50329548-d095-4c6b-b5b6-48aefaffe73f,gp_set_0002,gp_set_0002_vid_0002.MP4,gp_4858,2153,2167,train
b3efb55c-2f1f-4f54-b024-bf88ca3d51de,gp_set_0003,gp_set_0003_vid_0002.MP4,gp_2012,6636,6650,test
826897e6-cda6-437f-ad35-d68132c66a9d,gp_set_0003,gp_set_0003_vid_0002.MP4,gp_1925,5127,5141,test
576af788-55c9-4608-a85f-d470cc80b32e,gp_set_0003,gp_set_0003_vid_0004.MP4,gp_3446,16910,16924,test
ca760331-670c-4fc9-98aa-9c9d4feabf60,gp_set_0004,gp_set_0004_vid_0005.MP4,gp_5581,202,216,train
f3bcbd3f-a5ba-45fa-b156-ec2ad94b5c2e,gp_set_0001,gp_set_0001_vid_0008.MP4,gp_1105,9931,9945,train
8358b3be-0bb8-4c55-825c-b5ec2d33bf58,gp_set_0006,gp_set_0006_vid_0001.MP4,gp_1783,2254,2268,train
7b6e9797-0d4d-4ce6-ae8a-d194c2d3a749,gp_set_0003,gp_set_0003_vid_0004.MP4,gp_3010,10645,10659,test
712e337e-55de-4dee-8d4d-252ecfa8b757,gp_set_0001,gp_set_0001_vid_0005.MP4,gp_629,13400,13414,train
932c07ed-6821-4832-b0dd-afd638473022,gp_set_0005,gp_set_0005_vid_0002.MP4,gp_4193,386,400,test
1004876d-f6e4-40b0-ab42-929d241d8b72,gp_set_0003,gp_set_0003_vid_0002.MP4,gp_2124,8694,8708,test
1c326f45-49bb-460c-a4ab-0ba6c9bd5918,gp_set_0001,gp_set_0001_vid_0006.MP4,gp_740,6445,6459,train
b0856fd0-e9e0-431c-8fa0-1f03d6e4e377,gp_set_0001,gp_set_0001_vid_0007.MP4,gp_1493,18217,18231,train
988ade22-1811-4b6f-9ca9-ed3b57dd83f0,gp_set_0002,gp_set_0002_vid_0002.MP4,gp_4876,2561,2576,train
c848f2c8-7080-4a1a-977b-6ae4b93393a2,gp_set_0002,gp_set_0002_vid_0001.MP4,gp_4389,17900,17914,train
8d1ccefb-b6ef-4117-9f4f-89eaa7228d49,gp_set_0001,gp_set_0001_vid_0002.MP4,gp_466,9354,9368,train
ec294de8-b38b-40fc-b2e9-f909b8051eff,gp_set_0004,gp_set_0004_vid_0003.MP4,gp_3170,12296,12310,train
4ce2e1ed-4547-423c-aae6-7880d50f0c95,gp_set_0003,gp_set_0003_vid_0002.MP4,gp_2016,6885,6899,test
c8a2cd47-5921-455a-9c81-f638ed2b1919,gp_set_0001,gp_set_0001_vid_0003.MP4,gp_53,4716,4730,train
1ea5e28e-6835-48fb-9225-1a9c54c1f60b,gp_set_0004,gp_set_0004_vid_0003.MP4,gp_2882,8740,8754,train
e5d2b0aa-3eaf-43b0-925a-df91e23ef749,gp_set_0007,gp_set_0007_vid_0004.MP4,gp_6582,8701,8715,train
eca31dda-910f-4fe3-a5e7-1d7259fe271e,gp_set_0005,gp_set_0005_vid_0001.MP4,gp_1548,6768,6782,test
0dda2095-e092-4cd4-be02-46351acc524d,gp_set_0001,gp_set_0001_vid_0006.MP4,gp_1050,19715,19729,train
0ccc2674-2321-4291-88a9-60a8cb427259,gp_set_0001,gp_set_0001_vid_0006.MP4,gp_799,8325,8339,train
3e6f9cd4-22a9-43b6-96fb-1a7b157d089d,gp_set_0003,gp_set_0003_vid_0002.MP4,gp_1755,524,538,test
f49bb170-549f-48a9-b229-52fde59f81b8,gp_set_0004,gp_set_0004_vid_0003.MP4,gp_3684,20501,20515,train
a08895e9-5df0-47a2-816c-3f3ac0e1824b,gp_set_0003,gp_set_0003_vid_0001.MP4,gp_3420,10318,10332,test
5665e579-8cca-490e-884d-c2cb927f0875,gp_set_0003,gp_set_0003_vid_0002.MP4,gp_1892,3972,3986,test
d2836572-3884-428d-bcb7-32ab2e6d1c10,gp_set_0001,gp_set_0001_vid_0008.MP4,gp_1375,18491,18505,train
fd746fc9-6ddb-4c06-bda1-b01ce8dcc1ce,gp_set_0001,gp_set_0001_vid_0003.MP4,gp_454,11827,11841,train
30856b2d-7e21-4aee-a26a-4c66d7a04131,gp_set_0003,gp_set_0003_vid_0001.MP4,gp_3389,12338,12352,test
e48870ab-8a60-483d-98b9-0cb68031c867,gp_set_0003,gp_set_0003_vid_0004.MP4,gp_2669,815,829,test
88d7ebad-e65d-4e92-b99b-1f0b436576a2,gp_set_0001,gp_set_0001_vid_0008.MP4,gp_745,3701,3715,train
a98ceab2-a3e0-428f-ae16-28a19741555e,gp_set_0002,gp_set_0002_vid_0002.MP4,gp_4998,7884,7898,train
528b5282-c1b8-43a5-b2b6-6d7afaa8737b,gp_set_0004,gp_set_0004_vid_0005.MP4,gp_5704,10723,10737,train
db6aedc6-e177-44b5-8295-97d185399620,gp_set_0001,gp_set_0001_vid_0002.MP4,gp_409,1213,1227,train
2cdf6a14-9966-418c-9dc9-efc5a5297a57,gp_set_0002,gp_set_0002_vid_0002.MP4,gp_4961,7239,7253,train
3d91d6e0-07d3-4654-82a6-dba8493df903,gp_set_0004,gp_set_0004_vid_0002.MP4,gp_3766,19276,19290,train
ce492839-4653-44ab-949e-4245073c0923,gp_set_0004,gp_set_0004_vid_0003.MP4,gp_2656,7983,7997,train
e4175d18-0fcb-4d5f-9a27-c777b68357a2,gp_set_0001,gp_set_0001_vid_0008.MP4,gp_872,4914,4928,train
da517388-a6bf-4e9f-8507-a516f07b8bc4,gp_set_0004,gp_set_0004_vid_0005.MP4,gp_5685,10452,10466,train
6c76ab7c-f2b6-4bdc-b462-7d95a54892b8,gp_set_0003,gp_set_0003_vid_0003.MP4,gp_3173,17092,17106,test
c2b00660-0636-4bfc-ab00-2736096149f3,gp_set_0001,gp_set_0001_vid_0008.MP4,gp_299,6530,6544,train
0fe349c3-9520-4406-9366-91359d9aca19,gp_set_0004,gp_set_0004_vid_0003.MP4,gp_2916,9391,9405,train
c1d16d30-ecc1-4186-845c-ec953f9c65af,gp_set_0003,gp_set_0003_vid_0002.MP4,gp_2164,8934,8948,test
8c6658db-cef4-474e-8aa5-d84fdd763e80,gp_set_0003,gp_set_0003_vid_0002.MP4,gp_2021,7044,7058,test
9dc2d747-998c-4f55-bfb2-d891406eeb77,gp_set_0006,gp_set_0006_vid_0001.MP4,gp_1648,103,117,train
6d9cc284-1d77-4383-8c73-65520b45e69a,gp_set_0003,gp_set_0003_vid_0003.MP4,gp_3046,8422,8436,test
2a99e487-63af-4413-b24c-256326974e7a,gp_set_0001,gp_set_0001_vid_0005.MP4,gp_591,8692,8706,train
29edc353-96f3-434a-b239-fd90eaad34bf,gp_set_0004,gp_set_0004_vid_0002.MP4,gp_3787,16811,16825,train
71eb63ed-f8d4-4838-b9a4-7bad7f90ca3b,gp_set_0001,gp_set_0001_vid_0008.MP4,gp_272,5752,5766,train
9d881857-dea4-4f19-9059-947277da1ac0,gp_set_0001,gp_set_0001_vid_0008.MP4,gp_658,448,462,train
b1ffd942-8051-4763-a927-26796af58d27,gp_set_0003,gp_set_0003_vid_0004.MP4,gp_3014,10666,10680,test
f90ab55f-4960-4241-8b21-84c6332922fd,gp_set_0003,gp_set_0003_vid_0003.MP4,gp_3208,17998,18012,test
001ee696-0f1b-47df-8823-92ecdac3cc8f,gp_set_0004,gp_set_0004_vid_0003.MP4,gp_3359,14550,14564,train
64654c0a-3e6e-45fc-9f73-4dbd56be91fa,gp_set_0002,gp_set_0002_vid_0002.MP4,gp_5009,10905,10919,train
b6f8b39e-362d-4ba6-bda7-e255dcc4fdbe,gp_set_0004,gp_set_0004_vid_0005.MP4,gp_5798,7163,7177,train
c1dda2ef-a7f7-46e3-a019-9b63efc25901,gp_set_0002,gp_set_0002_vid_0001.MP4,gp_4411,18321,18335,train
2af8faab-d5ae-4613-af93-aac3d5803660,gp_set_0004,gp_set_0004_vid_0003.MP4,gp_3038,10901,10915,train
5b68f0ad-a970-4164-afe9-a6c6c2f79355,gp_set_0001,gp_set_0001_vid_0002.MP4,gp_615,15657,15671,train
65bfe30e-1ab4-4fac-a421-062748de420c,gp_set_0006,gp_set_0006_vid_0001.MP4,gp_2078,13153,13167,train
08def581-8013-4de5-baa4-4a3abb0e24e0,gp_set_0003,gp_set_0003_vid_0002.MP4,gp_1989,6171,6185,test
9fda667e-e7b5-4421-8995-0133f34f469d,gp_set_0002,gp_set_0002_vid_0002.MP4,gp_5364,4666,4680,train
0e9b9c25-5f99-4e18-a018-f3284bb70566,gp_set_0004,gp_set_0004_vid_0003.MP4,gp_2791,7949,7963,train
f914b9b8-f6c5-4055-aa2c-fc1bd8d93252,gp_set_0005,gp_set_0005_vid_0001.MP4,gp_1499,5484,5498,test
15f26f37-a64c-4dd9-86a0-45f2981f8e49,gp_set_0001,gp_set_0001_vid_0006.MP4,gp_669,2174,2188,train
de4e99de-16fb-4c97-ae84-8cee83209039,gp_set_0001,gp_set_0001_vid_0007.MP4,gp_1432,17432,17446,train
f667bea6-52c9-40f2-a4c9-0dd8361d7423,gp_set_0004,gp_set_0004_vid_0005.MP4,gp_5755,6097,6111,train
38ee9131-e86d-4248-8fe0-8c1ca9911a79,gp_set_0004,gp_set_0004_vid_0003.MP4,gp_3270,13841,13855,train
3f8ff662-1c3b-4d0d-83db-e83a327b169c,gp_set_0001,gp_set_0001_vid_0008.MP4,gp_1165,12107,12121,train
99b2a5a6-5d13-44fd-a11d-1048e8e9d75c,gp_set_0001,gp_set_0001_vid_0006.MP4,gp_956,16635,16649,train
472c0cab-4228-4d8c-bd37-aec9f4147753,gp_set_0001,gp_set_0001_vid_0005.MP4,gp_443,1900,1914,train
892a365f-a239-4707-ac38-5eb03d910b9a,gp_set_0001,gp_set_0001_vid_0006.MP4,gp_777,7645,7659,train
af8ab328-b9cd-42d2-afe5-7798410adbf0,gp_set_0004,gp_set_0004_vid_0002.MP4,gp_3858,13605,13619,train
bb30b786-f436-4937-95a2-526c954b9ede,gp_set_0004,gp_set_0004_vid_0005.MP4,gp_5604,572,586,train
1ec31085-90a8-4656-aba3-3e007aee7d85,gp_set_0006,gp_set_0006_vid_0001.MP4,gp_1669,231,245,train
b22b79f6-551a-41ac-adba-e16bb3260976,gp_set_0002,gp_set_0002_vid_0001.MP4,gp_4417,18707,18721,train
14998618-6485-4881-a133-239e57e6379b,gp_set_0001,gp_set_0001_vid_0006.MP4,gp_820,8987,9001,train
8579046f-4e59-4744-ac52-72712d231266,gp_set_0002,gp_set_0002_vid_0002.MP4,gp_5015,12013,12027,train
9178d943-3a84-413c-bfa0-fd73c1b224ff,gp_set_0003,gp_set_0003_vid_0002.MP4,gp_1839,2609,2623,test
3f55bdd6-0487-40dd-a758-c5f27289e882,gp_set_0001,gp_set_0001_vid_0003.MP4,gp_474,12274,12288,train
aba727e9-528e-4c5b-aa1b-387c8b92eac2,gp_set_0003,gp_set_0003_vid_0002.MP4,gp_2034,7167,7181,test
03fe2a36-67f4-45f9-a271-1b394ba9cf04,gp_set_0005,gp_set_0005_vid_0002.MP4,gp_4194,330,344,test
7c554031-82bc-4b17-a39e-5568feccd825,gp_set_0001,gp_set_0001_vid_0005.MP4,gp_606,8876,8890,train
bf181e0f-72cb-4411-8a1d-1bc85b22cb5f,gp_set_0005,gp_set_0005_vid_0001.MP4,gp_1674,17021,17035,test
a6c74bd5-c21b-47f3-ba8b-c2398d21af10,gp_set_0006,gp_set_0006_vid_0001.MP4,gp_1681,431,445,train
c3cc48d7-e3ef-4000-809b-2f5e70024284,gp_set_0001,gp_set_0001_vid_0006.MP4,gp_1054,19779,19793,train
5e871371-8df3-4ac1-afbb-dfa70c9b93e2,gp_set_0004,gp_set_0004_vid_0003.MP4,gp_3157,11946,11960,train
a7636966-181c-48ca-ac3d-3c4c68dd39da,gp_set_0002,gp_set_0002_vid_0002.MP4,gp_4985,7442,7456,train
c32a9267-83d0-4db5-9ba6-13526707858e,gp_set_0003,gp_set_0003_vid_0002.MP4,gp_2555,13773,13787,test
18333008-22c9-49c8-a24b-64dc801efd02,gp_set_0003,gp_set_0003_vid_0002.MP4,gp_1848,2927,2941,test
e0fd7058-a539-45fc-94f5-577aa2ece9d7,gp_set_0003,gp_set_0003_vid_0002.MP4,gp_2621,14620,14634,test
f4af1cba-f26c-434a-b422-f23ed3a4ca62,gp_set_0003,gp_set_0003_vid_0002.MP4,gp_2009,6590,6604,test
53dc4047-7ee0-4b98-b9b5-00a1fdb5cccd,gp_set_0003,gp_set_0003_vid_0005.MP4,gp_6940,6142,6156,test
6740c18b-b4fc-461f-bcc0-ce3669909e95,gp_set_0008,gp_set_0008_vid_0004.MP4,gp_6529,10188,10202,test
5e8db20d-47d4-45f4-a0a6-723f599762e4,gp_set_0003,gp_set_0003_vid_0001.MP4,gp_3256,19353,19367,test
d9a59d23-eb21-44c7-a399-9267bbe48ff9,gp_set_0001,gp_set_0001_vid_0001.MP4,gp_121,8931,8945,train
e4450324-27d9-48a5-911e-859f07784047,gp_set_0001,gp_set_0001_vid_0005.MP4,gp_773,17727,17741,train
9028f6aa-a894-4d6f-a8f7-3f23218c87f1,gp_set_0004,gp_set_0004_vid_0005.MP4,gp_5612,9041,9055,train
461a4c1b-5b0e-45e4-9065-35e461b4076b,gp_set_0003,gp_set_0003_vid_0004.MP4,gp_3455,17450,17464,test
853ad34d-1dd1-4c1d-859b-fa4e76cfb639,gp_set_0008,gp_set_0008_vid_0005.MP4,gp_6062,2695,2709,test
5869a050-20ee-448f-837c-d1bbf2ff0297,gp_set_0001,gp_set_0001_vid_0003.MP4,gp_513,13309,13323,train
460a9fbf-49c4-4ed3-a5ab-a9735195b662,gp_set_0003,gp_set_0003_vid_0002.MP4,gp_1992,6295,6309,test
cbab1b35-0d14-4446-bfff-6151d132fc39,gp_set_0003,gp_set_0003_vid_0003.MP4,gp_3187,17545,17559,test
f446ee3b-63c9-4beb-83de-4e65db1c117b,gp_set_0004,gp_set_0004_vid_0003.MP4,gp_3661,19665,19679,train
51caa678-09bc-4c11-8c52-791a27c066d1,gp_set_0004,gp_set_0004_vid_0002.MP4,gp_3737,18327,18341,train
84f38e73-e6a9-47bf-a8db-010ccb3e3896,gp_set_0001,gp_set_0001_vid_0007.MP4,gp_1527,18510,18524,train
15aaac89-c37f-4802-81f4-c054f7091d5c,gp_set_0001,gp_set_0001_vid_0008.MP4,gp_336,6932,6946,train
ea9953d8-f67d-4bcb-ab4e-5025025e4e80,gp_set_0004,gp_set_0004_vid_0002.MP4,gp_3823,15973,15987,train
f3cea862-8f03-4c6e-8ab2-3899853b9b52,gp_set_0003,gp_set_0003_vid_0003.MP4,gp_2981,3637,3651,test
e8ea6e52-562c-4dfa-9b37-84e640abed55,gp_set_0001,gp_set_0001_vid_0008.MP4,gp_283,6083,6097,train
ef4c388e-5e17-48e6-8a2f-b5a89b135824,gp_set_0004,gp_set_0004_vid_0002.MP4,gp_3970,9527,9541,train
f0f29503-e92b-4d75-a0b8-ca1bd7fcf204,gp_set_0001,gp_set_0001_vid_0001.MP4,gp_132,10001,10015,train
878ee7e0-4fe4-4a81-9a53-6bed7cd41fdb,gp_set_0006,gp_set_0006_vid_0001.MP4,gp_1855,4587,4601,train
276d020b-60b1-4527-85d0-14fa35cd20d1,gp_set_0008,gp_set_0008_vid_0001.MP4,gp_6018,7081,7095,test
3c3dc709-061a-40ab-ac2e-d3be94468a8e,gp_set_0003,gp_set_0003_vid_0004.MP4,gp_2974,10265,10279,test
6b74075c-43e0-4126-bd7d-879b1c3ebe65,gp_set_0001,gp_set_0001_vid_0008.MP4,gp_326,6719,6733,train
49d5b7a6-11d5-40df-864f-ce86379fdcaa,gp_set_0003,gp_set_0003_vid_0002.MP4,gp_2055,7723,7737,test
b84b3c54-663a-4b35-a0b1-dbce52bbe3a3,gp_set_0004,gp_set_0004_vid_0005.MP4,gp_5796,7167,7181,train
02cf6921-b62f-4626-a767-23b0a9785520,gp_set_0001,gp_set_0001_vid_0003.MP4,gp_198,8529,8543,train
d20f8ff3-fac9-4fa0-a3d2-658446bfd1aa,gp_set_0001,gp_set_0001_vid_0007.MP4,gp_1209,8952,8966,train
fa5b7ced-68f7-474d-835d-066c6615d420,gp_set_0003,gp_set_0003_vid_0004.MP4,gp_3219,12696,12710,test
3f5b479f-812c-4bb0-b52e-0e08d760f50f,gp_set_0004,gp_set_0004_vid_0005.MP4,gp_5610,1133,1147,train
f2bf027e-a163-402d-bb41-f7847c0b3372,gp_set_0004,gp_set_0004_vid_0002.MP4,gp_3980,9924,9938,train
70058700-442c-4087-8047-47e38cded3f4,gp_set_0005,gp_set_0005_vid_0005.MP4,gp_5820,7454,7468,test
e1a02033-3fcb-46a8-b45e-8c8879a504de,gp_set_0004,gp_set_0004_vid_0003.MP4,gp_3390,14802,14816,train
e559c107-fd8d-41c8-9e49-a4cef42b76fb,gp_set_0003,gp_set_0003_vid_0002.MP4,gp_2067,7830,7844,test
614acc6e-6d48-409c-8d86-9aa98c287d93,gp_set_0003,gp_set_0003_vid_0001.MP4,gp_3347,12774,12788,test
42257873-fb92-45a1-9341-9d250c6b5157,gp_set_0001,gp_set_0001_vid_0007.MP4,gp_1486,18128,18142,train
276acea1-a35c-4a5a-b0db-855c74857da0,gp_set_0006,gp_set_0006_vid_0001.MP4,gp_2624,20995,21009,train
3076351d-36b0-41e2-97b6-2aec9955d47f,gp_set_0001,gp_set_0001_vid_0002.MP4,gp_391,1024,1038,train
3d03b202-f18d-42de-a397-dad06c58c209,gp_set_0002,gp_set_0002_vid_0005.MP4,gp_3777,7202,7216,train
8e622ef2-53aa-4684-b110-7f9608992d94,gp_set_0003,gp_set_0003_vid_0002.MP4,gp_1996,6376,6390,test
35190f60-1c13-4b8a-a180-9e592cc438ee,gp_set_0001,gp_set_0001_vid_0007.MP4,gp_1063,4871,4885,train
43d60a6d-b86d-4337-8832-775afc3efad4,gp_set_0001,gp_set_0001_vid_0008.MP4,gp_320,6594,6608,train
c82435cb-6d0a-48f1-a982-78b59ac29b36,gp_set_0006,gp_set_0006_vid_0001.MP4,gp_1923,5881,5895,train
76612919-a31e-402f-83db-e554c096b124,gp_set_0002,gp_set_0002_vid_0002.MP4,gp_4993,9931,9945,train
a572cf07-f4dc-4c3b-a36b-580f732b0337,gp_set_0002,gp_set_0002_vid_0001.MP4,gp_4405,16131,16145,train
233cada3-d4ab-4a34-969c-ed8ea112ec08,gp_set_0003,gp_set_0003_vid_0001.MP4,gp_3445,6246,6260,test
f33def26-d737-4ac6-986d-9b7858f4d582,gp_set_0003,gp_set_0003_vid_0002.MP4,gp_2033,7167,7181,test
09d4c17d-9c63-477a-a11d-1e431937530c,gp_set_0003,gp_set_0003_vid_0004.MP4,gp_3408,16255,16269,test
f728f030-250c-4429-aec0-a152faa119bc,gp_set_0001,gp_set_0001_vid_0002.MP4,gp_5540,9741,9755,train
e53922fb-52fd-4d43-927d-d6dc8fb6d1dd,gp_set_0003,gp_set_0003_vid_0002.MP4,gp_1844,2795,2809,test
173253cb-2b5c-4d0c-b8fd-e123f6e443cb,gp_set_0002,gp_set_0002_vid_0005.MP4,gp_3768,2393,2407,train
db124609-d8ff-4c08-9782-e3d92fe8f089,gp_set_0003,gp_set_0003_vid_0002.MP4,gp_2071,7843,7857,test
67a94980-7887-46a5-b463-ebb03f3e24c1,gp_set_0004,gp_set_0004_vid_0001.MP4,gp_3513,10244,10258,train
34677072-9dd7-44e8-bca8-2e6ef40150e0,gp_set_0004,gp_set_0004_vid_0003.MP4,gp_2510,361,375,train
2059d1c3-531a-4b4d-9fe3-22450d7f605e,gp_set_0001,gp_set_0001_vid_0001.MP4,gp_201,12834,12848,train
9ae39163-fea4-4f25-9ee2-bd99966e69d9,gp_set_0003,gp_set_0003_vid_0002.MP4,gp_1836,2604,2618,test
44e0439a-8c6c-4a85-94d5-907bd33b0d37,gp_set_0002,gp_set_0002_vid_0002.MP4,gp_5019,12432,12446,train
12d7f576-d911-4dc8-95fc-618f86259227,gp_set_0001,gp_set_0001_vid_0006.MP4,gp_1035,19349,19363,train
fb9c6876-3ed3-4d49-a3e6-8f9c125735a7,gp_set_0003,gp_set_0003_vid_0004.MP4,gp_3247,13253,13267,test
109dd34e-4880-4cad-8008-f52573ad1ec1,gp_set_0001,gp_set_0001_vid_0007.MP4,gp_1037,3306,3320,train
55c5fdd2-a019-4337-81eb-e20611058fe4,gp_set_0001,gp_set_0001_vid_0008.MP4,gp_761,3981,3995,train
502245b5-9e8e-41ee-8085-70eb80efb356,gp_set_0001,gp_set_0001_vid_0007.MP4,gp_1049,3696,3710,train
911c0288-568b-4174-9184-3dc4362f13e3,gp_set_0001,gp_set_0001_vid_0006.MP4,gp_848,10017,10031,train
cece6c5e-3bb9-43a5-b343-f7f75b4b644a,gp_set_0004,gp_set_0004_vid_0003.MP4,gp_3568,18006,18020,train
ab62f9c2-4444-469f-a4e1-f99e5095bdcd,gp_set_0001,gp_set_0001_vid_0007.MP4,gp_1146,13416,13430,train
b1c0d010-424b-4354-9a48-29a5d4edf7ac,gp_set_0001,gp_set_0001_vid_0005.MP4,gp_365,11936,11950,train
d6849e3f-8278-4377-a568-22d1533dee1a,gp_set_0003,gp_set_0003_vid_0002.MP4,gp_2828,19684,19698,test
d53ea2ba-ea6b-4031-a920-f2bc11c7df2e,gp_set_0003,gp_set_0003_vid_0002.MP4,gp_1863,3483,3497,test
7a9accab-9e7c-47ad-b761-ffdfcf944cb4,gp_set_0001,gp_set_0001_vid_0007.MP4,gp_1288,13293,13307,train
5588ca70-94a4-4e0a-a8e4-eaccf991394c,gp_set_0004,gp_set_0004_vid_0003.MP4,gp_3278,13823,13837,train
ff29bcf1-e973-4064-af53-f6ce45296410,gp_set_0003,gp_set_0003_vid_0004.MP4,gp_2829,6306,6320,test
cdf66f39-aaec-4ad3-a970-fdb299a476ef,gp_set_0001,gp_set_0001_vid_0005.MP4,gp_519,3515,3529,train
08ca4236-17f2-4348-88ca-e0af0512a490,gp_set_0001,gp_set_0001_vid_0008.MP4,gp_1406,19096,19110,train
a041aa08-2281-4a5a-b8ce-33e0b303e039,gp_set_0002,gp_set_0002_vid_0002.MP4,gp_4888,3124,3138,train
18f57d2e-5b12-4a9f-9ce5-f8961a18f584,gp_set_0002,gp_set_0002_vid_0002.MP4,gp_5418,8882,8896,train
6adc293c-7924-4eee-8f57-4826abf67090,gp_set_0008,gp_set_0008_vid_0001.MP4,gp_5992,6638,6652,test
3c8b80ff-b003-411b-a78e-756095196d62,gp_set_0004,gp_set_0004_vid_0002.MP4,gp_3716,637,651,train
edf0fb5e-160d-47b9-a8b2-b9933f2a561e,gp_set_0002,gp_set_0002_vid_0001.MP4,gp_4415,18508,18522,train
f8796513-49e9-4dd9-8da4-9db0130cb60b,gp_set_0008,gp_set_0008_vid_0001.MP4,gp_5769,5918,5932,test
75591a26-6978-4041-b1d4-bc49e5be22fb,gp_set_0001,gp_set_0001_vid_0008.MP4,gp_742,3472,3486,train
6c2869f4-1765-4012-a2d3-ad3313eebd75,gp_set_0001,gp_set_0001_vid_0008.MP4,gp_1089,9558,9572,train
15366aac-a490-4acd-835b-7648d0337f25,gp_set_0001,gp_set_0001_vid_0007.MP4,gp_1599,20667,20681,train
0b7a01b8-31cb-49b2-98cc-0df58e7742a7,gp_set_0003,gp_set_0003_vid_0002.MP4,gp_1896,4053,4067,test
44ec1c86-61d9-4f06-8b7d-b332cdbe2914,gp_set_0004,gp_set_0004_vid_0005.MP4,gp_5663,10254,10268,train
ddd1deb0-7186-4f9f-bf69-5b50283cd0a3,gp_set_0001,gp_set_0001_vid_0003.MP4,gp_518,13341,13355,train
b894d38b-f16a-47ae-ab58-c78f10a65671,gp_set_0002,gp_set_0002_vid_0005.MP4,gp_3788,7502,7516,train
ac3bfa01-cb32-49b6-afff-58685f13f928,gp_set_0001,gp_set_0001_vid_0007.MP4,gp_1198,6307,6321,train
2d205ed5-a550-4bb9-b6c5-c632d51afe91,gp_set_0001,gp_set_0001_vid_0001.MP4,gp_145,10116,10130,train
75d76dd2-fd99-4d4b-a811-a09ddf3e47ab,gp_set_0005,gp_set_0005_vid_0001.MP4,gp_1700,18424,18438,test
50b4e74e-d732-4b7b-b030-96531ade8587,gp_set_0003,gp_set_0003_vid_0002.MP4,gp_2635,14731,14745,test
9f5f57c8-2b6d-4637-9638-8c6636f7dd4f,gp_set_0008,gp_set_0008_vid_0005.MP4,gp_6112,6358,6372,test
13067a4d-68eb-42d3-a640-0e89cc8b0618,gp_set_0003,gp_set_0003_vid_0004.MP4,gp_2690,2247,2261,test
a53dde74-d343-419b-a906-c51dedddbc38,gp_set_0003,gp_set_0003_vid_0002.MP4,gp_1796,1887,1901,test
bd4924d9-330c-44fc-b090-5800c8e82a36,gp_set_0005,gp_set_0005_vid_0005.MP4,gp_5827,7442,7456,test
6caeaa42-aec2-4c71-906d-07da088b7520,gp_set_0005,gp_set_0005_vid_0005.MP4,gp_5831,7583,7597,test
c10925f7-1dc0-4a49-8ba5-ea157de9de92,gp_set_0001,gp_set_0001_vid_0008.MP4,gp_737,3458,3472,train
675c2e59-42bd-41db-bae7-0f676eabe1a9,gp_set_0006,gp_set_0006_vid_0002.MP4,gp_4257,13473,13487,train
b135a666-c1c5-4754-824e-431a8bdf9836,gp_set_0003,gp_set_0003_vid_0003.MP4,gp_3033,7624,7638,test
1fd56ebe-d9da-4d7e-9cec-4cf2fbee087e,gp_set_0008,gp_set_0008_vid_0005.MP4,gp_6070,3187,3201,test
bb3200d6-4a20-4d31-b894-f5cd03aa7c2c,gp_set_0001,gp_set_0001_vid_0008.MP4,gp_315,6570,6584,train
4f8e9a53-42c4-4b1f-946f-c647d65d566c,gp_set_0002,gp_set_0002_vid_0002.MP4,gp_4832,1062,1076,train
05a2ba34-813d-49b2-a4ce-bc3362afbfc5,gp_set_0005,gp_set_0005_vid_0005.MP4,gp_5894,6781,6795,test
fff8fffd-1297-4879-877c-4d7834fee2e1,gp_set_0004,gp_set_0004_vid_0005.MP4,gp_5734,15533,15547,train
883cea91-068e-4756-832d-111e027ccea9,gp_set_0001,gp_set_0001_vid_0008.MP4,gp_916,7185,7199,train
7c3afce2-4661-4d0b-81c8-eeb249cdf8e4,gp_set_0003,gp_set_0003_vid_0002.MP4,gp_2738,15399,15413,test
6217b5b0-21dc-4f07-8c43-dbf7e34cc8dd,gp_set_0008,gp_set_0008_vid_0004.MP4,gp_6523,9898,9912,test
bc168bda-6c04-466e-b891-29587744a647,gp_set_0002,gp_set_0002_vid_0001.MP4,gp_4350,9286,9300,train
fd2453ba-0aed-467a-a15e-e1808238619e,gp_set_0003,gp_set_0003_vid_0003.MP4,gp_3112,12388,12402,test
54cbccff-279e-41d0-8ebf-22fabf6a38db,gp_set_0001,gp_set_0001_vid_0007.MP4,gp_1115,12727,12741,train
2e54a81b-2696-4bc0-ba58-07985f9582d6,gp_set_0005,gp_set_0005_vid_0001.MP4,gp_1394,3923,3937,test
726a3c92-2ab1-4220-8cd0-1e396d1614fa,gp_set_0001,gp_set_0001_vid_0005.MP4,gp_899,19878,19892,train
c1efc35b-b391-4e6d-85a5-240ba8348cfb,gp_set_0001,gp_set_0001_vid_0003.MP4,gp_475,12271,12285,train
90e2bea7-a5d7-4f16-b62c-7f7455e0824e,gp_set_0003,gp_set_0003_vid_0002.MP4,gp_2527,13459,13473,test
0ad0746a-50eb-44fc-a272-c2fc3c3442e2,gp_set_0001,gp_set_0001_vid_0008.MP4,gp_852,4747,4761,train
d2fb990f-837c-46bc-8079-ee7966b429dd,gp_set_0001,gp_set_0001_vid_0006.MP4,gp_985,17835,17849,train
feb0e26c-652b-4d7b-ac8e-089b9a3ac985,gp_set_0002,gp_set_0002_vid_0002.MP4,gp_4886,2902,2916,train
29f9e0ad-01cf-4b8c-98ce-2381e74f66e8,gp_set_0003,gp_set_0003_vid_0003.MP4,gp_2839,361,375,test
0f1290e6-3633-495e-a850-390e3c66d927,gp_set_0004,gp_set_0004_vid_0003.MP4,gp_3039,10902,10916,train
e383ff53-9869-4cb7-b78c-ecdb4c59760b,gp_set_0004,gp_set_0004_vid_0003.MP4,gp_3111,11252,11266,train
8895c2d1-5b9c-446c-a160-1fe02bff7e76,gp_set_0002,gp_set_0002_vid_0001.MP4,gp_4331,17235,17249,train
193c84cf-9a3e-46e0-8db9-ffeb2d5c33de,gp_set_0002,gp_set_0002_vid_0002.MP4,gp_4925,4680,4694,train
7aebba33-adc1-4ec5-9410-ec31eab5bbe1,gp_set_0003,gp_set_0003_vid_0002.MP4,gp_2515,13210,13224,test
1bea8e9f-1beb-4ea1-8353-6c919c53ba50,gp_set_0001,gp_set_0001_vid_0008.MP4,gp_1342,15489,15503,train
f01bb03f-cecb-4acc-81ca-d007e72455ba,gp_set_0003,gp_set_0003_vid_0002.MP4,gp_1756,649,663,test
b26a4ff6-367c-4aa8-8d5c-db7cb6cd48f3,gp_set_0005,gp_set_0005_vid_0003.MP4,gp_4006,2554,2568,test
af1d1775-4636-4326-a104-ba3e63586887,gp_set_0004,gp_set_0004_vid_0003.MP4,gp_3665,19503,19517,train
db743e97-84d0-4130-b67f-8a4bf06be71b,gp_set_0003,gp_set_0003_vid_0001.MP4,gp_3447,6467,6481,test
bed9e603-2174-4e00-9279-3d9f30f32a0d,gp_set_0001,gp_set_0001_vid_0008.MP4,gp_290,6263,6277,train
2f6b8806-02d7-45f6-a851-b72e689dd582,gp_set_0003,gp_set_0003_vid_0004.MP4,gp_3416,16411,16425,test
7bdebb80-1976-4586-9534-d0bc4a4e995e,gp_set_0004,gp_set_0004_vid_0003.MP4,gp_3582,18217,18231,train
b9af12e0-ccd7-49a4-9297-b9552d763666,gp_set_0003,gp_set_0003_vid_0004.MP4,gp_3250,13262,13276,test
af638f19-5105-4bda-815d-361a90f90701,gp_set_0003,gp_set_0003_vid_0004.MP4,gp_4134,20289,20303,test
2c436fc0-1039-4ef1-8c58-4214237048d0,gp_set_0001,gp_set_0001_vid_0006.MP4,gp_924,15178,15192,train
3e2ddc97-2a26-4322-a7cf-fa622a62dc6b,gp_set_0001,gp_set_0001_vid_0006.MP4,gp_865,10688,10702,train
0efffa7d-8946-4db2-8575-29c873ee337b,gp_set_0004,gp_set_0004_vid_0001.MP4,gp_3690,639,653,train
5aed279a-19f6-448d-8b94-2a591eec69ea,gp_set_0001,gp_set_0001_vid_0008.MP4,gp_1162,12021,12035,train
af35d0aa-6fce-4ad4-93c5-686c6de32ba1,gp_set_0002,gp_set_0002_vid_0002.MP4,gp_5057,8898,8912,train
4ad6e12c-d68a-43b7-be2f-020857d2e689,gp_set_0002,gp_set_0002_vid_0001.MP4,gp_4348,8199,8213,train
8fb54bf9-b12c-494e-bada-2e8c96a07e92,gp_set_0001,gp_set_0001_vid_0006.MP4,gp_870,10755,10769,train
609dbb86-0e6d-4c59-9e49-325fe9b106ed,gp_set_0001,gp_set_0001_vid_0008.MP4,gp_292,6239,6253,train
e059342f-7c48-405a-b644-b4ab929aca01,gp_set_0001,gp_set_0001_vid_0002.MP4,gp_449,5568,5582,train
d8a52ce3-5149-4caf-8a74-73b304202df0,gp_set_0005,gp_set_0005_vid_0005.MP4,gp_5853,6495,6509,test
2864223b-3167-49e8-ab78-38868d90db36,gp_set_0001,gp_set_0001_vid_0008.MP4,gp_1313,14504,14518,train
703d987c-2ee3-42ac-8f51-082d7980b51a,gp_set_0001,gp_set_0001_vid_0007.MP4,gp_1258,15563,15577,train
6388d865-b58f-4131-85e9-98eb5536aea7,gp_set_0004,gp_set_0004_vid_0003.MP4,gp_2850,8300,8314,train
d7b63d1d-2580-4e7a-a8c5-238f6c12bd8f,gp_set_0001,gp_set_0001_vid_0008.MP4,gp_1067,9148,9162,train
4b78e95d-2448-4a0e-973b-e6606482b816,gp_set_0002,gp_set_0002_vid_0001.MP4,gp_4286,3809,3823,train
35c3c575-28f6-4d93-96f4-f4be52c23f4f,gp_set_0008,gp_set_0008_vid_0001.MP4,gp_6010,6935,6949,test
709c0471-e3c8-4629-8117-a9b17818958f,gp_set_0002,gp_set_0002_vid_0002.MP4,gp_5000,8034,8048,train
01ce4fd8-0f9c-41b2-adc3-0e488078e274,gp_set_0002,gp_set_0002_vid_0001.MP4,gp_4421,18890,18904,train
e480800b-ff23-4bd9-8ce0-a72aa05dc760,gp_set_0008,gp_set_0008_vid_0001.MP4,gp_5935,10177,10191,test
0c4eec33-0820-4d16-aae5-2502690e167b,gp_set_0001,gp_set_0001_vid_0005.MP4,gp_580,8480,8494,train
0c855bfd-e6ea-4945-9560-027895019ad7,gp_set_0008,gp_set_0008_vid_0005.MP4,gp_6063,2697,2711,test
56fef202-b42b-4aa7-bae3-5385c42ad584,gp_set_0004,gp_set_0004_vid_0002.MP4,gp_3936,8397,8411,train
61cbdbe4-88b0-4533-9f4c-f7c6474b1432,gp_set_0006,gp_set_0006_vid_0001.MP4,gp_2076,13157,13171,train
bc2545c3-1453-4ed9-a155-43bc6d247bc0,gp_set_0001,gp_set_0001_vid_0007.MP4,gp_1009,1505,1519,train
68988048-0875-4a13-8a40-d26e801cca37,gp_set_0003,gp_set_0003_vid_0002.MP4,gp_2319,10502,10516,test
5b5f6292-b32c-4053-a71f-ce3697cfdf17,gp_set_0004,gp_set_0004_vid_0002.MP4,gp_3769,19327,19341,train
1cdc8778-f760-412b-a78d-817d902a97c4,gp_set_0001,gp_set_0001_vid_0001.MP4,gp_113,8554,8568,train
9b4bd147-cd44-4403-9a8f-5042efe1ce3c,gp_set_0005,gp_set_0005_vid_0001.MP4,gp_1334,2180,2194,test
88ee3bc3-9a4d-495f-aa43-4c28841d2468,gp_set_0005,gp_set_0005_vid_0001.MP4,gp_1634,6797,6811,test
36cf8556-1e36-4a10-9071-406436992d63,gp_set_0003,gp_set_0003_vid_0004.MP4,gp_3551,19872,19886,test
5c856a6d-69e0-41d4-ae20-b2a72c0f3999,gp_set_0001,gp_set_0001_vid_0008.MP4,gp_1015,8355,8369,train
b2fbd493-8db1-42ae-8d10-5340f8ecc4ff,gp_set_0004,gp_set_0004_vid_0005.MP4,gp_5802,6827,6841,train
277dc6d6-7c9a-4e2b-a3a2-75d15f2ada06,gp_set_0004,gp_set_0004_vid_0001.MP4,gp_3504,9447,9461,train
2887d332-0dd6-4259-8c19-1e4cc01fd44a,gp_set_0003,gp_set_0003_vid_0003.MP4,gp_2837,212,226,test
60fc6f6c-0a06-4eec-9065-252eaee84eb9,gp_set_0004,gp_set_0004_vid_0003.MP4,gp_2947,9401,9415,train
633943ff-d9d7-4373-87f6-66245001b329,gp_set_0004,gp_set_0004_vid_0005.MP4,gp_5669,10313,10327,train
453c6d15-92cb-472c-a9e6-991847c90c09,gp_set_0003,gp_set_0003_vid_0002.MP4,gp_2442,12478,12492,test
d45d1ce1-3c0c-47a6-bed0-9450846898cf,gp_set_0004,gp_set_0004_vid_0003.MP4,gp_3286,13887,13901,train
00b93a3b-684f-41cb-82d1-5ed8d08c2a29,gp_set_0001,gp_set_0001_vid_0003.MP4,gp_410,10577,10591,train
83bc36ac-31ac-407e-a41b-1534c5de3b35,gp_set_0001,gp_set_0001_vid_0001.MP4,gp_48,6582,6596,train
a68aa0be-8129-4414-b321-e00a1b5c6cbf,gp_set_0001,gp_set_0001_vid_0005.MP4,gp_507,3106,3120,train
5010a9af-1bda-4535-9390-ff6feb4c3e71,gp_set_0003,gp_set_0003_vid_0002.MP4,gp_2697,15193,15207,test
9fc7c4b2-f75e-4c80-9326-305988c533e2,gp_set_0004,gp_set_0004_vid_0003.MP4,gp_2849,8316,8330,train
7e5709bc-03de-461c-8438-09fa90f41e92,gp_set_0003,gp_set_0003_vid_0002.MP4,gp_2782,16483,16497,test
d366314a-04f3-4191-bdb8-32f7d0c5d84a,gp_set_0003,gp_set_0003_vid_0002.MP4,gp_2507,12839,12853,test
859f448a-499b-4a96-a107-a659ec74280d,gp_set_0001,gp_set_0001_vid_0002.MP4,gp_592,13991,14005,train
32544b26-bc42-416f-9eef-6dc3fd13dbe1,gp_set_0003,gp_set_0003_vid_0004.MP4,gp_2886,8962,8976,test
be7b3554-9e5c-45d1-8239-00418b752a0e,gp_set_0003,gp_set_0003_vid_0004.MP4,gp_2967,10281,10295,test
c8a5f937-46ae-4dff-b42f-12d38fd4b7b6,gp_set_0001,gp_set_0001_vid_0007.MP4,gp_1382,16880,16894,train
31b9dfa4-63b9-430e-86c9-a6c19baaab7d,gp_set_0004,gp_set_0004_vid_0003.MP4,gp_2781,7743,7757,train
d2da4ce4-b845-44d3-b7bb-559ba2b4c9ef,gp_set_0008,gp_set_0008_vid_0005.MP4,gp_6145,7144,7158,test
9806929c-0143-49d9-a83d-3fb7fb8d0b69,gp_set_0004,gp_set_0004_vid_0003.MP4,gp_3421,15398,15412,train
3c83aad5-3134-46e5-8f1f-bc22dc4ce48a,gp_set_0001,gp_set_0001_vid_0005.MP4,gp_492,2886,2900,train
cad19838-b29d-419e-9da5-ad931d799d77,gp_set_0005,gp_set_0005_vid_0001.MP4,gp_1635,14504,14518,test
80d028de-0ca5-4ed3-bf1f-310dd77c5b27,gp_set_0001,gp_set_0001_vid_0005.MP4,gp_789,17736,17750,train
4bedd883-903c-4b6f-82ea-e7dc4f91a1e7,gp_set_0001,gp_set_0001_vid_0006.MP4,gp_954,16617,16631,train
87b6c869-4524-41fc-80c9-e07882fc346e,gp_set_0005,gp_set_0005_vid_0001.MP4,gp_1464,4582,4596,test
0c1d1d22-63a5-4ad6-a675-77c8258fd454,gp_set_0004,gp_set_0004_vid_0003.MP4,gp_2854,8371,8385,train
9d81031d-b562-405d-b7d3-3d956dc086cd,gp_set_0003,gp_set_0003_vid_0003.MP4,gp_3118,12714,12728,test
8acb415d-9761-4b7b-83d5-66153e1b1378,gp_set_0006,gp_set_0006_vid_0001.MP4,gp_1840,3385,3399,train
a057e41e-7689-4699-8e89-a1fb15c9365e,gp_set_0001,gp_set_0001_vid_0005.MP4,gp_425,1360,1374,train
36a6340c-6ab4-4af6-aa54-75afa8f0f276,gp_set_0001,gp_set_0001_vid_0008.MP4,gp_298,6363,6377,train
d601a6ce-bf18-4c98-91d4-ed2993864e96,gp_set_0005,gp_set_0005_vid_0001.MP4,gp_1311,1752,1766,test
dab99849-59d7-40f9-a125-03ec32fac135,gp_set_0001,gp_set_0001_vid_0002.MP4,gp_432,3170,3184,train
b5efc4c5-5fa0-482d-a5c4-b9f82c1e5169,gp_set_0003,gp_set_0003_vid_0002.MP4,gp_2274,9934,9948,test
884e6b31-70b2-4379-a009-5d25a261eaed,gp_set_0001,gp_set_0001_vid_0008.MP4,gp_751,3845,3859,train
6f68aa71-2896-4e52-aa3c-1b9ca9d91469,gp_set_0001,gp_set_0001_vid_0005.MP4,gp_626,13252,13266,train
4c0d4283-ec3d-45c3-8881-fe44674938fa,gp_set_0003,gp_set_0003_vid_0002.MP4,gp_2701,15219,15233,test
b4f00d79-0fd8-4f48-a4bf-71cc63657203,gp_set_0001,gp_set_0001_vid_0008.MP4,gp_709,2783,2797,train
961a9ba1-ffb8-4ead-921c-e1dfac8eea2e,gp_set_0004,gp_set_0004_vid_0003.MP4,gp_2600,5845,5859,train
b2de5442-7873-469b-a214-46d342e8a41b,gp_set_0001,gp_set_0001_vid_0007.MP4,gp_1427,17422,17436,train
e4c38c60-b2c9-4522-9b4c-f4e237a42fa0,gp_set_0005,gp_set_0005_vid_0005.MP4,gp_5873,6937,6951,test
ad7e8c26-88bd-480b-876c-6c9ccb9120a1,gp_set_0003,gp_set_0003_vid_0004.MP4,gp_3166,12389,12403,test
91a0466a-69dd-4364-af44-dd160a45f76e,gp_set_0003,gp_set_0003_vid_0002.MP4,gp_2393,11361,11375,test
04858cd7-1fde-4572-b98c-bb4e37378427,gp_set_0004,gp_set_0004_vid_0003.MP4,gp_2876,8652,8666,train
ae42d88f-c030-4ec3-be90-361fcd4ff017,gp_set_0001,gp_set_0001_vid_0008.MP4,gp_303,6413,6427,train
5a98f30a-1ccb-44c7-93b3-b2c82bcd5d3b,gp_set_0001,gp_set_0001_vid_0007.MP4,gp_1277,12250,12264,train
aad539a7-147d-4e68-ac55-e90face8c228,gp_set_0002,gp_set_0002_vid_0002.MP4,gp_4825,725,739,train
bf236ae5-0e95-4e2b-b6dc-0ffebd268d47,gp_set_0003,gp_set_0003_vid_0002.MP4,gp_2399,11663,11677,test
c3bc2a10-4319-42a4-a12d-f4e8677db6fb,gp_set_0001,gp_set_0001_vid_0002.MP4,gp_458,8709,8723,train
8073b6a1-6ed6-4e3f-bf58-8552280cfb31,gp_set_0001,gp_set_0001_vid_0005.MP4,gp_641,13781,13795,train
86072dac-c38c-4fcb-8d28-0f991d3f00f2,gp_set_0003,gp_set_0003_vid_0002.MP4,gp_1891,3934,3948,test
7a1a6175-f62c-459e-b002-69c6d1d2085e,gp_set_0004,gp_set_0004_vid_0003.MP4,gp_3269,13836,13850,train
c41b00c2-546a-4343-b3e8-a46da0042174,gp_set_0001,gp_set_0001_vid_0007.MP4,gp_1305,16142,16156,train
e4772207-6753-4cdb-ab52-6f13877c6477,gp_set_0001,gp_set_0001_vid_0001.MP4,gp_11,186,200,train
42511eda-8a11-4552-b0ce-e975cb447c7d,gp_set_0001,gp_set_0001_vid_0008.MP4,gp_1222,12526,12540,train
c74a43a9-3ec3-436d-af52-7c880593d9c5,gp_set_0003,gp_set_0003_vid_0001.MP4,gp_3352,13228,13242,test
5921378d-c0a2-474f-ac24-34adf4403107,gp_set_0001,gp_set_0001_vid_0002.MP4,gp_381,719,733,train
9969cef4-39a8-4b75-825f-7dd0c676d81d,gp_set_0003,gp_set_0003_vid_0002.MP4,gp_2093,8199,8213,test
d6d9d533-19f5-4511-b276-adcc1781972f,gp_set_0005,gp_set_0005_vid_0001.MP4,gp_1511,5777,5791,test
aa529324-7a55-4aa5-8a78-b3083c9a9fbf,gp_set_0004,gp_set_0004_vid_0005.MP4,gp_5579,42,56,train
4a1d6afc-7c85-4343-b2ce-332e48c4dd85,gp_set_0003,gp_set_0003_vid_0004.MP4,gp_2810,5827,5841,test
29e4745c-cc2c-4026-95e6-e37327622ab9,gp_set_0005,gp_set_0005_vid_0005.MP4,gp_5845,7812,7826,test
3f6e24c1-5c8f-4d05-a68b-3797d62845ba,gp_set_0001,gp_set_0001_vid_0008.MP4,gp_767,4171,4185,train
38b6658d-d5f1-434a-978b-5bb2a47f4f80,gp_set_0004,gp_set_0004_vid_0003.MP4,gp_2703,6707,6721,train
36825f2c-baff-4fdd-97d6-6f67c38cb7e9,gp_set_0003,gp_set_0003_vid_0002.MP4,gp_2213,9472,9486,test
3ce8a353-26a8-4cdf-8302-3f8e7461a818,gp_set_0006,gp_set_0006_vid_0001.MP4,gp_1911,5753,5767,train
3728926a-1280-4e42-a9da-3333dfc47d32,gp_set_0004,gp_set_0004_vid_0002.MP4,gp_3728,17998,18012,train
f39be9c0-da9c-4590-a0a1-fd27e6ec371f,gp_set_0008,gp_set_0008_vid_0005.MP4,gp_6102,5640,5654,test
c3268843-60f8-48ac-8d8a-ab1afeee4450,gp_set_0001,gp_set_0001_vid_0002.MP4,gp_382,631,645,train
251a09eb-50cb-4d25-a56b-7e76d4f668a9,gp_set_0003,gp_set_0003_vid_0004.MP4,gp_3558,20110,20124,test
0f2547cc-7947-4970-a48d-7ebe30cd9823,gp_set_0008,gp_set_0008_vid_0004.MP4,gp_6512,7592,7606,test
d0e804dd-458c-4971-a3ff-ff889d79f441,gp_set_0004,gp_set_0004_vid_0005.MP4,gp_5695,3499,3513,train
f654ba88-1576-46c1-b4a2-8fb315e375fc,gp_set_0008,gp_set_0008_vid_0001.MP4,gp_5908,9085,9099,test
53ce683f-513b-4d74-9c2c-99e467abbe59,gp_set_0003,gp_set_0003_vid_0002.MP4,gp_1731,89,103,test
0f1e021d-1fda-4b45-95a6-ede2912ac612,gp_set_0001,gp_set_0001_vid_0008.MP4,gp_1171,12096,12110,train
1135dba5-a334-4051-bdb9-acb53d831bb1,gp_set_0004,gp_set_0004_vid_0003.MP4,gp_3631,18974,18988,train
fb37f88d-f5bd-45dd-b645-df5e08dd78a5,gp_set_0004,gp_set_0004_vid_0002.MP4,gp_3969,9527,9541,train
6041744e-3dde-400b-8014-0aae934e31ae,gp_set_0003,gp_set_0003_vid_0004.MP4,gp_2985,10308,10322,test
a4783e72-1678-4632-9ebc-bfdc5f8a28f0,gp_set_0002,gp_set_0002_vid_0001.MP4,gp_4426,19325,19339,train
36328beb-c06b-41b9-b371-1e5d0ab296d0,gp_set_0001,gp_set_0001_vid_0006.MP4,gp_992,18120,18134,train
b6344cfa-7036-42bb-b032-18665f574f7a,gp_set_0001,gp_set_0001_vid_0006.MP4,gp_719,6238,6252,train
1526174b-b0f0-4632-bf00-4da9b5ad4c65,gp_set_0001,gp_set_0001_vid_0002.MP4,gp_520,11391,11405,train
b155e000-677c-4ebb-b318-4690277b68b7,gp_set_0004,gp_set_0004_vid_0002.MP4,gp_3884,3945,3959,train
25942471-7cdd-4f7d-ba37-a3741441a4cd,gp_set_0005,gp_set_0005_vid_0001.MP4,gp_1565,6950,6964,test
79bb2ef6-c6be-4bf3-983d-ca3a14eb59b7,gp_set_0003,gp_set_0003_vid_0002.MP4,gp_1936,5541,5555,test
c4464b35-e8b3-4eff-92b3-b61ff5802bad,gp_set_0001,gp_set_0001_vid_0007.MP4,gp_1452,17600,17614,train
bf9286fd-d7f7-48c2-89b1-7257d3464ee1,gp_set_0002,gp_set_0002_vid_0001.MP4,gp_4353,9468,9482,train
08263aab-95cf-4280-9f6d-ab37cab12d9a,gp_set_0003,gp_set_0003_vid_0002.MP4,gp_2500,12673,12687,test
2d58e436-b82c-4901-8a16-7c1407384559,gp_set_0001,gp_set_0001_vid_0003.MP4,gp_406,10495,10509,train
5ad6f1ce-0b46-427d-ba87-f8f8d960f3b8,gp_set_0001,gp_set_0001_vid_0006.MP4,gp_814,8939,8953,train
d5f066b9-e3b6-4b29-b916-b3cda4a4a4d3,gp_set_0003,gp_set_0003_vid_0002.MP4,gp_2643,14794,14808,test
0a301197-b8b7-4c32-a20c-c99e24e43ba1,gp_set_0003,gp_set_0003_vid_0004.MP4,gp_3500,18212,18226,test
a1fe4fe4-caaf-4a48-b024-39dab535ea2a,gp_set_0004,gp_set_0004_vid_0003.MP4,gp_3323,14128,14142,train
5f693b47-7651-47d7-b87d-9b7f6e9e6fc2,gp_set_0001,gp_set_0001_vid_0008.MP4,gp_895,5170,5184,train
546f2f35-51db-46bc-9fe9-d24fad725483,gp_set_0005,gp_set_0005_vid_0005.MP4,gp_5825,7447,7461,test
529a5e70-c466-4d87-9a81-9cc812567189,gp_set_0001,gp_set_0001_vid_0002.MP4,gp_540,12179,12193,train
5dfbb9de-c1ab-47ae-a174-15d63105ad19,gp_set_0003,gp_set_0003_vid_0002.MP4,gp_2496,12730,12744,test
c0ce9fb9-d78e-4301-9344-c6de4334de41,gp_set_0006,gp_set_0006_vid_0001.MP4,gp_1761,1563,1577,train
f15590ed-ef16-495b-87d3-c3845344b40a,gp_set_0003,gp_set_0003_vid_0002.MP4,gp_2385,11225,11239,test
1ebfc0db-2a25-4781-b9e2-1c4229ac58df,gp_set_0002,gp_set_0002_vid_0002.MP4,gp_5325,1704,1718,train
fe8dc374-7830-4977-9f7b-4861e6c04c5e,gp_set_0004,gp_set_0004_vid_0005.MP4,gp_5650,2085,2099,train
f4df001c-d21c-44a7-a6fb-3cf666e26ccf,gp_set_0004,gp_set_0004_vid_0002.MP4,gp_3971,9581,9595,train
e1cb2089-2427-450d-8048-5b1511c4d451,gp_set_0006,gp_set_0006_vid_0001.MP4,gp_1730,885,899,train
0090ae0a-9650-44b0-b518-b50aff0644d4,gp_set_0004,gp_set_0004_vid_0005.MP4,gp_5674,2689,2703,train
3c48e621-b0f4-4dce-84f4-0633b98cbbd8,gp_set_0005,gp_set_0005_vid_0001.MP4,gp_1564,6951,6965,test
fcaaf277-ba12-4b42-9e51-bb5ba620ee37,gp_set_0005,gp_set_0005_vid_0002.MP4,gp_4213,7255,7269,test
ef0b3756-bd48-412b-a6d6-82811660542b,gp_set_0004,gp_set_0004_vid_0003.MP4,gp_2777,7729,7743,train
17034039-9181-408a-a89b-856a9d74a791,gp_set_0003,gp_set_0003_vid_0002.MP4,gp_2804,19320,19334,test
20099ceb-d268-4690-b962-90eeb979f906,gp_set_0001,gp_set_0001_vid_0006.MP4,gp_962,17004,17018,train
82be8a07-306c-429e-8a2c-37fb0376052d,gp_set_0005,gp_set_0005_vid_0001.MP4,gp_1552,6809,6823,test
76c1f39d-3608-4f75-88c3-6f5fe67c8397,gp_set_0001,gp_set_0001_vid_0007.MP4,gp_974,75,89,train
ad52bbcb-f169-41d3-870a-45e238514457,gp_set_0001,gp_set_0001_vid_0005.MP4,gp_514,3432,3446,train
1e77255c-2e46-4a60-8a40-6d1631ad788b,gp_set_0001,gp_set_0001_vid_0003.MP4,gp_228,9119,9133,train
4562e9db-4ee4-4d1a-9cad-dbb18238e6d6,gp_set_0003,gp_set_0003_vid_0004.MP4,gp_3433,16872,16886,test
73fb09c4-d6bd-406d-bbdd-e3779a7088cf,gp_set_0004,gp_set_0004_vid_0002.MP4,gp_3869,3366,3380,train
b9ff41d3-c0a2-4b32-b8fd-5211408a6b66,gp_set_0001,gp_set_0001_vid_0003.MP4,gp_533,14001,14015,train
657bd269-de11-4185-a300-076f49545b7f,gp_set_0004,gp_set_0004_vid_0005.MP4,gp_5666,2161,2175,train
31758e53-43d8-4b6f-b3f0-8fc3a32b9c36,gp_set_0003,gp_set_0003_vid_0003.MP4,gp_3183,17400,17414,test
bcf04332-f322-488c-9c14-8022313511c1,gp_set_0001,gp_set_0001_vid_0005.MP4,gp_727,14885,14899,train
bfad6b41-2e0b-4fcc-849e-c6c9b4fb5479,gp_set_0001,gp_set_0001_vid_0007.MP4,gp_1292,16099,16113,train
ef4764a2-94be-4365-aeac-d3c7c1060831,gp_set_0002,gp_set_0002_vid_0001.MP4,gp_4398,15533,15547,train
b48fd365-a17c-4683-867c-13ca99690c48,gp_set_0001,gp_set_0001_vid_0008.MP4,gp_951,7676,7690,train
14435cd6-3469-483c-85ab-3e66fd8fbe9c,gp_set_0008,gp_set_0008_vid_0004.MP4,gp_6527,9393,9407,test
c8ae540d-da22-4501-a402-4c4d96f765e8,gp_set_0001,gp_set_0001_vid_0006.MP4,gp_960,16924,16938,train
d732cb18-2677-4701-b34a-b558eb8c9dc5,gp_set_0003,gp_set_0003_vid_0004.MP4,gp_3580,20501,20515,test
877b6095-d28e-4dae-a6eb-586d93a7d2a8,gp_set_0001,gp_set_0001_vid_0008.MP4,gp_798,4574,4588,train
f135404f-0931-4632-a25b-1408692e226f,gp_set_0004,gp_set_0004_vid_0002.MP4,gp_3715,20427,20441,train
49477de6-65ee-4815-bda3-0714c3abda8d,gp_set_0003,gp_set_0003_vid_0002.MP4,gp_2015,6872,6886,test
7db47868-4ed4-4073-bd78-31212ae780ea,gp_set_0002,gp_set_0002_vid_0002.MP4,gp_5426,9915,9929,train
dc3c560b-e0cb-4a8e-a566-55ee3d6289a5,gp_set_0004,gp_set_0004_vid_0003.MP4,gp_3335,13482,13496,train
65f649e2-7502-49e6-b26c-f2f267f9f4f1,gp_set_0002,gp_set_0002_vid_0001.MP4,gp_4318,2030,2044,train
767db880-24b5-4e44-8538-2d5a025a41e6,gp_set_0001,gp_set_0001_vid_0002.MP4,gp_424,3032,3046,train
16419da9-81e6-4a54-852e-2d8ca468b79c,gp_set_0001,gp_set_0001_vid_0003.MP4,gp_99,5747,5761,train
daa88dff-7d26-4fc6-be5e-c6b05ae2835b,gp_set_0001,gp_set_0001_vid_0008.MP4,gp_291,6233,6247,train
ea4bf679-510e-4669-a49d-c21e03e047c9,gp_set_0003,gp_set_0003_vid_0003.MP4,gp_3050,8760,8774,test
98be1e1e-07bc-4fb4-a9c2-44b9365d8312,gp_set_0005,gp_set_0005_vid_0005.MP4,gp_5878,7943,7957,test
aa116581-32c1-41db-b2b7-c7a019837f10,gp_set_0004,gp_set_0004_vid_0003.MP4,gp_3629,18925,18939,train
87c3fa36-8696-40a9-95ae-a70703c7c5bd,gp_set_0007,gp_set_0007_vid_0004.MP4,gp_6553,7236,7250,train
528f5451-46ea-4c30-8bb6-68981d47c420,gp_set_0001,gp_set_0001_vid_0007.MP4,gp_1184,5787,5801,train
40f462b9-f714-4a91-84ef-d3fa5ad26d98,gp_set_0004,gp_set_0004_vid_0005.MP4,gp_5563,7366,7380,train
8968d134-86e9-4cbe-81c9-8a940daf6adc,gp_set_0001,gp_set_0001_vid_0006.MP4,gp_805,8878,8892,train
2a2d32ba-d495-4413-a505-099d06e9be6c,gp_set_0004,gp_set_0004_vid_0003.MP4,gp_3071,11075,11089,train
75112ff7-c9b6-4fc3-a403-4d98a2cbf750,gp_set_0002,gp_set_0002_vid_0001.MP4,gp_4290,4197,4211,train
2f2c87c2-ee0d-4a77-8ef6-8dab00c41fdf,gp_set_0001,gp_set_0001_vid_0007.MP4,gp_1296,16116,16130,train
0982dab7-4aa5-4249-8342-cf1771000d33,gp_set_0001,gp_set_0001_vid_0008.MP4,gp_1365,17663,17677,train
b6bbcdb5-e41c-4f1f-bc1d-b3017eb7e21a,gp_set_0005,gp_set_0005_vid_0005.MP4,gp_5836,7700,7714,test
5a24f3e9-8864-4d98-9b97-30d673076e9a,gp_set_0003,gp_set_0003_vid_0004.MP4,gp_3167,12382,12396,test
ea61e2bc-ca46-4542-9071-39d41057d363,gp_set_0003,gp_set_0003_vid_0001.MP4,gp_3486,1369,1382,test
41727c7d-398f-4ee9-82f0-0dac51a0dbc8,gp_set_0004,gp_set_0004_vid_0001.MP4,gp_3692,1106,1120,train
63d7b3bd-bab0-47d9-9446-0440b8395934,gp_set_0006,gp_set_0006_vid_0001.MP4,gp_1639,49,63,train
be088ce6-7c18-4da1-8560-30190a1a9369,gp_set_0005,gp_set_0005_vid_0001.MP4,gp_1479,4952,4966,test
d27296f5-a317-4cb9-8357-7b2da320e1a8,gp_set_0001,gp_set_0001_vid_0006.MP4,gp_755,6600,6614,train
cd39fce6-f891-4d36-b475-0574d45ba22a,gp_set_0001,gp_set_0001_vid_0007.MP4,gp_1606,20843,20857,train
7c087d90-cf6c-4c6e-a55e-e2bbac4cd68b,gp_set_0001,gp_set_0001_vid_0008.MP4,gp_262,5650,5664,train
f0d5af05-4b9f-4e1d-bc26-a649fc0ea2b4,gp_set_0002,gp_set_0002_vid_0002.MP4,gp_4822,68,82,train
56ca292f-187b-437e-b1b6-358f5d80fe7c,gp_set_0001,gp_set_0001_vid_0008.MP4,gp_846,4724,4738,train
cfcced7b-2dd2-4a55-b948-411e41dd4b5f,gp_set_0002,gp_set_0002_vid_0002.MP4,gp_5313,1294,1308,train
2e7b6d76-74a3-4a00-baa4-5e7049401431,gp_set_0003,gp_set_0003_vid_0003.MP4,gp_3139,14261,14275,test
71fe2d87-b196-4370-aff4-ed1e10f23736,gp_set_0004,gp_set_0004_vid_0003.MP4,gp_3658,19302,19316,train
80f5b0ed-226a-4f57-aa18-b2e35d60a761,gp_set_0004,gp_set_0004_vid_0002.MP4,gp_3926,7139,7153,train
d5146d4a-0132-4fa2-937f-ad254d2ef520,gp_set_0003,gp_set_0003_vid_0004.MP4,gp_2645,191,205,test
c5765884-ac24-4d47-af8d-be05c9c381ca,gp_set_0004,gp_set_0004_vid_0002.MP4,gp_3820,15558,15572,train
ddba13d1-98bd-4371-b583-19936f97a093,gp_set_0002,gp_set_0002_vid_0001.MP4,gp_4243,16183,16197,train
b18c0398-674e-4506-805c-cc8846ed726f,gp_set_0001,gp_set_0001_vid_0007.MP4,gp_979,723,737,train
c3f8bb45-ac10-4963-82ac-1f4e650cc46f,gp_set_0001,gp_set_0001_vid_0008.MP4,gp_724,3167,3181,train
7d3d74cf-d788-4f8c-b822-2777f2dfa505,gp_set_0006,gp_set_0006_vid_0001.MP4,gp_1793,2677,2691,train
51b17895-9416-42ba-96ed-8e2590d2b8a8,gp_set_0001,gp_set_0001_vid_0005.MP4,gp_713,14566,14580,train
65a083be-fd84-40da-9bb6-00c2be431a39,gp_set_0001,gp_set_0001_vid_0008.MP4,gp_328,6776,6790,train
79b9a1c9-1a6f-40c0-93e2-ea25ad3afbcd,gp_set_0001,gp_set_0001_vid_0008.MP4,gp_1000,7949,7963,train
d27d46a6-d535-42bf-a2da-4528e32addee,gp_set_0002,gp_set_0002_vid_0002.MP4,gp_4931,4829,4843,train
1821e1f3-1485-43ff-93b4-49cf1b36bdbf,gp_set_0001,gp_set_0001_vid_0007.MP4,gp_1219,10632,10646,train
5032dfc1-e47e-4900-b83d-fd13fde32e4e,gp_set_0001,gp_set_0001_vid_0006.MP4,gp_911,14953,14967,train
6994c07d-71bd-407c-994b-75574cdefaad,gp_set_0004,gp_set_0004_vid_0003.MP4,gp_2790,7938,7952,train
63426d8e-343d-45a0-b7d1-227ba9ffaefe,gp_set_0003,gp_set_0003_vid_0002.MP4,gp_2225,9537,9551,test
cc5760b8-899b-402b-a196-dd949b857360,gp_set_0008,gp_set_0008_vid_0005.MP4,gp_6079,3209,3223,test
799f5420-db28-48c2-9cf6-5165eabb59bf,gp_set_0002,gp_set_0002_vid_0001.MP4,gp_4379,13017,13031,train
4c6b786a-4fa9-451b-8809-a5a28797ab2f,gp_set_0003,gp_set_0003_vid_0002.MP4,gp_2404,11731,11745,test
9136acdc-c613-40e4-8546-3782a76960bd,gp_set_0002,gp_set_0002_vid_0002.MP4,gp_4891,3376,3390,train
8e92346e-b09e-422e-a340-b994e2d18349,gp_set_0001,gp_set_0001_vid_0006.MP4,gp_1033,19225,19239,train
3b565cd7-fd38-4b15-856a-e540ec30d016,gp_set_0004,gp_set_0004_vid_0005.MP4,gp_5737,5970,5984,train
cb498bd3-70d4-4739-a2e7-7e7d7afac58a,gp_set_0003,gp_set_0003_vid_0002.MP4,gp_1750,430,444,test
4d4cb283-ce24-4a51-8b21-237ec9725ff0,gp_set_0003,gp_set_0003_vid_0003.MP4,gp_3230,19809,19823,test
b1b8860b-521d-45a2-a9e2-5d8ba14a11bb,gp_set_0003,gp_set_0003_vid_0002.MP4,gp_2356,10964,10978,test
0661f214-6cb5-41d6-ad8a-fa49ebf5037f,gp_set_0004,gp_set_0004_vid_0001.MP4,gp_3564,2020,2034,train
6aa99baf-d39d-4f86-9e99-715602324082,gp_set_0001,gp_set_0001_vid_0002.MP4,gp_457,8709,8723,train
4ca58155-15c1-41ae-ae05-49d7caf40372,gp_set_0004,gp_set_0004_vid_0002.MP4,gp_3822,15547,15561,train
4c075fae-48c6-4084-b9a0-918e03136026,gp_set_0004,gp_set_0004_vid_0002.MP4,gp_3828,12663,12677,train
19ff316a-d9a3-4c20-a16a-a0305088b64a,gp_set_0001,gp_set_0001_vid_0006.MP4,gp_749,6585,6599,train
a5b926a0-ce45-41fc-9c2e-6c552e1a5638,gp_set_0001,gp_set_0001_vid_0005.MP4,gp_778,17715,17729,train
bc7926fb-9933-46f2-9e69-94c3c853ea42,gp_set_0004,gp_set_0004_vid_0003.MP4,gp_2648,6259,6273,train
42a0ed29-57f2-4815-a899-e9152fb21acb,gp_set_0001,gp_set_0001_vid_0005.MP4,gp_346,10917,10931,train
bc5787e6-f3c2-4a6f-aa15-92e2aab58705,gp_set_0004,gp_set_0004_vid_0002.MP4,gp_3829,12716,12730,train
f42dec79-1d4d-44a8-983a-a57882277ac6,gp_set_0003,gp_set_0003_vid_0002.MP4,gp_2642,14756,14770,test
d28cbd24-d058-4f74-810c-a075c8d9ef94,gp_set_0005,gp_set_0005_vid_0005.MP4,gp_5833,7697,7711,test
5d57eee3-c78a-4239-a0fc-85b8c8d73f40,gp_set_0004,gp_set_0004_vid_0002.MP4,gp_3988,11286,11300,train
3f578b32-2b7b-4522-b86f-7d8414d0be7a,gp_set_0001,gp_set_0001_vid_0006.MP4,gp_1012,18917,18931,train
61b342af-d182-43cd-a02e-c2cb5931f900,gp_set_0003,gp_set_0003_vid_0004.MP4,gp_3317,13841,13855,test
545c9512-5166-4d15-ac3c-8ec62f84e2bc,gp_set_0001,gp_set_0001_vid_0008.MP4,gp_341,7063,7077,train
e68309fa-9df9-4ac2-b425-9c6ce8bca495,gp_set_0003,gp_set_0003_vid_0002.MP4,gp_2192,9438,9452,test
31956b93-d8a8-45cf-948c-6b95634047fd,gp_set_0001,gp_set_0001_vid_0008.MP4,gp_757,3952,3966,train
f86578c0-3c20-4b45-824f-5432fe9ce869,gp_set_0001,gp_set_0001_vid_0008.MP4,gp_718,2875,2888,train
2dc33c20-0213-4d76-a920-bea244d8567e,gp_set_0004,gp_set_0004_vid_0003.MP4,gp_2812,8049,8063,train
0a0aeece-40c1-4180-b537-a58a53099910,gp_set_0001,gp_set_0001_vid_0002.MP4,gp_402,1156,1170,train
4aed21b8-9d79-40c6-aaaf-00b93788f2fe,gp_set_0004,gp_set_0004_vid_0003.MP4,gp_3426,15384,15398,train
52b9edda-6963-4c00-a37b-5a22f4809d9c,gp_set_0003,gp_set_0003_vid_0004.MP4,gp_3324,13954,13968,test
619da66b-2dc0-4c5a-8272-099d9b1fb9db,gp_set_0003,gp_set_0003_vid_0004.MP4,gp_3144,12148,12162,test
1960ef10-ed62-4ad2-a1f7-fb20b6be7aa5,gp_set_0004,gp_set_0004_vid_0001.MP4,gp_3577,2379,2393,train
b8070ce3-5b28-474a-970b-477d1d677a68,gp_set_0001,gp_set_0001_vid_0008.MP4,gp_1079,9412,9426,train
828031dd-ee21-4501-8fe8-61b06fe50aa4,gp_set_0001,gp_set_0001_vid_0005.MP4,gp_522,3488,3502,train
2801c8a7-f574-4b36-b578-9f1a7724d40f,gp_set_0003,gp_set_0003_vid_0002.MP4,gp_2253,9693,9707,test
c9dca8c8-f2fe-4a7f-be3e-02e9cdd4d2eb,gp_set_0004,gp_set_0004_vid_0005.MP4,gp_5807,6249,6263,train
6e9f82c5-4d69-4f89-8168-4ca3f76e4e05,gp_set_0004,gp_set_0004_vid_0005.MP4,gp_5682,3343,3357,train
afc10fce-8800-4e45-8bd9-fc9c6a1fc618,gp_set_0001,gp_set_0001_vid_0006.MP4,gp_933,15184,15198,train
299f1993-73be-43a9-8e73-63e519142ffc,gp_set_0001,gp_set_0001_vid_0005.MP4,gp_559,4397,4411,train
d5b78885-39ed-434e-b3e7-1135849b0157,gp_set_0003,gp_set_0003_vid_0002.MP4,gp_2216,9490,9504,test
4f1d9ac3-7165-415f-b515-f8c37d976a4c,gp_set_0005,gp_set_0005_vid_0002.MP4,gp_4173,6072,6086,test
3e6fffde-60bc-46c3-88d0-90a94829360a,gp_set_0006,gp_set_0006_vid_0001.MP4,gp_1942,6466,6480,train
1876a493-87e8-40bb-90fe-c80c41e7d335,gp_set_0004,gp_set_0004_vid_0005.MP4,gp_5710,5726,5740,train
77d635ff-8f73-46ca-bdd7-671cddd26556,gp_set_0005,gp_set_0005_vid_0001.MP4,gp_1379,3665,3679,test
758e1833-768a-45c7-931d-a0a1b8c55722,gp_set_0002,gp_set_0002_vid_0002.MP4,gp_4898,3782,3796,train
e28b59a0-b0ea-48f3-a651-bba524881231,gp_set_0001,gp_set_0001_vid_0008.MP4,gp_1293,13300,13314,train
25f6b864-d7a2-4fe5-a6c5-478ab278cd9b,gp_set_0001,gp_set_0001_vid_0007.MP4,gp_1318,16320,16334,train
5fbb1de3-e06b-4bc6-9c26-0fe1b45e7f33,gp_set_0002,gp_set_0002_vid_0005.MP4,gp_3749,2359,2373,train
b7b5091b-e572-45cc-bde7-e11df841bb2d,gp_set_0007,gp_set_0007_vid_0004.MP4,gp_6555,8132,8146,train
1212cc0d-7671-4b85-b32c-f1698b59db38,gp_set_0005,gp_set_0005_vid_0001.MP4,gp_1287,352,366,test
d883b217-e464-4807-aa01-74101472fd4a,gp_set_0005,gp_set_0005_vid_0001.MP4,gp_1481,5029,5043,test
f723c318-cf77-4ba9-a535-a587028a085a,gp_set_0002,gp_set_0002_vid_0001.MP4,gp_4330,17238,17252,train
88f7f810-2157-4f42-a546-eb5656b24cd8,gp_set_0001,gp_set_0001_vid_0006.MP4,gp_710,6215,6229,train
53dd767b-b367-41e5-b250-b85175652499,gp_set_0001,gp_set_0001_vid_0006.MP4,gp_747,6514,6528,train
ef9f3ba5-eabc-46f7-a439-fdc51eb057b2,gp_set_0001,gp_set_0001_vid_0007.MP4,gp_1111,12615,12629,train
c0d0d522-1dc0-4254-ad88-580921be7225,gp_set_0001,gp_set_0001_vid_0005.MP4,gp_605,8867,8881,train
3c2046bb-11ac-4e71-8fea-b62b30d79cad,gp_set_0002,gp_set_0002_vid_0002.MP4,gp_4840,1217,1231,train
10fda228-9439-4217-92eb-5fc50d7d21d0,gp_set_0004,gp_set_0004_vid_0003.MP4,gp_3375,14704,14718,train
65bc8102-8b7d-4c98-89b4-6254fc695c0a,gp_set_0003,gp_set_0003_vid_0002.MP4,gp_1790,1769,1783,test
79fd2346-2174-41b0-9fea-1a5da8531b6b,gp_set_0003,gp_set_0003_vid_0002.MP4,gp_2017,7004,7018,test
c6a8705c-3091-44e3-bd3d-17ab769137e0,gp_set_0001,gp_set_0001_vid_0007.MP4,gp_1501,18240,18254,train
4f6ffe05-d315-429f-874a-03f54b53985f,gp_set_0002,gp_set_0002_vid_0004.MP4,gp_4169,13061,13075,train
1335288c-a14b-4044-b64a-e3861de9f574,gp_set_0005,gp_set_0005_vid_0001.MP4,gp_1467,4537,4551,test
c142fc6a-d766-420b-8ede-5d6397f63cf9,gp_set_0003,gp_set_0003_vid_0003.MP4,gp_2880,440,454,test
834ecdd9-9371-4e7c-b3d1-3cf273b6a7de,gp_set_0001,gp_set_0001_vid_0002.MP4,gp_512,11225,11239,train
b018b620-dc6b-47e4-8768-bfc9b141032a,gp_set_0006,gp_set_0006_vid_0001.MP4,gp_2068,13086,13100,train
55e56af1-24a5-408d-83ec-29d67af98d46,gp_set_0004,gp_set_0004_vid_0003.MP4,gp_3594,18329,18343,train
20d737d7-4b2e-4778-9acc-81271670bdb5,gp_set_0003,gp_set_0003_vid_0004.MP4,gp_3530,19732,19746,test
9119d12c-e660-4cd9-8029-f20892fc654f,gp_set_0002,gp_set_0002_vid_0001.MP4,gp_4384,14127,14141,train
66b43775-a7ba-4c52-9dcc-003e89c57048,gp_set_0003,gp_set_0003_vid_0001.MP4,gp_3476,292,306,test
0d5c11c9-348f-46d0-bae3-6cb830579189,gp_set_0002,gp_set_0002_vid_0001.MP4,gp_4311,1282,1296,train
e4dac4f9-3957-4a39-b368-70104904f81f,gp_set_0004,gp_set_0004_vid_0005.MP4,gp_5740,6233,6247,train
3129c022-48a7-4be9-a136-552b6d4512ee,gp_set_0004,gp_set_0004_vid_0002.MP4,gp_3806,14676,14690,train
bf89d45a-b0a4-49ba-8465-cd2c7891fb31,gp_set_0001,gp_set_0001_vid_0006.MP4,gp_858,10315,10329,train
5c89fff8-e1a8-4f75-afc2-56f67764b6d0,gp_set_0001,gp_set_0001_vid_0003.MP4,gp_21,692,706,train
8ae7dcea-4c7a-44e6-88a5-20d707c042ec,gp_set_0003,gp_set_0003_vid_0002.MP4,gp_2543,13683,13697,test
e30746d2-31dc-4f38-b225-40d23b07856f,gp_set_0001,gp_set_0001_vid_0005.MP4,gp_855,18391,18405,train
716367f2-cd76-4e53-be69-ce39adfcaeaf,gp_set_0004,gp_set_0004_vid_0002.MP4,gp_3878,3678,3692,train
f27d25c1-1e5b-458d-9f3d-f81455b7c880,gp_set_0004,gp_set_0004_vid_0002.MP4,gp_3962,9202,9216,train
6b280f53-a375-4a68-8304-8f43890690b6,gp_set_0008,gp_set_0008_vid_0005.MP4,gp_6166,4095,4109,test
fffba5c6-4c61-414f-a1ef-d8cc8967d99f,gp_set_0005,gp_set_0005_vid_0005.MP4,gp_5850,6578,6592,test
280a6db0-796b-4f36-a1fa-525a74813cf8,gp_set_0003,gp_set_0003_vid_0002.MP4,gp_2817,19466,19480,test
7f8117d0-e895-4f37-aba8-f7843e302879,gp_set_0003,gp_set_0003_vid_0002.MP4,gp_2337,10800,10814,test
11fa2182-90c7-4314-92b0-bb3e1c5f344e,gp_set_0001,gp_set_0001_vid_0002.MP4,gp_496,10403,10417,train
2047328e-31ba-4894-9665-f3bf8efa86d1,gp_set_0004,gp_set_0004_vid_0002.MP4,gp_3965,9374,9388,train
a12b903f-0520-4429-bf91-745325cd0f8c,gp_set_0001,gp_set_0001_vid_0006.MP4,gp_947,15744,15758,train
9cff5128-5cf9-4c0f-ae15-a266d7f45e9f,gp_set_0001,gp_set_0001_vid_0006.MP4,gp_793,7845,7859,train
afd96c27-9e9e-4869-b6c5-9dbf48ae0a57,gp_set_0005,gp_set_0005_vid_0002.MP4,gp_4170,5901,5915,test
c8e28d65-7011-42d9-9c51-4528ec996487,gp_set_0004,gp_set_0004_vid_0002.MP4,gp_3913,6037,6051,train
61b66673-ebbd-4759-ae13-e3c1baffa17b,gp_set_0003,gp_set_0003_vid_0002.MP4,gp_1736,120,134,test
28171968-59b8-42c0-a0d4-c60e5d73451e,gp_set_0004,gp_set_0004_vid_0003.MP4,gp_2805,8002,8016,train
69ceb17f-1ebd-4461-b0ba-14f3a849b1ca,gp_set_0003,gp_set_0003_vid_0002.MP4,gp_2597,14504,14518,test
b8957cf1-772d-43c6-99dc-0c8d7105f851,gp_set_0004,gp_set_0004_vid_0005.MP4,gp_5631,1735,1749,train
305edc26-10e6-4a2b-b63f-670e8380e987,gp_set_0003,gp_set_0003_vid_0002.MP4,gp_2666,15009,15023,test
590bc97a-2725-4f3d-92d2-25e056e79da7,gp_set_0001,gp_set_0001_vid_0005.MP4,gp_839,18124,18138,train
ee5c01b7-f66f-4abf-9ba3-6a2503e697eb,gp_set_0004,gp_set_0004_vid_0005.MP4,gp_5689,3539,3553,train
c4a02dbf-dbc0-4e8c-9990-f5531fbf09ad,gp_set_0001,gp_set_0001_vid_0007.MP4,gp_1591,20405,20419,train
af369d20-f790-4f78-8b46-b1f02cc73a1b,gp_set_0001,gp_set_0001_vid_0008.MP4,gp_1123,11449,11463,train
8416c545-f94d-4e64-8cb6-b9c7e1e2f748,gp_set_0001,gp_set_0001_vid_0007.MP4,gp_1304,16136,16150,train
309bd095-6c89-417e-97d7-3d5055eb33ff,gp_set_0003,gp_set_0003_vid_0004.MP4,gp_2754,4618,4632,test
c55bf3ea-3e7e-4037-b79d-a8948f9e0023,gp_set_0001,gp_set_0001_vid_0008.MP4,gp_1093,9576,9590,train
3cad0810-34ae-4b72-b77d-a78be22149e9,gp_set_0003,gp_set_0003_vid_0004.MP4,gp_2678,1494,1508,test
3981fa1c-c916-4a1a-925f-e498f5e5ee30,gp_set_0004,gp_set_0004_vid_0003.MP4,gp_3407,15012,15026,train
20cdf6e6-b766-4596-bd46-aa35eff40225,gp_set_0003,gp_set_0003_vid_0002.MP4,gp_1838,2613,2627,test
f55d5f70-d65b-4a5a-a751-8cc83981b501,gp_set_0001,gp_set_0001_vid_0007.MP4,gp_975,184,198,train
816d4bbe-74a4-4939-bba6-03877bab8a73,gp_set_0005,gp_set_0005_vid_0005.MP4,gp_5835,7695,7709,test
a49f24a6-7930-492d-aca1-8e9b3e4645d9,gp_set_0003,gp_set_0003_vid_0002.MP4,gp_1835,2600,2614,test
0aba2f5d-d8ae-42b1-83e8-4710b796f58d,gp_set_0003,gp_set_0003_vid_0001.MP4,gp_3449,6749,6763,test
8190307c-e637-44ba-9978-2ff874c1c593,gp_set_0006,gp_set_0006_vid_0001.MP4,gp_1884,4960,4974,train
6cb4744c-639c-4ab8-a48a-0d615bb8d47f,gp_set_0001,gp_set_0001_vid_0003.MP4,gp_42,4089,4103,train
46cbfee2-4ce3-420d-a055-57f90b3c1d4d,gp_set_0008,gp_set_0008_vid_0001.MP4,gp_5974,6507,6521,test
965556ca-b6f9-4c2b-a8e4-3fc978d4656e,gp_set_0001,gp_set_0001_vid_0005.MP4,gp_366,12113,12127,train
d09b2437-4469-4093-b204-e32730d84a1c,gp_set_0001,gp_set_0001_vid_0007.MP4,gp_1232,14906,14920,train
d1aa032a-c2a1-4363-905d-65a2e6d75212,gp_set_0003,gp_set_0003_vid_0003.MP4,gp_3178,17205,17219,test
d17cf159-e9df-4bf1-a85b-2dea93075ea9,gp_set_0002,gp_set_0002_vid_0002.MP4,gp_5427,10716,10730,train
04927272-d378-43b4-991e-fc6a4f1f6003,gp_set_0004,gp_set_0004_vid_0002.MP4,gp_4002,12430,12444,train
4694a991-f8ec-43ab-a248-c5bc4ecb6221,gp_set_0004,gp_set_0004_vid_0003.MP4,gp_3054,10941,10955,train
c75a5860-dba9-4b72-92cc-b6bd7e515ac2,gp_set_0001,gp_set_0001_vid_0007.MP4,gp_1590,20408,20422,train
94c30860-cf22-49b4-ba71-bd329b81655e,gp_set_0001,gp_set_0001_vid_0006.MP4,gp_1055,19877,19891,train
5b477e9a-286b-4e8c-872e-ec0ddbeb9ea8,gp_set_0001,gp_set_0001_vid_0002.MP4,gp_588,13587,13601,train
ed60a141-1f34-4175-8fa2-74eaccadf664,gp_set_0004,gp_set_0004_vid_0005.MP4,gp_5787,7104,7118,train
44940e5e-e10b-421f-ba00-5d5a8cd04611,gp_set_0001,gp_set_0001_vid_0001.MP4,gp_210,12891,12905,train
64694ff1-6a38-4d03-9025-dabc6274ce5b,gp_set_0003,gp_set_0003_vid_0001.MP4,gp_3313,15450,15464,test
486a88ab-722c-4aa0-8a91-27745f48b7c9,gp_set_0003,gp_set_0003_vid_0004.MP4,gp_2964,10204,10218,test
2c7fbd69-f7cf-45f2-b1f2-88e8a5447520,gp_set_0004,gp_set_0004_vid_0003.MP4,gp_3620,18633,18647,train
4f58b8db-f7f0-4f45-9fbd-2c0a9d31b3d0,gp_set_0003,gp_set_0003_vid_0002.MP4,gp_2567,13997,14011,test
96b9cfe9-6a93-4627-a414-345fa0809b75,gp_set_0001,gp_set_0001_vid_0006.MP4,gp_1032,19215,19229,train
9ff63d23-8498-44be-84b9-68176681434b,gp_set_0004,gp_set_0004_vid_0005.MP4,gp_5602,7436,7450,train
a72ca5e8-62bd-4c5a-8db5-0aa222393dd6,gp_set_0003,gp_set_0003_vid_0004.MP4,gp_2890,8962,8976,test
70580b02-cdc2-4599-bd0b-484a132b693d,gp_set_0003,gp_set_0003_vid_0002.MP4,gp_2322,10757,10771,test
e8d8cd71-6aed-472b-ba68-71de4f6ddb5c,gp_set_0001,gp_set_0001_vid_0007.MP4,gp_1227,14878,14892,train
1ec2f390-3997-469b-8937-9bff7602dca0,gp_set_0003,gp_set_0003_vid_0002.MP4,gp_1778,1654,1668,test
a5b79a7c-9192-45cd-bcbf-34d4820f5b95,gp_set_0003,gp_set_0003_vid_0002.MP4,gp_2681,15117,15131,test
6e782b23-dfa3-431e-845c-7cd323b4c028,gp_set_0005,gp_set_0005_vid_0005.MP4,gp_5858,6642,6656,test
4248baef-c16d-47e3-8ee3-d6ec06997b5e,gp_set_0001,gp_set_0001_vid_0002.MP4,gp_430,3165,3179,train
646b5bba-09f6-43a9-9045-fc02a585a52d,gp_set_0001,gp_set_0001_vid_0005.MP4,gp_355,11493,11507,train
47ee395a-cf7a-474d-9d40-73feea5d572f,gp_set_0004,gp_set_0004_vid_0002.MP4,gp_3933,8098,8112,train
0c2599ce-719f-442e-8c10-739010c53019,gp_set_0003,gp_set_0003_vid_0002.MP4,gp_2186,9311,9325,test
77e10cbc-b043-4cf4-b438-fb1cf5dd2356,gp_set_0001,gp_set_0001_vid_0007.MP4,gp_1537,18782,18796,train
38678383-26d2-446f-9e34-a833e388bfe5,gp_set_0001,gp_set_0001_vid_0008.MP4,gp_754,3867,3881,train
be1f8dcd-e087-4a48-96df-df9d128c42d8,gp_set_0006,gp_set_0006_vid_0001.MP4,gp_1787,2336,2350,train
d99eb0ed-a50f-485a-9fce-97eaf7e7e618,gp_set_0004,gp_set_0004_vid_0002.MP4,gp_3923,6729,6743,train
d6ea7544-1c62-4902-8fa1-ecdfde8ebbb0,gp_set_0008,gp_set_0008_vid_0004.MP4,gp_6528,10188,10202,test