uuid,set,video,pedestrian_id,start_frame,end_frame,split
323c5431-b98e-4d5a-bd8a-22f6af2618cd,set03,video_0016.mp4,3_16_911,12915,12929,test
46404a24-78a8-445e-bd28-6099b6fa4266,set04,video_0006.mp4,4_6_1246,6122,6136,train
c8a2310f-700b-4ce9-b426-b24adf6cdc86,set04,video_0001.mp4,4_1_1030,14792,14806,train
239c8210-aca9-41ea-b586-9ab6dae6d45c,set03,video_0002.mp4,3_2_304,12599,12613,test
ea13f064-a8b3-44ee-ae74-314b55a8d85a,set03,video_0009.mp4,3_9_592,3038,3052,test
2ef736a1-4142-477d-ba47-f4db29426381,set04,video_0009.mp4,4_9_1413,4894,4908,train
e58f7926-21f8-4fa0-91ce-116fdbec225c,set04,video_0006.mp4,4_6_1283,17747,17761,train
dbd91e34-aee3-467c-92ca-f3eeab8e710f,set01,video_0003.mp4,1_3_79,11422,11436,train
59f30f57-5981-4076-ad26-ccb2a00d9b33,set04,video_0013.mp4,4_13_1656,17681,17695,train
98fc56e5-6724-4859-aac0-b20c6ac62250,set04,video_0008.mp4,4_8_1383,6154,6168,train
faa60d28-b080-4666-9de7-0273d3aae812,set04,video_0010.mp4,4_10_1484,2716,2730,train
d78c12e4-861c-4c7d-8939-aa09d66e69d2,set04,video_0008.mp4,4_8_1394,10183,10197,train
5e84b363-720b-4e75-b12a-fbaac7ef86dc,set04,video_0009.mp4,4_9_1464,14558,14572,train
bef87b42-d3b7-4e2a-96c4-cded39c3d2e2,set04,video_0005.mp4,4_5_1210,9497,9511,train
b056a3c7-f62b-4e45-9d65-ff2aca8b5311,set04,video_0007.mp4,4_7_1302,3903,3917,train
4ef0c466-51b8-4150-be4b-c799fdc323a9,set03,video_0004.mp4,3_4_381,15706,15720,test
a9a7442c-705e-4612-870d-62b7408b0d0d,set04,video_0008.mp4,4_8_1404,14321,14335,train
0d8f233e-b36e-4915-bf8f-76332633152e,set04,video_0003.mp4,4_3_1126,1530,1544,train
445bef2f-3bc4-498e-9375-1097215bebb9,set04,video_0012.mp4,4_12_1599,12996,13010,train
ad5a33ba-894c-4095-aaf2-89087d3056b8,set03,video_0005.mp4,3_5_420,13181,13195,test
3321c258-7239-4d0c-b42a-f1f822f99dcb,set02,video_0002.mp4,2_2_152,5731,5745,train
00e1c70a-cda1-4f40-8c9a-06e6ba1858c6,set03,video_0014.mp4,3_14_816,404,418,test
a3aed183-edf7-444e-b819-1d254d18f9de,set04,video_0008.mp4,4_8_1403,12423,12437,train
8bb684d2-3ed0-46b3-92ab-7765160b684f,set03,video_0009.mp4,3_9_622,14009,14023,test
207dcecc-9446-456f-b8ac-82318882e0c7,set04,video_0016.mp4,4_16_1711,383,397,train
97665595-d99a-4997-9c3a-177880f15c10,set03,video_0003.mp4,3_3_340,20123,20137,test
e481ce1f-aebe-4a21-8d15-fa1230559abc,set03,video_0016.mp4,3_16_906,9664,9678,test
9b711a8f-c122-4c6e-becb-44300a463dde,set04,video_0009.mp4,4_9_1417,4894,4908,train
a00e58e0-7447-45ed-a90f-3065b5e2ddef,set03,video_0011.mp4,3_11_711,14487,14501,test
1e282fed-674d-4045-b187-32c78bbc5d2f,set04,video_0009.mp4,4_9_1454,10247,10261,train
ce704348-e6b4-4062-977a-72ae127dde0d,set03,video_0004.mp4,3_4_361,12013,12027,test
acabe340-90ae-434a-8008-3cee89c65edf,set04,video_0007.mp4,4_7_1330,10531,10545,train
34d609c3-885e-4ff8-8c7a-e0d931b2f90d,set04,video_0007.mp4,4_7_1352,13168,13182,train
efa6d341-1230-4afe-af5e-47058bd577cd,set04,video_0009.mp4,4_9_1428,6746,6760,train
8e300400-629b-43f8-9ad8-cb8bf8522023,set01,video_0003.mp4,1_3_85,13084,13098,train
6005b540-b294-42dd-8184-b919d5888f4c,set03,video_0005.mp4,3_5_384,1607,1621,test
504f5330-f8bf-48ac-8df7-b87b37f92f31,set04,video_0007.mp4,4_7_1336,11562,11576,train
02c0c160-377c-4b75-9e64-27550bc7e65a,set01,video_0003.mp4,1_3_72,9871,9885,train
392c5454-629c-4de8-8637-8fce8aa2be84,set03,video_0015.mp4,3_15_843,4063,4077,test
4949f726-f42d-49fa-85eb-f010c5fbb4c4,set04,video_0015.mp4,4_15_1700,9563,9577,train
b50ce85e-b7a2-4fc4-bd2a-cd4514a9148d,set01,video_0003.mp4,1_3_86,13768,13782,train
33e7620b-afcb-4629-8ca7-36b4c926c199,set04,video_0010.mp4,4_10_1494,5808,5822,train
14f0f8fc-b039-41a3-8667-e6e2b38a1eb7,set04,video_0015.mp4,4_15_1679,3604,3618,train
19c3a558-07a5-433c-9770-b124bed718c3,set03,video_0009.mp4,3_9_617,11157,11171,test
286218dd-6115-4e0b-b34f-7a3403ae5921,set01,video_0003.mp4,1_3_69,4715,4729,train
815b27d0-3756-4b0f-b264-81d2152d5e20,set03,video_0005.mp4,3_5_393,2735,2749,test
53229390-6c7e-466c-8db8-a234436fff5b,set04,video_0007.mp4,4_7_1324,6805,6819,train
d0ad12ad-62ca-425a-9ed4-0daa18caa22f,set04,video_0004.mp4,4_4_1192,6381,6395,train
a1fb91d6-f421-495a-b0eb-80f59e20f366,set04,video_0013.mp4,4_13_1636,1755,1769,train
1ca1c554-5594-41aa-b1f7-841227eb395a,set03,video_0013.mp4,3_13_809,4616,4630,test
95ecf016-dabf-4981-bf35-3f63206c25e8,set04,video_0012.mp4,4_12_1605,16578,16592,train
899e39d2-b2f1-4aa9-874e-36aa6a672fe8,set01,video_0002.mp4,1_2_32,7701,7715,train
46b977d0-26e1-42b0-9cc2-143d003156eb,set04,video_0001.mp4,4_1_1032,14806,14820,train
0eb10611-a8e3-4fb3-97c9-6c3684c456f6,set03,video_0003.mp4,3_3_339,20081,20095,test
a5e0c3e5-ede0-4665-a0b8-c4d0732a8363,set01,video_0003.mp4,1_3_65,3634,3648,train
baa9706f-dfe4-42df-9318-c05407e20157,set03,video_0007.mp4,3_7_518,15162,15176,test
0f5ad698-8fcb-4220-bbb5-b5255225120e,set01,video_0002.mp4,1_2_42,12274,12288,train
98568c7c-2349-4fb5-add6-3f0dd2d4f4af,set04,video_0009.mp4,4_9_1427,6446,6460,train
4472e276-eec2-4026-93b1-92b1f5c20709,set04,video_0007.mp4,4_7_1345,12184,12198,train
d1b6ae3a-2897-419f-ae39-4bb74ce7936e,set03,video_0010.mp4,3_10_651,4240,4254,test
216b0c84-49d7-400e-bedb-387f92b277dc,set04,video_0011.mp4,4_11_1536,13847,13861,train
58388728-bc77-4f9d-87c3-decc2add49b9,set03,video_0019.mp4,3_19_996,7892,7906,test
b1bfd951-ee7a-4c32-8a45-2686d4ee5526,set03,video_0003.mp4,3_3_327,17567,17581,test
5e11ea69-dd77-4be7-9fd0-1990add84f99,set03,video_0012.mp4,3_12_744,6826,6840,test
ea7ac645-e109-43aa-b178-474dbc0d9df9,set03,video_0002.mp4,3_2_303,11899,11913,test
dbf63004-1efe-49a9-8489-c82343b93cae,set03,video_0005.mp4,3_5_413,10861,10875,test
d1b41565-63db-497b-8e1d-f58fff857a0c,set02,video_0002.mp4,2_2_183,2834,2848,train
9fee440a-50cf-44cd-ac73-140d5d595a82,set01,video_0002.mp4,1_2_44,12259,12273,train
71d4010d-84a8-4045-9d27-627ddf5d32e5,set03,video_0008.mp4,3_8_538,8326,8340,test
da8f1aaf-cdb7-4242-99b8-a5be02790c73,set04,video_0007.mp4,4_7_1300,3686,3700,train
53736ede-c88a-4bef-935e-d1059919aa91,set04,video_0004.mp4,4_4_1193,8294,8308,train
3ba7d551-8554-4f97-9f7a-5872cfe8f6b3,set02,video_0002.mp4,2_2_150,5296,5310,train
c92e700b-757a-491d-a184-a18abca93112,set03,video_0012.mp4,3_12_750,7433,7447,test
69c028b3-cf07-42ce-9286-8ceb93e0c40e,set04,video_0006.mp4,4_6_1235,3067,3081,train
db487c14-a07a-435a-94a9-7232751041b3,set03,video_0015.mp4,3_15_833,3323,3337,test
aa797fdf-15aa-4e01-a994-d10531736007,set04,video_0002.mp4,4_2_1094,12795,12809,train
6171338e-7386-4a32-af9a-58bb50f36388,set04,video_0002.mp4,4_2_1055,2584,2598,train
9e342db3-6b47-44b0-856c-4fa810a47d1e,set04,video_0009.mp4,4_9_1468,15431,15445,train
7ca3fac2-be75-4952-b409-f1fdd00b10ea,set03,video_0016.mp4,3_16_936,3261,3275,test
b5d406bd-550e-4730-b562-995defae7458,set03,video_0006.mp4,3_6_437,6816,6830,test
991c3dab-0364-41ae-b39c-b0fb448827fb,set04,video_0008.mp4,4_8_1395,10235,10249,train
0743b6f0-5508-43a7-8b91-3b81630b7347,set02,video_0002.mp4,2_2_193,4400,4414,train
eb8f1ea9-b6d8-45a9-81d8-732cce1b1332,set04,video_0012.mp4,4_12_1620,18027,18041,train
929dae1b-73b7-4c2d-a592-8e2d5e46f2e3,set04,video_0012.mp4,4_12_1609,17349,17363,train
7b855fa7-802c-40c7-8100-fc978eae3620,set04,video_0005.mp4,4_5_1221,13496,13510,train
f8a9f9c1-b706-4c07-b23b-d0e02d13a499,set03,video_0006.mp4,3_6_433,6803,6817,test
28c26d42-68c1-4818-ba9d-81c11670f0db,set03,video_0007.mp4,3_7_519,15592,15606,test
fd6c7929-76d3-4efd-b0a7-5d47ae8e0dae,set01,video_0001.mp4,1_1_5,1456,1470,train
e3a5473b-69ea-40fb-a362-b97adbc3355e,set02,video_0003.mp4,2_3_200,1402,1416,train
f43b0b2a-8d27-4a55-8af4-e5328eadbb74,set04,video_0004.mp4,4_4_1184,4516,4530,train
52da099b-45e9-4fab-89a4-9fec914268ae,set03,video_0003.mp4,3_3_337,20070,20084,test
68f284b6-319c-45ac-b415-2514402bb2cf,set03,video_0018.mp4,3_18_969,9581,9595,test
2611e121-2e55-4045-9823-598ea631d0d7,set01,video_0002.mp4,1_2_40,12212,12226,train
96a03d16-3578-48d2-a9c6-7b202d295eb8,set04,video_0002.mp4,4_2_1084,11699,11713,train
f4d37831-5547-4f62-883d-82e0ba6ec728,set01,video_0003.mp4,1_3_89,15721,15735,train
cff754d5-0da0-4216-8557-bd9a4cb4027d,set04,video_0003.mp4,4_3_1123,926,940,train
17165ac7-3a05-43a7-b2d2-89828c24fb99,set02,video_0002.mp4,2_2_165,12304,12318,train
22c035c4-6073-417f-bf75-d06cc3c4b0d3,set03,video_0017.mp4,3_17_962,9550,9564,test
82fab437-7cc6-4756-854f-ae02f631b6e7,set03,video_0012.mp4,3_12_738,3949,3963,test
379b48f1-240a-45f5-8269-1faaca825f9f,set04,video_0010.mp4,4_10_1491,5408,5422,train
6c6da5f6-8a15-4e98-a5d3-66ac981051e1,set01,video_0002.mp4,1_2_58,11956,11970,train
196af298-9753-4d76-b8d8-8719ef34a505,set04,video_0001.mp4,4_1_1029,14792,14806,train
cd028ed4-bc7a-41e6-a018-7da174ac6c4d,set04,video_0002.mp4,4_2_1103,13546,13560,train
c07019cc-2313-4d93-8a47-66bd592a8d2b,set04,video_0001.mp4,4_1_1026,13471,13485,train
df54945b-3edc-4251-af67-ad1a1b3ee8a2,set02,video_0001.mp4,2_1_119,7323,7337,train
c2bb33b2-449c-4673-b5d9-a0a9332f2ba5,set04,video_0006.mp4,4_6_1257,9428,9442,train
4e950706-3fad-4c15-815d-6eabc3e93f6b,set02,video_0001.mp4,2_1_118,7207,7221,train
0ea0d865-8101-4bb9-b4f4-af300e212b8f,set03,video_0006.mp4,3_6_441,7585,7599,test
86e469cd-3883-46bd-852d-4a355febf85b,set04,video_0012.mp4,4_12_1546,1112,1126,train
5373549a-b617-4ae1-a287-c85c0e3ebf4f,set03,video_0016.mp4,3_16_938,3456,3470,test
ccedab23-56c1-4734-98ef-414ddcb97bb3,set04,video_0010.mp4,4_10_1520,14412,14426,train
4c72bffe-1be0-4e71-9a81-5b73177c59a8,set04,video_0002.mp4,4_2_1119,14752,14766,train
1538197f-6448-494b-b9f9-0a4adbb43eb1,set04,video_0012.mp4,4_12_1586,12389,12403,train
331ec720-bd19-46d5-a1da-7473331331f8,set04,video_0007.mp4,4_7_1309,4950,4964,train
b3a2f66e-01a6-4004-80cc-7ed04d48b253,set04,video_0012.mp4,4_12_1614,17863,17877,train
b9aefd61-2fd6-459b-9e81-92997924b06c,set03,video_0007.mp4,3_7_481,4818,4832,test
3d5087a6-799c-4abe-9062-dfd6666d38bb,set03,video_0010.mp4,3_10_634,2147,2161,test
bbbc4e43-de20-4a31-9087-3513fac67026,set04,video_0011.mp4,4_11_1537,13842,13856,train
73121e1c-5468-47a4-8d18-3ae40d6d1c4e,set03,video_0004.mp4,3_4_351,9549,9563,test
236eb97a-3382-415d-bce3-87427b2627b3,set03,video_0010.mp4,3_10_682,13624,13638,test
2398b0cd-1711-4811-ace8-7ab700cb113b,set04,video_0013.mp4,4_13_1657,17681,17695,train
360133f6-721e-443a-bb20-6c112f9b6396,set04,video_0006.mp4,4_6_1251,7144,7158,train
4254352e-1612-419c-a03f-27a901dd0a59,set03,video_0015.mp4,3_15_841,4139,4153,test
8da1f508-25ad-4de1-90d0-95f036814d04,set03,video_0016.mp4,3_16_943,4064,4078,test
933673da-281d-4d84-8353-02be352b32d9,set04,video_0006.mp4,4_6_1268,15800,15814,train
47e45163-b5d9-43e2-8bd2-8953e1a2ba9b,set01,video_0003.mp4,1_3_64,3702,3716,train
bebd302e-4eba-43eb-8be0-e887c07d854b,set04,video_0001.mp4,4_1_1036,14806,14820,train
8d10d34c-7766-49c2-8a31-cc23fa752bc9,set03,video_0019.mp4,3_19_998,9605,9619,test
1d437a11-a0e4-4dd7-97e2-6de8fdbe5138,set02,video_0002.mp4,2_2_187,2930,2944,train
078b410d-5f23-42a9-b306-51fee2c0dafe,set04,video_0002.mp4,4_2_1102,13509,13523,train
2c8e6c90-7146-4817-b3e1-dd8b73496351,set02,video_0002.mp4,2_2_148,4775,4789,train
c295ce4e-96a8-4002-a03d-5f00cdf1f288,set04,video_0003.mp4,4_3_1155,14070,14084,train
9a4c71de-929b-48ac-88da-16a4dd7aa33e,set04,video_0009.mp4,4_9_1422,5663,5677,train
a74814d8-5885-41b5-9aeb-99386d1ecbef,set04,video_0004.mp4,4_4_1182,4301,4315,train
9b6b2578-c971-4735-a8a6-8d42db9cd02a,set03,video_0015.mp4,3_15_875,6980,6994,test
6af06120-ce07-471f-a28b-e64b1dff6c01,set03,video_0011.mp4,3_11_708,7900,7914,test
1c439f30-e7ca-4710-a8e1-ff50e869448e,set02,video_0001.mp4,2_1_137,12463,12477,train
b73d18c5-8168-4486-875c-e3e67b07ea9e,set03,video_0017.mp4,3_17_963,9653,9667,test
6779c974-a0e5-4cec-93ac-5f01f27c0a8f,set03,video_0005.mp4,3_5_397,3127,3141,test
3035d66a-aade-4c4f-a208-e961a08a5de6,set04,video_0005.mp4,4_5_1206,4377,4391,train
47511938-5c5b-447f-8a18-576ebd1eaf95,set04,video_0015.mp4,4_15_1681,3693,3707,train
8e96b500-4890-43c1-9f76-de8fe329791a,set04,video_0006.mp4,4_6_1265,13426,13440,train
d385da2e-a383-439e-9b53-40619eda65af,set03,video_0010.mp4,3_10_669,6494,6508,test
18f11e65-7646-408d-bec1-90126620aa3b,set04,video_0007.mp4,4_7_1337,11107,11121,train
ccbd29ad-c622-442b-bc2d-e6885818c03f,set04,video_0010.mp4,4_10_1513,13725,13739,train
ad12f3d4-f303-423f-97d2-8c52f016b58b,set03,video_0004.mp4,3_4_375,15595,15609,test
8d3770f3-b0ae-43dd-8a68-b947a0c5ddc3,set03,video_0004.mp4,3_4_370,14080,14094,test
ae7f32c0-9090-4c93-9ec0-1568d9e1c578,set03,video_0013.mp4,3_13_813,18447,18461,test
c058061f-76b7-49b2-a852-c7e1bf5cc0f0,set04,video_0002.mp4,4_2_1120,15358,15372,train
c0ba3287-2e3d-49bd-a411-e00a3e0a4312,set01,video_0003.mp4,1_3_77,9847,9861,train
58f25399-a0b1-4124-a679-5056c5c15650,set03,video_0015.mp4,3_15_858,5441,5455,test
5039edbb-2dca-4e0e-912a-776d5b0a29d5,set04,video_0012.mp4,4_12_1545,1134,1148,train
9f6db4aa-5c11-452f-9444-6a0e517c5f72,set04,video_0002.mp4,4_2_1121,15342,15356,train
0442e0c7-1c13-4ccd-9afb-12b4def500cc,set04,video_0007.mp4,4_7_1353,13168,13182,train
98e3ea2c-42cd-4852-bf72-7a5accfac2cb,set04,video_0006.mp4,4_6_1242,6114,6128,train
322f32ba-479c-4fde-a82e-3a943d0a654d,set04,video_0007.mp4,4_7_1340,11134,11148,train
5f7aae0f-2707-41a2-8ee9-e9b24e343580,set03,video_0016.mp4,3_16_910,12916,12930,test
53aee35c-19e6-4f82-9888-cc4f6dcf247a,set03,video_0015.mp4,3_15_836,3993,4007,test
268329ee-dee7-4059-ac7a-3e69e2d604dd,set04,video_0003.mp4,4_3_1158,14589,14603,train
5737bce7-51db-4ac0-9be4-583f000c17b3,set03,video_0013.mp4,3_13_814,18581,18595,test
148be72b-5096-4cfe-9189-f71d076b86cb,set04,video_0006.mp4,4_6_1238,5613,5627,train
475ddb5e-5705-4d5d-b83b-bb1bb5e0bd53,set04,video_0002.mp4,4_2_1115,14340,14354,train
1a30975d-98c3-4901-a29b-d4ad5e1851d0,set04,video_0012.mp4,4_12_1625,19169,19183,train
f84b2072-909f-4bae-9c39-b7533d891de3,set04,video_0006.mp4,4_6_1250,6255,6269,train
2d3fbdba-0c86-4e13-adb7-f5e23d0dc260,set03,video_0010.mp4,3_10_690,12143,12157,test
a76a29da-4cbf-430b-bae2-f361bf640ec5,set04,video_0004.mp4,4_4_1183,4475,4489,train
85d94d15-609b-4de0-b84d-4b4af3c8952f,set03,video_0003.mp4,3_3_336,20079,20093,test
ed159be3-24a7-415b-bfb7-be3583a028c1,set04,video_0006.mp4,4_6_1237,3706,3720,train
1215fc29-455c-4bd3-9e52-75bf5eea7850,set04,video_0002.mp4,4_2_1092,12742,12756,train
3b0cfcb4-80ab-4cd4-92a1-a690343bea6d,set04,video_0010.mp4,4_10_1507,7314,7328,train
bc111aa3-a928-49cf-9311-262babe850eb,set03,video_0012.mp4,3_12_740,5401,5415,test
fad4ef52-8863-482c-9e48-77da7c376ccf,set03,video_0012.mp4,3_12_748,7559,7573,test
afdf55ba-c8d1-435e-b862-93ed02b66f8f,set03,video_0015.mp4,3_15_863,6431,6445,test
97529d33-3a46-4150-a906-41938adc34cf,set04,video_0013.mp4,4_13_1638,1773,1787,train
63181bb4-fce6-40e3-b604-2ee4a69f6835,set04,video_0010.mp4,4_10_1522,14453,14467,train
9843f792-5031-4581-a854-415c83cf1e0f,set04,video_0005.mp4,4_5_1218,11089,11103,train
38f139da-c9cf-4edb-988e-c91eb7242dc7,set04,video_0013.mp4,4_13_1653,14052,14066,train
c3728625-bc49-42ff-9192-9bc665f8f5f3,set04,video_0007.mp4,4_7_1321,6673,6687,train
8507af20-87c1-4829-b724-11cfe2ea81e9,set03,video_0015.mp4,3_15_894,10583,10597,test
c029caa9-8e71-4f5f-9a0d-05eb839965a3,set04,video_0007.mp4,4_7_1361,15409,15423,train
12a52010-4a06-4956-822b-7080b1ef1f12,set04,video_0015.mp4,4_15_1693,7503,7517,train
81f7a965-b374-432f-89f1-c1165e7625ab,set03,video_0016.mp4,3_16_944,4523,4537,test
0cd3cdb4-07c9-44ef-b8bd-519a9edfab57,set04,video_0005.mp4,4_5_1215,11110,11124,train
1337530d-1dff-46f2-8d74-fd726ac5ee77,set04,video_0007.mp4,4_7_1323,6805,6819,train
de7c375b-670f-45bb-9495-d49a9a99671f,set04,video_0009.mp4,4_9_1420,5597,5611,train
31996a29-4ae9-4142-9416-e200fb14e5dc,set02,video_0003.mp4,2_3_196,1350,1364,train
8f1007ad-b732-44bd-bd74-344adec71464,set04,video_0005.mp4,4_5_1225,14963,14977,train
1db7be64-4d5b-4598-812e-dc3c00bd5c2d,set04,video_0002.mp4,4_2_1101,13399,13413,train
c6371d57-3263-44fb-812f-6205383e5b55,set04,video_0004.mp4,4_4_1170,688,702,train
9de4073d-2f50-4bfa-802d-b3a10297a051,set04,video_0009.mp4,4_9_1453,10247,10261,train
e80d1c47-4569-475f-aa0b-f279c4571a38,set04,video_0016.mp4,4_16_1712,383,397,train
83038399-216c-49d1-8e84-f1b4e88fe9e4,set04,video_0012.mp4,4_12_1624,18834,18848,train
7be015f9-cad1-4023-aac2-310f367d7c92,set03,video_0005.mp4,3_5_409,9928,9942,test
cabe2ccb-174b-4b2c-b487-9788bd9eec41,set03,video_0015.mp4,3_15_839,3643,3657,test
2cb642a7-0872-4b96-a9b7-aaf632ca53d2,set01,video_0003.mp4,1_3_96,17629,17643,train
11579fe5-8cca-4eb7-aa4e-15f1f57f71d4,set03,video_0015.mp4,3_15_891,7744,7758,test
a0766c3e-d336-43d4-b527-a7d9e22378c2,set03,video_0012.mp4,3_12_746,7433,7447,test
352bf88b-a7fa-451d-b1f0-f7ced5a60398,set04,video_0010.mp4,4_10_1492,5477,5491,train
5ba7725d-7dcc-469a-bf46-827250623eb0,set04,video_0012.mp4,4_12_1554,2838,2852,train
c11deaec-5d9c-417b-8343-45d32f76e763,set03,video_0001.mp4,3_1_236,4326,4340,test
2a5d1ca3-78e0-4bc5-9bff-a14221689e82,set04,video_0006.mp4,4_6_1243,6106,6120,train
abf71a6f-953c-4dd7-abe1-78d575d15ee5,set04,video_0012.mp4,4_12_1595,12826,12840,train
53715ed9-4561-4ca2-98fa-11336537e5a5,set04,video_0009.mp4,4_9_1473,16543,16557,train
1852fbce-126e-487a-bd95-b4b14329ad3e,set01,video_0002.mp4,1_2_36,8677,8691,train
10388ce8-5f91-4cd5-8813-b538781edfb7,set01,video_0004.mp4,1_4_108,3468,3482,train
74e0b4ff-27ac-4671-8d5a-5d83d608e67f,set02,video_0003.mp4,2_3_197,1150,1164,train
993cf009-52aa-467f-8e27-4dd8e767e551,set01,video_0002.mp4,1_2_30,7078,7092,train
fb32d1c0-d306-47bf-9773-a3adfdeb2086,set04,video_0007.mp4,4_7_1355,14643,14657,train
89c33654-16d3-4fcd-b291-706da7b13f1f,set04,video_0001.mp4,4_1_1013,7253,7267,train
6d0bc669-7b6d-4ce2-b276-98d8a27579f6,set04,video_0001.mp4,4_1_1027,13797,13811,train
b6f35789-7d2c-4bc5-9fb3-2d4a4a37cdb3,set04,video_0002.mp4,4_2_1059,2521,2535,train
2255535e-e8ce-4f58-bcc0-1d7ca66ac740,set04,video_0007.mp4,4_7_1288,1143,1157,train
04c69467-3c76-4208-9dab-bf0b761c86a7,set03,video_0003.mp4,3_3_334,18961,18975,test
378f1397-0392-49f9-9282-e7f52e422737,set04,video_0006.mp4,4_6_1281,17747,17761,train
fa945827-e41e-4a1f-928f-17543b5a306b,set04,video_0003.mp4,4_3_1154,14070,14084,train
69e6510c-8504-4dc7-82d5-6d0fad25a4f4,set04,video_0013.mp4,4_13_1651,12537,12551,train
de194443-c49f-42f7-8f62-4365cc233373,set04,video_0010.mp4,4_10_1519,14372,14386,train
9013bed9-fba1-4873-8634-16ee1df042d1,set03,video_0016.mp4,3_16_937,3362,3376,test
f46eeff6-318c-4c26-9566-a9553a49ca19,set04,video_0007.mp4,4_7_1339,11566,11580,train
b3bac9e9-e008-41e0-badb-13e3487d2995,set03,video_0010.mp4,3_10_687,12143,12157,test
ec7b0c3c-7208-44ba-a7c0-b5684c165b1c,set04,video_0013.mp4,4_13_1655,14052,14066,train
6083914f-82c0-47fa-b518-ad4aa92dfcdb,set03,video_0016.mp4,3_16_929,2796,2810,test
e7020124-254a-4408-af16-aa104bf41888,set03,video_0004.mp4,3_4_377,15573,15587,test
0e1a4d0d-df9f-4167-a3e4-f3f1e74c93bd,set04,video_0001.mp4,4_1_1035,14806,14820,train
c00f0b23-c3ef-48e7-ab15-e73965fe10c7,set04,video_0006.mp4,4_6_1239,5613,5627,train
2e9c25ad-8746-4cd4-b519-f17d5a369620,set03,video_0011.mp4,3_11_709,7904,7918,test
c4bb073a-ee58-44f6-a982-12a2084820c2,set04,video_0012.mp4,4_12_1574,5443,5457,train
ed2fcac9-e3fb-424f-a1da-7d4dbabd3b7f,set04,video_0011.mp4,4_11_1529,2767,2781,train
9a892f2a-183c-4a08-8ae5-1e75ac4529a0,set04,video_0012.mp4,4_12_1581,6477,6491,train
8ea444e1-608d-4988-a46d-1e0a69f9be51,set04,video_0015.mp4,4_15_1695,9314,9328,train
e79422ff-ec9c-41d4-b1c8-dd49ad12cf8d,set04,video_0002.mp4,4_2_1082,10695,10709,train
fd80e8ac-5294-40de-99f1-c61841953618,set02,video_0001.mp4,2_1_127,12766,12780,train
046e150d-1c3d-46c1-90b3-a3337cf857aa,set04,video_0008.mp4,4_8_1401,12423,12437,train
e7fcb739-2e3f-4d8c-ab22-6736e2b78c27,set03,video_0010.mp4,3_10_679,13538,13552,test
f4424f8d-f04e-45e0-82ac-b8137709f277,set03,video_0003.mp4,3_3_341,20248,20262,test
ebafb487-155d-4a8e-af55-710b1fa857c4,set03,video_0015.mp4,3_15_859,5441,5455,test
db8019f2-63cd-4c2e-b0b9-f6e6c0e2f3aa,set04,video_0002.mp4,4_2_1061,2629,2643,train
5444329b-0172-469c-ae11-dc50f2c2c7dc,set04,video_0012.mp4,4_12_1589,12561,12575,train
ee1c78a6-59b5-4620-9707-eeedbbd1f9bd,set04,video_0012.mp4,4_12_1593,12826,12840,train
d4b6b57d-f7d6-4047-9444-7272b5d65e7d,set03,video_0018.mp4,3_18_970,9719,9733,test
d6b6ee19-e9d6-4a6a-8de5-8d18ef004540,set04,video_0007.mp4,4_7_1301,3792,3806,train
5beaba5c-ea58-4dde-b870-6a5ced9546fc,set04,video_0010.mp4,4_10_1506,7314,7328,train
a265d102-99e9-4cc2-ba99-1f6b6a5e1c25,set04,video_0006.mp4,4_6_1236,3706,3720,train
b96b0cd3-6a42-4d70-bb00-633eec9a6c16,set03,video_0018.mp4,3_18_975,14606,14620,test
a17afbac-7941-4008-b346-f0a1f85b82ed,set04,video_0008.mp4,4_8_1406,15928,15942,train
49b4c7e7-720a-4018-8d62-6f34f0b00627,set01,video_0003.mp4,1_3_90,15742,15756,train
62c4133c-690b-43c3-8d31-65916f968f02,set03,video_0015.mp4,3_15_840,3741,3755,test
f7b4c18e-ce81-41ac-9d7d-36c5cc68d8c4,set03,video_0003.mp4,3_3_326,17543,17557,test
43138941-5554-4263-9b57-9aaa8f93703a,set03,video_0003.mp4,3_3_317,11888,11902,test
073cfc04-bc71-43f5-a3ba-c18d04ce7fec,set03,video_0004.mp4,3_4_380,15580,15594,test
15500a0e-cc96-441a-8a69-b1a0f53304c9,set03,video_0003.mp4,3_3_330,17687,17701,test
3e726353-33cb-41c3-ac3c-971252058dd5,set04,video_0015.mp4,4_15_1680,3616,3630,train
4a1e90bf-7196-4157-a525-acff0607473b,set01,video_0003.mp4,1_3_62,2871,2885,train
0f55ef9e-3036-41a9-b18a-cf4454bcfb3f,set04,video_0004.mp4,4_4_1169,521,535,train
d8aecc56-f0d6-42f7-9bde-59c345964924,set02,video_0002.mp4,2_2_153,5777,5791,train
d24df620-c35b-4a28-92e5-3cea00e2b8e0,set04,video_0010.mp4,4_10_1500,7249,7263,train
82275a8c-6fa0-4805-80d5-0a5c47c45ca4,set04,video_0007.mp4,4_7_1312,5561,5575,train
e8fb5e52-aebe-4424-91c2-ed56ddefd4f1,set03,video_0012.mp4,3_12_737,3782,3796,test
f73e0f85-75b2-4fee-a76f-26b2f961377b,set04,video_0002.mp4,4_2_1110,14087,14101,train
56234069-e38b-4cd4-9277-ec503582b6f5,set03,video_0016.mp4,3_16_916,15527,15541,test
3b25a976-355b-4bd8-a91b-91258530a5a2,set02,video_0001.mp4,2_1_116,4373,4387,train
20693ccc-d494-4164-9f81-104b58a07f9a,set04,video_0003.mp4,4_3_1151,13004,13018,train
9a291cfd-f4ad-42d0-b2be-92095aee8498,set04,video_0006.mp4,4_6_1284,17747,17761,train
5a42fed7-120b-437a-88d2-49c08355603b,set04,video_0007.mp4,4_7_1354,13196,13210,train
e7a02a85-9aa4-48c8-a0ef-8958d76c2974,set03,video_0016.mp4,3_16_920,2624,2638,test
1c07b96e-71cf-46c7-9974-e71526277607,set03,video_0016.mp4,3_16_940,3632,3646,test
e0747bfd-97ed-4480-971d-0c5a13a1c576,set01,video_0003.mp4,1_3_75,9818,9832,train
dd370fad-64f0-4a68-a560-f7372447c916,set04,video_0015.mp4,4_15_1697,9523,9537,train
ecdf723a-f2cb-4146-aa0f-e59084ecc572,set03,video_0015.mp4,3_15_831,3159,3173,test
0f245e6f-df3c-4033-bc52-96af8b850d5b,set04,video_0007.mp4,4_7_1299,3662,3676,train
badf57e9-5775-4771-87b6-c8c764ac3bf0,set01,video_0004.mp4,1_4_106,1430,1444,train
93f47946-c881-48af-bec2-1bd8a2d4af5f,set03,video_0012.mp4,3_12_747,7433,7447,test
20a171af-8a17-4898-9975-51ecd59ab7d7,set02,video_0002.mp4,2_2_188,3009,3023,train
58682989-aa2c-4c60-9dd9-8c1d0cdf098e,set02,video_0001.mp4,2_1_136,12208,12222,train
ed84b351-b9ec-4af4-bb36-0a7063ab6d7f,set03,video_0015.mp4,3_15_890,7732,7746,test
bb950ed9-6cb9-4f47-8440-7d2c96f5a30f,set03,video_0004.mp4,3_4_378,15463,15477,test
ad9b8668-0803-4843-a0e7-1c35c23b0e08,set04,video_0007.mp4,4_7_1322,6805,6819,train
b6d12bcf-83e2-4b23-a55a-ba6f52880218,set02,video_0001.mp4,2_1_117,7196,7210,train
661f90e4-0200-49b5-bd5b-a77ac8ecc3f4,set02,video_0001.mp4,2_1_139,12146,12160,train
fc9987a6-1413-4e49-82c9-86a80505cfab,set03,video_0016.mp4,3_16_903,5054,5068,test
3d7f8c3b-b9ef-430b-a7d6-decd58398126,set04,video_0009.mp4,4_9_1459,10234,10248,train
69faee7d-98da-4547-98f7-166830d4442c,set04,video_0015.mp4,4_15_1682,4456,4470,train
f9cf905f-5d3c-4f02-aea1-94e05326e1ca,set04,video_0009.mp4,4_9_1421,3974,3988,train
a5784057-4d18-4a03-91f1-df79f110c278,set01,video_0002.mp4,1_2_31,7078,7092,train
805836dd-99a4-4708-aff9-1700e9460a50,set04,video_0015.mp4,4_15_1692,7258,7272,train
f46f76b2-58d3-4b32-8d1f-76d931220839,set03,video_0016.mp4,3_16_926,4633,4647,test
317c1acf-73ef-4275-85d8-229a801353e3,set04,video_0002.mp4,4_2_1113,14236,14250,train
d29ceeba-7cd5-495e-bc5e-e09604492e2a,set03,video_0013.mp4,3_13_808,4306,4320,test
7dc1b6b9-c037-4a12-bb05-09474afc8f4a,set03,video_0015.mp4,3_15_837,4045,4059,test
5348e842-b30d-4303-b597-088e04b4b68a,set04,video_0010.mp4,4_10_1483,2782,2796,train
20a1d026-964b-4c52-b006-f84823d778cd,set01,video_0003.mp4,1_3_94,16425,16439,train
d60c9243-d619-46ec-83b6-1d406a2c8cc7,set01,video_0002.mp4,1_2_39,12212,12226,train
e8cb5e42-0ca6-4296-99e5-7fbc5a81f07e,set03,video_0015.mp4,3_15_886,13023,13037,test
dc7459f5-30ce-46ae-886f-05e781d13d0c,set04,video_0005.mp4,4_5_1222,13472,13486,train
c7cf86c5-7263-49f4-85ea-763afe694b66,set03,video_0016.mp4,3_16_932,3100,3114,test
5a4d289d-fa08-4dd8-bc69-afc3f3ad6783,set04,video_0005.mp4,4_5_1228,14951,14965,train
64009e0e-28f7-4183-8f7c-6704088fb4be,set03,video_0003.mp4,3_3_343,20100,20114,test
9f811455-d56e-4ee9-ba15-3a919f4a169c,set03,video_0015.mp4,3_15_862,5441,5455,test
8bcaaa72-4b58-4a8e-aaa1-4dbddcce4532,set04,video_0007.mp4,4_7_1285,238,252,train
d3683ddc-88b9-4a2d-b323-1bf168ea4014,set04,video_0003.mp4,4_3_1140,4094,4108,train
3f023f8e-f53d-4f8e-9c5b-5e1824312721,set04,video_0009.mp4,4_9_1472,16543,16557,train
a65a8501-08c9-40d8-90d9-11086c9a297f,set04,video_0007.mp4,4_7_1343,11898,11912,train
16dbf523-8433-43ec-bf1d-1b13731f9d34,set04,video_0009.mp4,4_9_1470,15500,15514,train
b80b9e3c-84b1-4bb2-95af-bab78da4408f,set02,video_0001.mp4,2_1_114,3217,3231,train
17ca3172-cc3c-4623-9568-aac0d246de36,set04,video_0007.mp4,4_7_1363,16704,16718,train
c3f94233-c8c7-400a-b85a-606c4c968b4d,set04,video_0013.mp4,4_13_1650,12537,12551,train
4da8ce3d-96b6-43e0-a8e4-f1c86fd09852,set01,video_0003.mp4,1_3_83,13113,13127,train
02a8daf7-c419-4952-b8b6-b997408aa479,set04,video_0006.mp4,4_6_1280,17747,17761,train
a1fdaffa-dae0-41b7-8d2b-e44e4c7c89ba,set03,video_0005.mp4,3_5_417,11651,11665,test
567e2d74-6b5a-4d35-830b-16aac9f5f959,set04,video_0015.mp4,4_15_1701,9696,9710,train
c13b8199-70aa-4a72-8a68-18afe1e0a243,set04,video_0008.mp4,4_8_1405,14321,14335,train
a6f5afdc-125a-45ac-8ab3-3f1317db2ec6,set04,video_0009.mp4,4_9_1431,7044,7058,train
58f9757c-c466-4e86-9a72-e42dbdfe8eef,set04,video_0009.mp4,4_9_1447,9348,9362,train
715b873b-5fe4-4b26-9642-a480caa85cfb,set03,video_0016.mp4,3_16_928,2615,2629,test
bda725af-aa94-4d78-bc67-f65542e192f1,set01,video_0002.mp4,1_2_33,7701,7715,train
10ef4c92-f6ec-4793-ad28-f2796629e222,set04,video_0015.mp4,4_15_1696,11584,11598,train
5b37b829-b3f7-4918-90c8-10ae91f2308d,set04,video_0010.mp4,4_10_1493,5466,5480,train
9f837051-4bfe-4678-a78d-e8f8471fd18b,set01,video_0003.mp4,1_3_66,3670,3684,train
f764f926-fab0-4dd6-8f69-0c8a79f45a56,set04,video_0013.mp4,4_13_1654,14052,14066,train
4df3c63c-b004-4f5a-b3bb-ff5461d2e98a,set03,video_0008.mp4,3_8_550,13026,13040,test
af46ff8d-c4f1-41ba-ad45-637b2009657f,set04,video_0012.mp4,4_12_1583,6638,6652,train
19b12872-5aaa-478a-9a10-53b21af4a9bd,set04,video_0001.mp4,4_1_1034,14806,14820,train
815943e3-243a-4740-b4da-c99743942570,set03,video_0007.mp4,3_7_510,12440,12454,test
8aafcbc4-0b15-4e14-9f89-42a24818e228,set03,video_0008.mp4,3_8_527,2138,2152,test
0ad316e3-a79f-4130-bec0-f9c64515056d,set04,video_0005.mp4,4_5_1219,11369,11383,train
6ed52dbe-3794-45ce-9168-e202019bbf4e,set04,video_0012.mp4,4_12_1598,12885,12899,train
97f64ca3-1be1-48a7-9470-aab1e8de4925,set01,video_0003.mp4,1_3_73,9871,9885,train
c9ff7d1b-4ea4-4304-b9eb-b0aa1e2fcd3b,set04,video_0001.mp4,4_1_1038,14826,14840,train
d2e09253-c2f3-43fb-9223-f374a51fa658,set03,video_0015.mp4,3_15_842,4063,4077,test
e709ab99-e0c7-494a-9a9a-7f8a9fa7e5e9,set03,video_0008.mp4,3_8_526,758,772,test
e7b817b6-09b7-40d4-9869-528369dfc27e,set04,video_0003.mp4,4_3_1157,14070,14084,train
bbcb4970-c6f7-472c-958f-c51dce22ea2d,set04,video_0007.mp4,4_7_1315,5886,5900,train
5da6a214-2e51-4c1b-a79d-d6d3b447de94,set04,video_0009.mp4,4_9_1465,14558,14572,train
16009ff1-b8e6-4646-8723-9d978b927d40,set01,video_0003.mp4,1_3_80,11632,11646,train
aa7c0612-350e-4627-b7ea-23df3af616a5,set04,video_0007.mp4,4_7_1325,6805,6819,train
d0cf5343-1137-4eac-85b7-5a8a206daed0,set02,video_0001.mp4,2_1_132,15632,15646,train
bc82f1f8-9804-4069-8dfa-f93baccff2e9,set04,video_0013.mp4,4_13_1637,1755,1769,train
d3370dff-0d3b-446c-a575-ecb7d1060910,set03,video_0014.mp4,3_14_824,8341,8355,test
674126b9-e7cd-4992-ba8d-64e7b7b40a43,set04,video_0004.mp4,4_4_1188,5022,5036,train
b8fd6d25-6da9-4adc-a103-e9a7c1f941bb,set02,video_0002.mp4,2_2_190,3889,3903,train
2ad10542-5833-4217-a44e-8c4646385c94,set04,video_0002.mp4,4_2_1097,13231,13245,train
c86df23e-03a7-4c39-91fa-6b5ee2392d82,set03,video_0008.mp4,3_8_536,7882,7896,test
3c9fe751-9698-4a1a-b39d-d08c38ad23e8,set04,video_0010.mp4,4_10_1475,509,523,train
8d07546b-3a29-4510-8005-0ac59ce43e21,set04,video_0008.mp4,4_8_1407,15928,15942,train
98f746ea-fef3-44bc-92ea-a9f6b438b4c5,set04,video_0012.mp4,4_12_1553,3265,3279,train
3eee7533-bbe5-43ed-8733-1dceb33bb413,set04,video_0007.mp4,4_7_1289,1073,1087,train
082d30ec-fc4e-432f-9736-64d295913578,set03,video_0015.mp4,3_15_835,3485,3499,test
bd6ae755-32dd-4e54-b26a-872bacb03997,set03,video_0015.mp4,3_15_887,15892,15906,test
18004a82-7f73-4ef5-8624-6644f2c0ae3f,set03,video_0011.mp4,3_11_710,14487,14501,test
7759409c-0167-4d0c-bc8a-2669ac765374,set01,video_0003.mp4,1_3_82,12824,12838,train
9c3e0928-d2b0-436e-ae66-5f95cde4bdc6,set03,video_0017.mp4,3_17_948,163,177,test
1dcf636b-5538-4bf0-b6d7-12843ead62f8,set04,video_0007.mp4,4_7_1331,10531,10545,train
c83fb226-12a6-4737-b343-0030152b88a5,set04,video_0012.mp4,4_12_1606,16578,16592,train
4ad834d3-6230-4c65-9183-813927381833,set04,video_0007.mp4,4_7_1286,238,252,train
970db524-b54b-4388-8cc0-6147c122c00f,set04,video_0010.mp4,4_10_1495,5808,5822,train
5fdfa46b-6bf3-440f-b50f-7c1935fc6553,set04,video_0007.mp4,4_7_1338,11573,11587,train
b48523a4-eaa1-4e90-aea1-4c50e7067681,set03,video_0001.mp4,3_1_268,17068,17082,test
d0dd6880-87e3-4dbc-b43b-18ff0d961470,set04,video_0003.mp4,4_3_1153,13584,13598,train
85dedd37-990f-4ab9-8b6d-02a49857b883,set03,video_0014.mp4,3_14_823,8880,8894,test
c3b7a29c-0b8b-48f8-9df8-03c34ec7b513,set04,video_0009.mp4,4_9_1460,11081,11095,train
f72309c5-fe68-485b-b284-902dc7b71c2a,set04,video_0013.mp4,4_13_1649,12532,12546,train
fd2d4a2b-264a-4cc0-af5f-6f16406e739e,set04,video_0008.mp4,4_8_1386,9595,9609,train
302d5384-08bd-46a5-bc3e-98250b3ee155,set04,video_0009.mp4,4_9_1469,15431,15445,train
66ee8a9a-93df-4351-b662-59234a4a7219,set04,video_0007.mp4,4_7_1329,9095,9109,train
5e48a20c-ca1a-437f-8122-7ff2ea642ec3,set01,video_0003.mp4,1_3_102,11864,11878,train
cf33afc2-cee9-43e6-98f9-0260237c1576,set01,video_0004.mp4,1_4_109,3463,3477,train
729f6cff-b572-4914-99ec-ce8b979e9652,set04,video_0001.mp4,4_1_1033,14819,14833,train
fa866ab2-c799-4c00-a2e6-9f9fd715d44c,set03,video_0016.mp4,3_16_933,3041,3055,test
7ccd6242-d8f9-4621-907d-e3dc45f9e4b8,set03,video_0004.mp4,3_4_382,15589,15603,test
e6b4576b-b2c8-49a5-b6eb-9657ce505cba,set04,video_0006.mp4,4_6_1247,6141,6155,train
ab3cff37-323a-4a76-aeab-217ce39dcd04,set03,video_0008.mp4,3_8_534,6957,6971,test
4ea9b3f0-ce68-4952-9cbb-63b8302a2efc,set04,video_0015.mp4,4_15_1684,4791,4805,train
52e7cd7f-910b-487f-ac78-2e1ae3997733,set04,video_0007.mp4,4_7_1341,11657,11671,train
8fda4135-2da3-4138-8ff7-f22cd3e8f9d5,set04,video_0010.mp4,4_10_1490,5408,5422,train
a21cd9b9-edcf-4b74-b1f9-96f0e9a126f8,set04,video_0010.mp4,4_10_1501,7314,7328,train
2623c3eb-d454-422c-94a3-de99dd4e5a60,set03,video_0012.mp4,3_12_741,5721,5735,test
8bee3cbb-1e9c-4d21-8f47-0942a1f2cc6c,set03,video_0005.mp4,3_5_407,9922,9936,test
4b409cf2-1373-4310-a7cb-9084c301c467,set03,video_0016.mp4,3_16_945,4535,4549,test
6fba1294-7718-4129-867b-006a5a32f39f,set02,video_0003.mp4,2_3_201,1402,1416,train
0169f26b-db33-4003-ba85-fe78058b3a41,set03,video_0008.mp4,3_8_553,14938,14952,test
7ffd3abc-76e1-414f-b89a-2765442b209f,set04,video_0002.mp4,4_2_1066,3245,3259,train
b1258fe9-aef7-4aee-af64-c7941c6fb5b4,set02,video_0003.mp4,2_3_204,5970,5984,train
2213d67f-757a-4045-a9ff-8f11341c5d4c,set03,video_0010.mp4,3_10_672,13538,13552,test
bebb375a-70b3-4bd0-98e4-6d90d20fd17d,set03,video_0007.mp4,3_7_507,11824,11838,test
9bb9f0b5-9572-48e8-b689-1cc8dfcfa9dd,set03,video_0015.mp4,3_15_827,3159,3173,test
cf364288-781c-42e4-8ed0-8758870363a3,set04,video_0007.mp4,4_7_1290,1867,1881,train
195d9699-043e-4e77-9b3c-51fcf8c985af,set04,video_0012.mp4,4_12_1547,1112,1126,train
68a7c6b7-15c3-432d-a31b-b2e34e60b91b,set04,video_0010.mp4,4_10_1514,13725,13739,train
1a99b68b-5fea-40d5-ba92-169728f529de,set02,video_0002.mp4,2_2_172,15722,15736,train
c0e5bc6e-6af3-4d5c-9ad2-33075143a244,set02,video_0002.mp4,2_2_173,15717,15731,train
fb7363bc-5f39-46cc-a911-b08626d5ddd8,set04,video_0004.mp4,4_4_1185,4516,4530,train
b2479a61-e01f-4b27-af96-9d43dad83ad3,set02,video_0002.mp4,2_2_157,8606,8620,train
c6b4c285-8af3-4f3d-9ed2-d6ef44f8f27f,set03,video_0010.mp4,3_10_635,2077,2091,test
75b5406d-259c-4554-8d47-1631b9061e17,set02,video_0002.mp4,2_2_182,2834,2848,train
87d4ee85-4e9e-4f8b-b574-11a04ceeedb6,set04,video_0007.mp4,4_7_1291,2414,2428,train
cde329a1-5948-4eed-97d4-53e47168d306,set01,video_0004.mp4,1_4_110,7204,7218,train
c9ef6eba-b63c-44d5-b326-10c0d3ecbec1,set04,video_0006.mp4,4_6_1254,8137,8151,train
2e23c8af-4b9f-475f-b1e8-14b22a6f110d,set02,video_0002.mp4,2_2_151,5296,5310,train
1f02a92d-8960-4b47-afa4-da51b24f6a68,set03,video_0016.mp4,3_16_921,2763,2777,test
9a1f732e-6dd0-4889-a2b1-05f4b06673be,set03,video_0015.mp4,3_15_865,6600,6614,test
17d487ed-118b-4fdc-af30-75dbcf3284d2,set04,video_0009.mp4,4_9_1426,6446,6460,train
f915a71e-1110-46bb-9481-8312796194eb,set03,video_0016.mp4,3_16_923,3219,3233,test
6207d0c6-2002-4670-b0d5-f88429bdf5a5,set04,video_0002.mp4,4_2_1062,2554,2568,train
7fc780fd-6979-4015-9742-6e55070cfdea,set04,video_0003.mp4,4_3_1152,13434,13448,train
35620064-cda9-4a05-9f0d-397d61ce24dd,set04,video_0009.mp4,4_9_1467,14670,14684,train
a38da9a9-3c54-4d22-8c48-ef8d5a8334d5,set04,video_0003.mp4,4_3_1139,5546,5560,train
1c957026-0f49-4fd6-86cc-40c1e87ec588,set02,video_0002.mp4,2_2_179,17120,17134,train
be229f24-24bb-4fef-97b4-467064b24abd,set01,video_0003.mp4,1_3_84,13060,13074,train
b379f716-ce8b-4d91-8a1e-e5f2b87c7ad4,set04,video_0003.mp4,4_3_1150,12690,12704,train
1253fbd4-a6ad-44de-9361-85c0937f3692,set04,video_0010.mp4,4_10_1504,7314,7328,train
c40ddb36-0230-4076-87f3-18dd1ecca5de,set04,video_0004.mp4,4_4_1180,3987,4001,train
b0442818-2baa-49b9-8932-3199a84bbd59,set04,video_0007.mp4,4_7_1295,2559,2573,train
2e174e09-5328-4e0c-9eca-09339b011b39,set04,video_0008.mp4,4_8_1384,6164,6178,train
b63dabb8-71f8-4932-b61c-8c06629dcaa0,set04,video_0002.mp4,4_2_1067,3530,3544,train
dc05de40-4d4b-4b56-b2ac-114c744dff3c,set04,video_0002.mp4,4_2_1096,12816,12830,train
f4853aca-ce9f-4b4b-ac50-efee0fd5b7dc,set02,video_0002.mp4,2_2_178,16624,16638,train
cdbc7ab0-75b4-404b-90c2-e8b2c78fc2d9,set04,video_0006.mp4,4_6_1244,6093,6107,train
cd50c763-8e37-405e-af18-05586e6a53a7,set04,video_0012.mp4,4_12_1568,4660,4674,train
5b08f17f-ed3e-4b1b-8995-c9ad2124a9a6,set03,video_0016.mp4,3_16_939,3587,3601,test
666a033e-33b7-44ad-a6a7-eb4a7b9392f2,set02,video_0003.mp4,2_3_206,5831,5845,train
8af53f18-1aaa-4d7a-a1c5-75216ada2629,set04,video_0007.mp4,4_7_1344,12013,12027,train
b4540662-2e21-4936-a295-23bfef2ab7f7,set03,video_0005.mp4,3_5_399,3229,3243,test
9f0d5fec-da59-42ee-81f1-1371815dd1f4,set04,video_0010.mp4,4_10_1512,13447,13461,train
059157aa-9b9e-4737-bcf2-b4a63eed12b5,set02,video_0001.mp4,2_1_126,12776,12790,train
0196fe19-5e6a-44dc-8728-12dd76a8bd0c,set03,video_0008.mp4,3_8_532,5816,5830,test
758bb607-4b7f-458e-bac8-3df357aeaae9,set03,video_0002.mp4,3_2_289,5611,5625,test
0c01e3a0-560f-4cf4-b751-dc091969271e,set03,video_0010.mp4,3_10_636,1559,1573,test
0443985d-eb95-499a-9c59-c8babef0d64d,set04,video_0005.mp4,4_5_1205,4377,4391,train
266f15fb-fb71-4737-8076-ec7ea50cddc4,set03,video_0010.mp4,3_10_685,12143,12157,test
047123ad-68ae-4381-a89b-e5a353daa5c7,set03,video_0009.mp4,3_9_587,2529,2543,test
b98bdf24-91ac-4e23-8f71-f063bac4a497,set04,video_0010.mp4,4_10_1480,1093,1107,train
a4c0a316-44bc-463b-9a7d-bcc852d1133d,set03,video_0016.mp4,3_16_922,2783,2797,test
438e2d20-607c-470b-8a54-d5320c8aef77,set02,video_0001.mp4,2_1_128,14517,14531,train
695b84e9-1804-4fec-b8d2-3c6b50ec1cd3,set03,video_0015.mp4,3_15_888,7940,7954,test
9be5c34e-8886-4113-98b7-b8f02592675c,set04,video_0008.mp4,4_8_1390,8346,8360,train
721b0849-5c7f-4d31-82a9-4177ed539985,set03,video_0010.mp4,3_10_677,13538,13552,test
1d7880ca-34f3-4be8-9619-569c94c67e52,set02,video_0002.mp4,2_2_155,5713,5727,train
ed68ddea-5556-4fa9-aa77-f762eeaec8a4,set03,video_0010.mp4,3_10_681,13624,13638,test
5159141b-900a-42b5-bb48-2d00538a298a,set04,video_0005.mp4,4_5_1224,13453,13467,train
2bc48843-2740-43a0-9071-ecd27b8db5ec,set04,video_0010.mp4,4_10_1485,3115,3129,train
62e52458-a404-47a9-842f-94965f6343a3,set04,video_0015.mp4,4_15_1703,9707,9721,train
f0b37914-6f9d-4b04-8037-1caa0d088c14,set04,video_0012.mp4,4_12_1561,4402,4416,train
2a749fa5-6f81-4c2b-abe9-91c653b7c310,set04,video_0002.mp4,4_2_1060,2610,2624,train
1b532bc9-e9f6-4522-a4f2-25108a63f50b,set04,video_0015.mp4,4_15_1707,12577,12591,train
10fb4987-9bf5-4abc-b054-891fdecbc1d1,set04,video_0006.mp4,4_6_1253,7541,7555,train
b8eafbbb-7232-4387-b880-b32b4233b2c2,set03,video_0012.mp4,3_12_749,7433,7447,test
233856f4-284f-47c3-b0dd-c38b6d66496a,set04,video_0005.mp4,4_5_1226,14926,14940,train
96f94059-26f6-4e14-9154-b84a813326ad,set04,video_0004.mp4,4_4_1201,15599,15613,train
ca08737d-9ffd-45b9-9be3-e0b629eeba08,set04,video_0006.mp4,4_6_1282,17734,17748,train
b461e23d-a3dd-4222-8b28-f8a20449c0c2,set04,video_0007.mp4,4_7_1342,11818,11832,train
9741e04f-9719-43ee-82a0-ad8cc83015d6,set03,video_0008.mp4,3_8_554,15129,15143,test
bf7b51f5-1440-461f-b3e8-65f9d08eab33,set04,video_0007.mp4,4_7_1320,5492,5506,train
6098954c-77d7-420d-84e2-55f16cdf27cf,set01,video_0002.mp4,1_2_23,5160,5174,train
65bc65dd-76fe-4f6b-b373-1f462488459d,set04,video_0011.mp4,4_11_1534,13816,13830,train
b24c853a-17b8-4bf2-8f23-1d2470ffabda,set03,video_0004.mp4,3_4_352,9549,9563,test
4ca50d61-a809-4eb9-89d0-17affaa521c2,set04,video_0015.mp4,4_15_1699,9523,9537,train
e920a103-558c-4551-950a-065dba73c519,set03,video_0006.mp4,3_6_440,7141,7155,test
858b2c43-8817-420b-b4e2-d79d3d9f107f,set04,video_0007.mp4,4_7_1305,4592,4606,train
32ead87a-f1c4-4faf-bada-cc67a3c609e4,set03,video_0004.mp4,3_4_355,9793,9807,test
df712791-f1ac-47cb-bc7f-6e89263663f9,set03,video_0016.mp4,3_16_908,12402,12416,test
a0484c6c-4b85-4f44-b9e2-281de2be1d4e,set03,video_0007.mp4,3_7_511,12470,12484,test
d07966d2-f082-4949-b906-d7a6080ce9ab,set04,video_0002.mp4,4_2_1116,14380,14394,train
b945d505-c58c-4605-af83-735676d28066,set04,video_0012.mp4,4_12_1556,3816,3830,train
fa6f00da-9127-4ba3-bf8b-12d1663b30d4,set04,video_0006.mp4,4_6_1245,6112,6126,train
27e8bcf8-cdd4-4bf1-9464-1952d7e044d5,set02,video_0002.mp4,2_2_180,2746,2760,train
af14be68-ff58-4078-b22c-bcb9ce0cc866,set01,video_0003.mp4,1_3_63,3608,3622,train
a24675ab-2a58-435c-9b5e-0e93e9fdb82b,set04,video_0006.mp4,4_6_1248,6136,6150,train
22dbbcfe-29ae-460c-84c7-12cd9f516f59,set03,video_0004.mp4,3_4_357,10178,10192,test
d15b286b-7f74-47fa-8502-24a154c30656,set03,video_0003.mp4,3_3_308,1490,1504,test
2e43cd4d-9df3-4e98-873f-8c4f340dc340,set04,video_0012.mp4,4_12_1585,10593,10607,train
cd8ba540-44d3-4c82-8ba2-dda29697d029,set03,video_0006.mp4,3_6_439,7092,7106,test
a5d921f3-d442-4ab3-ae42-81c586b6acd6,set04,video_0004.mp4,4_4_1168,501,515,train
16443370-3bb8-494f-bc25-dd223eb549c4,set03,video_0010.mp4,3_10_653,6584,6598,test
11da6d4b-b4c3-431e-bf35-319283bd424b,set03,video_0009.mp4,3_9_618,12666,12680,test
50d45085-74fd-41e4-a3a6-0bfec2344a83,set01,video_0002.mp4,1_2_28,7057,7071,train
e2a4f907-b16a-4793-abff-b74fc16fbe03,set03,video_0012.mp4,3_12_745,6908,6922,test
941a824a-81e8-4b81-88eb-2dfe3e1ac5a7,set04,video_0009.mp4,4_9_1412,4620,4634,train
7c3694be-157b-4b84-9de4-5dc948ffbe7c,set04,video_0012.mp4,4_12_1617,18147,18161,train
027188c7-3cd3-4ff2-9d95-767837bc189c,set02,video_0002.mp4,2_2_185,4184,4198,train
aa980900-606b-417f-a4bd-929bf922c9bc,set02,video_0002.mp4,2_2_175,16608,16622,train
7dfe46d0-e862-4c5f-9828-4a6f77c7bb13,set02,video_0001.mp4,2_1_141,12197,12211,train
5f1caf76-16d2-4039-ba1a-6db977e3f616,set03,video_0016.mp4,3_16_919,2551,2565,test
702d1c67-28bc-47d6-a6d8-4eb0fe110d76,set04,video_0008.mp4,4_8_1396,10338,10352,train
40aa906c-b7d0-4b2b-b428-a1eff587a91a,set01,video_0002.mp4,1_2_49,14181,14195,train
0c9f8336-b072-4830-be2a-19fc4b530cf4,set04,video_0012.mp4,4_12_1613,17750,17764,train
f1d966b4-3678-491c-994d-2967a3cd4873,set03,video_0015.mp4,3_15_830,3221,3235,test
2b90f9fc-30bb-480f-af4a-862060f0ab9f,set03,video_0012.mp4,3_12_743,5881,5895,test
1e6c652c-b61e-4b1b-9231-942128fba708,set03,video_0005.mp4,3_5_398,2984,2998,test
64065661-2fed-4abd-8b59-352b7ca1a647,set03,video_0002.mp4,3_2_305,12679,12693,test
3879a903-7119-4e62-be67-bc45487f7976,set04,video_0010.mp4,4_10_1521,14453,14467,train
9a65e85f-8484-4a8a-8eb7-dcffb42d8347,set01,video_0002.mp4,1_2_57,11956,11970,train
87153c4e-6562-4fa8-9103-6302cad36d16,set03,video_0017.mp4,3_17_964,11101,11115,test
b12e67d1-7064-4872-9157-3712f8e2123e,set04,video_0011.mp4,4_11_1538,13835,13849,train
0dd603f8-c3d5-4cab-b447-29394b3ffc6a,set04,video_0003.mp4,4_3_1133,3222,3236,train
894c68b1-a01d-490c-b21f-22b2b1009839,set03,video_0008.mp4,3_8_535,7544,7558,test
6c12d057-c20b-46a7-b1ae-6c77d0af951b,set01,video_0002.mp4,1_2_22,5140,5154,train
7bccc5d2-566b-4e68-922c-73d116d9d631,set03,video_0004.mp4,3_4_374,15461,15475,test
9e68b3a9-a77b-44e7-911d-3af5594b42be,set03,video_0014.mp4,3_14_821,8341,8355,test
0ba41a2f-01e6-4517-883e-4df10e808f46,set02,video_0002.mp4,2_2_189,2936,2950,train
32fe36a1-dc3c-4403-bd07-ca11629e1875,set02,video_0002.mp4,2_2_184,3591,3605,train
be5f8e49-80f3-4ee7-8366-0213ebef0840,set04,video_0001.mp4,4_1_1012,7230,7244,train
2db4026a-e6ec-49d2-94d4-992c283318da,set02,video_0001.mp4,2_1_130,15632,15646,train
947e2fc5-4489-4f99-9018-2cce25427ffa,set04,video_0002.mp4,4_2_1086,11804,11818,train
36d4dbc2-0f31-4930-8047-df2aa07a88d3,set04,video_0003.mp4,4_3_1134,3222,3236,train
7f97f433-6fbf-4ba4-a8fd-5b5d3e09a8b3,set03,video_0005.mp4,3_5_395,2733,2747,test
26532748-5a79-4ca9-9eed-f3562dd53877,set01,video_0003.mp4,1_3_104,13209,13223,train
3ecaa681-0f69-474c-bc10-939184a95617,set04,video_0011.mp4,4_11_1533,13804,13818,train
abff347d-a438-4885-94a8-ddc2234d2654,set02,video_0003.mp4,2_3_202,1602,1616,train
f9b0f011-bbbf-4217-a50e-fd566085208c,set04,video_0012.mp4,4_12_1619,18033,18047,train
a9c999b1-9ad4-49ed-9802-4169c9d94090,set03,video_0016.mp4,3_16_931,2855,2869,test
c1adbee2-9d60-43c8-8ca8-19e08ec6e010,set01,video_0002.mp4,1_2_51,15871,15885,train
6dd44182-4fe9-425b-b854-927adf4ea0a3,set03,video_0011.mp4,3_11_712,14487,14501,test
d5fbda22-e431-4fa3-abf9-f57433d67942,set04,video_0001.mp4,4_1_1039,14806,14820,train
b4e30c48-b553-4c13-a68a-f148b5c69bbe,set04,video_0003.mp4,4_3_1142,5822,5836,train
42ec41bf-08ea-4b67-a3a8-baa012afc4b2,set03,video_0003.mp4,3_3_335,19577,19591,test
205c54fa-5c46-47d3-8d6e-828f7c21c8c0,set01,video_0002.mp4,1_2_50,15763,15777,train
a3ad1411-9638-4e93-89b0-99ac28677536,set04,video_0002.mp4,4_2_1118,14662,14676,train
9f0203e9-f896-4a6b-b802-e79d7b7e7776,set01,video_0003.mp4,1_3_74,9886,9900,train
edcd1939-57b8-4ebf-a512-8d5a9b494c92,set04,video_0004.mp4,4_4_1191,5522,5536,train
9c1d2683-2f98-44e5-bfc4-c872e1a2016d,set03,video_0010.mp4,3_10_691,12212,12226,test
96b6a283-3576-4544-b241-781b4221bfc8,set01,video_0002.mp4,1_2_55,6576,6590,train
1b82fce4-9a7f-460b-9637-dee1ba85a425,set02,video_0002.mp4,2_2_174,16483,16497,train
cdf8c66a-bb7d-4575-9854-1e9e4faac2cd,set03,video_0003.mp4,3_3_329,17615,17629,test
fdb15491-4537-48e7-a346-b0f8b0c9b02f,set03,video_0006.mp4,3_6_460,12355,12369,test
9127406d-8325-4a94-a9ff-6c13783a9dc5,set04,video_0012.mp4,4_12_1610,17340,17354,train
79d0b7e7-b7c2-4592-8f93-d37b3529e2a3,set01,video_0003.mp4,1_3_76,9899,9913,train
58087d57-c2d6-4df2-9bc7-e576b72724c2,set03,video_0010.mp4,3_10_654,6584,6598,test
e1a9a4a2-76ab-4159-90da-8d80cbeab920,set04,video_0015.mp4,4_15_1710,14003,14017,train
cbe23dae-0bfd-4bdc-a9d3-00d518d9c5f8,set03,video_0016.mp4,3_16_924,3756,3770,test
9f458293-5c1f-4e12-9744-03e65c07fe10,set04,video_0009.mp4,4_9_1433,7044,7058,train
3249ac50-1dc1-4d51-8774-256a0401ff69,set04,video_0015.mp4,4_15_1691,6478,6492,train
f9d62ca4-0b75-46a0-bccd-27d58a6dcffc,set04,video_0002.mp4,4_2_1099,13304,13318,train
d693028a-de79-4b2d-8195-2bad1955ae19,set03,video_0010.mp4,3_10_660,14554,14568,test
018387ea-bb6a-437b-bc55-36c234663e61,set03,video_0005.mp4,3_5_396,3128,3142,test
ed598b93-1473-45f8-a414-47f2eb868740,set03,video_0013.mp4,3_13_810,6675,6689,test
480634fa-c805-4142-a7b7-23b58c8b4f5a,set04,video_0003.mp4,4_3_1124,369,383,train
28e368b0-ab4a-4039-a688-73d1bbfec9b9,set01,video_0002.mp4,1_2_43,12239,12253,train
e26856d8-15db-4306-aaf7-98721ba33c8a,set01,video_0003.mp4,1_3_71,9533,9547,train
2b24cfd0-3037-411c-af73-660cfd750f8a,set04,video_0012.mp4,4_12_1551,2073,2087,train
bf077e00-f3b7-4eb8-a7d9-15cc2203051a,set01,video_0003.mp4,1_3_88,14954,14968,train
b93399ec-5a31-4bbc-92e9-90936f2871d9,set01,video_0004.mp4,1_4_105,436,450,train
aeecb2aa-2970-4b35-8ab4-0aee5e0a060b,set01,video_0002.mp4,1_2_45,12270,12284,train
7c8a819c-ba9c-4063-bf5b-343707364c2d,set04,video_0015.mp4,4_15_1706,12577,12591,train
34f3c26b-30a1-4f1d-9e04-fc403e73ae88,set02,video_0003.mp4,2_3_205,5974,5988,train
c283d7c2-fa87-4c8b-8641-66f22602f048,set03,video_0004.mp4,3_4_379,15583,15597,test
c284f807-5ce2-44b3-b334-bd58989d079b,set03,video_0009.mp4,3_9_621,13986,14000,test
c5071d6d-9010-4ecc-9893-5d280b8d3679,set04,video_0011.mp4,4_11_1528,829,843,train
6ad387a1-683b-4d1d-88d6-c0a3a46c993a,set04,video_0006.mp4,4_6_1232,2617,2631,train
541044b5-9d4a-4f98-969d-71fc409d65c4,set03,video_0001.mp4,3_1_267,17009,17023,test
7b370a0e-4b6a-45ef-ad36-ef9d4332269e,set04,video_0007.mp4,4_7_1294,2331,2345,train
9a059454-c99d-44fb-81dc-5bec0e6ea63a,set03,video_0008.mp4,3_8_555,15135,15149,test
41ac0d4b-b0e8-47b3-8fa2-204c1e155b6e,set02,video_0001.mp4,2_1_129,15695,15709,train
49ac3e7e-e20b-45f2-abf3-f00a11e3580e,set03,video_0017.mp4,3_17_961,9553,9567,test
e7223690-aa94-418e-8b75-2d4b431f8853,set01,video_0003.mp4,1_3_67,3701,3715,train
162c2c69-5a25-457e-b328-db251ca36268,set03,video_0010.mp4,3_10_630,826,840,test
59cd8f12-a5e6-4071-a6ec-0cbeddcf7cbf,set03,video_0010.mp4,3_10_675,12143,12157,test
35f76b7e-a45d-4308-9cae-5e694b61831c,set03,video_0003.mp4,3_3_325,15797,15811,test
45b27b06-51af-42e5-b69e-a08548a3bc60,set04,video_0002.mp4,4_2_1065,3094,3108,train
60d2f1e8-eb2b-43e4-9408-77ece18df622,set04,video_0004.mp4,4_4_1194,9055,9069,train
dec4bf65-5324-45a0-849a-ddda30b4d67f,set03,video_0013.mp4,3_13_812,20409,20423,test
8d18e1b1-d326-4693-80ed-7816b793d257,set04,video_0012.mp4,4_12_1603,15186,15200,train
31d4e972-09b2-40ba-ab8e-554cece58175,set03,video_0010.mp4,3_10_678,13459,13473,test
496cf4fe-b821-454c-b99f-451454ecab14,set03,video_0003.mp4,3_3_342,20092,20106,test
22056fd9-f674-462f-9a81-e8a92147ab1f,set04,video_0003.mp4,4_3_1122,438,452,train
53f12e7b-f7c2-4ac0-82d7-e447b1c5e835,set04,video_0010.mp4,4_10_1497,5894,5908,train
7d9eac8d-0c66-404f-bfb0-15f807a0eab8,set03,video_0019.mp4,3_19_994,7552,7566,test
241274bc-7331-4fc2-815f-3e68003ea92f,set04,video_0010.mp4,4_10_1479,847,861,train
ff79c870-cb59-43c3-b5bf-f39c4eaf8eac,set03,video_0004.mp4,3_4_350,9425,9439,test
e5d585ec-b18a-4bc6-ac22-d613c3e055c4,set04,video_0015.mp4,4_15_1709,14003,14017,train
43b29052-b96f-4a70-b2d0-9004a9ba5537,set04,video_0012.mp4,4_12_1558,4410,4424,train
c3e554ab-6671-4fa8-87e2-3ca2d10dcfa4,set04,video_0005.mp4,4_5_1231,15195,15209,train
de8111ac-3599-48e4-b4cf-24127f95decd,set03,video_0018.mp4,3_18_978,15037,15051,test
7006940a-d5d8-44e4-b0a8-32af22d654c6,set03,video_0014.mp4,3_14_825,10416,10430,test
14a5be31-7deb-45f2-9b08-30de6a942d33,set04,video_0006.mp4,4_6_1249,6134,6148,train
a5ec41f3-1e85-42c3-bbaf-f5fe14556876,set03,video_0001.mp4,3_1_244,8526,8540,test
32bc3bca-b63a-4206-81b3-17d2af6a7567,set04,video_0007.mp4,4_7_1366,17404,17418,train
a5ad3a49-60e1-4b14-940a-83a9ee10f7e7,set03,video_0003.mp4,3_3_309,1476,1490,test
aac8a583-aa20-4ccb-bd03-757f04c5bf80,set03,video_0015.mp4,3_15_832,3194,3208,test
6d7afbfe-171a-427b-97eb-03654a129cdd,set04,video_0012.mp4,4_12_1616,18147,18161,train
9fd9ad72-b3d3-42af-a111-f0e4fb28b216,set04,video_0012.mp4,4_12_1582,6659,6673,train
2059233d-6c86-49d7-a1d9-16419243df60,set01,video_0002.mp4,1_2_35,8077,8091,train
3f495406-23d3-45b4-bfe2-8729e2571767,set01,video_0002.mp4,1_2_53,4644,4658,train
51f3eb2a-9969-4b66-9fd1-a7ca128668f8,set04,video_0002.mp4,4_2_1056,2584,2598,train
3f6749bb-35f1-4284-a6b9-e1c6c4f921c4,set04,video_0010.mp4,4_10_1499,7249,7263,train
ec90b918-e571-4044-a5b7-2261e3cb8152,set03,video_0012.mp4,3_12_742,5865,5879,test
d72ce930-f529-46bb-8b5d-a996bc8be24f,set01,video_0001.mp4,1_1_6,1456,1470,train
4cf1884d-1a4f-4839-8ab8-4796bc59a17a,set02,video_0003.mp4,2_3_195,1123,1137,train
749c1014-da12-4537-abde-a75d0993c62b,set04,video_0012.mp4,4_12_1623,18568,18582,train
368501a1-d5c7-4c83-9434-90b94c519287,set04,video_0006.mp4,4_6_1241,6122,6136,train
cb2025d1-0d56-4f30-8f74-31d3a3c45cfc,set04,video_0007.mp4,4_7_1328,8069,8083,train
e726f75c-3e03-4be7-a051-685d92eeacc1,set04,video_0010.mp4,4_10_1503,7314,7328,train
789e84e8-720f-42d7-a775-25b9679f3950,set04,video_0012.mp4,4_12_1555,3686,3700,train
8e83fc8b-991a-465a-bd4d-060c136b8e34,set01,video_0003.mp4,1_3_97,17609,17623,train
7eb74900-ac71-470b-bc5a-dae46ae5b440,set03,video_0017.mp4,3_17_965,11101,11115,test
b24fdcc2-c8d4-4a0f-8c7e-bdc20bc05750,set04,video_0002.mp4,4_2_1114,14240,14254,train
5471c227-5d1e-4cca-b776-e40b881ea75b,set02,video_0002.mp4,2_2_156,6848,6862,train
ee9bcad4-dc16-4e17-8942-ba083f585090,set04,video_0015.mp4,4_15_1686,4791,4805,train
7c96ac62-3ed1-42c6-8a1d-dc40136f0796,set04,video_0003.mp4,4_3_1160,15006,15020,train
7f24f987-0019-4689-8ee3-396eede6b3fa,set03,video_0015.mp4,3_15_834,3296,3310,test
a07e66a6-e9aa-40fe-b98a-62832a8e6a98,set02,video_0002.mp4,2_2_160,10776,10790,train
1966708d-7a1e-442d-ac0b-c13440762d54,set03,video_0008.mp4,3_8_533,6692,6706,test
9c3878e8-5e3e-4d53-85dd-73a423f126fd,set01,video_0002.mp4,1_2_52,16067,16081,train
41b43212-042f-4f3b-b535-ff718f4bcfc6,set03,video_0015.mp4,3_15_829,3159,3173,test
3a85bd92-04fa-4143-ba8e-71bbef6a326a,set04,video_0009.mp4,4_9_1455,10234,10248,train
26f7cb17-e1c3-473d-b7a4-f7114e511150,set03,video_0011.mp4,3_11_713,14487,14501,test
c4c5069b-f084-4d34-b966-7f91842366b6,set04,video_0014.mp4,4_14_1670,16722,16736,train
7138bfac-2f30-4a5b-ba52-81774c68c5d1,set04,video_0002.mp4,4_2_1098,13246,13260,train
7fe77b17-2e5b-4220-bd9a-5a4946be13df,set04,video_0006.mp4,4_6_1233,2617,2631,train
7b23d392-6d5e-4fab-b186-b4dfb1259032,set04,video_0007.mp4,4_7_1332,10531,10545,train
501f68fa-1539-4452-ae3a-e4354b761b3c,set04,video_0005.mp4,4_5_1217,11085,11099,train
564c5fce-80de-42e7-8da4-1e915bf67a5e,set03,video_0009.mp4,3_9_584,1597,1611,test
197a4f98-8211-4135-854e-da461fbb15fd,set04,video_0010.mp4,4_10_1496,5808,5822,train
fab108f7-926a-4f5c-bb57-997045823f16,set03,video_0003.mp4,3_3_328,17615,17629,test
54544cc4-b473-470f-9c8f-30d44b36bace,set04,video_0009.mp4,4_9_1423,5669,5683,train
83fcf869-ecd8-47ff-b24c-f6d4d2fbaadf,set02,video_0002.mp4,2_2_161,10744,10758,train
6354ba75-2d64-4972-a7eb-b71ffb1eb4cf,set04,video_0007.mp4,4_7_1317,6098,6112,train
4fd015eb-4507-4842-ac4a-4300b68918c5,set03,video_0019.mp4,3_19_995,7451,7465,test
2f1e6c60-455f-49b4-a91d-78c4e2dfbf5d,set02,video_0003.mp4,2_3_194,934,948,train
f4958e4b-6007-46bf-8cd3-ba0d1d0dc7de,set04,video_0006.mp4,4_6_1261,9413,9427,train
67197214-0630-47c6-9819-f229b17d9821,set04,video_0007.mp4,4_7_1326,6805,6819,train
ed7e071d-4b10-47c7-84c2-2459fa6cd381,set04,video_0015.mp4,4_15_1674,1004,1018,train
10a5ea4a-5ec7-4a7b-a611-085c9cec694a,set02,video_0001.mp4,2_1_131,15632,15646,train
63802d89-9328-435e-94d9-2f66c3456b6e,set04,video_0012.mp4,4_12_1575,5468,5482,train
f6d9b019-a89d-4d39-b3ec-e4bbd02909b9,set04,video_0003.mp4,4_3_1135,3222,3236,train
33b7ce90-2bd7-40dc-8ab5-f7390a58a429,set04,video_0002.mp4,4_2_1058,2584,2598,train
359db89a-a47a-40d3-8b3f-708f7900903a,set04,video_0012.mp4,4_12_1600,14983,14997,train
fd6d4cc4-5f4e-40aa-be8a-b8a5a87fc091,set03,video_0010.mp4,3_10_686,12252,12266,test
91666cf6-8551-4b44-b8ba-50af7f1296a2,set04,video_0012.mp4,4_12_1550,2073,2087,train
98704166-ae78-4f46-9a52-9fd5651ee55e,set04,video_0002.mp4,4_2_1087,12072,12086,train
ea8befa5-e16a-4620-a668-1baf788fc1fe,set01,video_0002.mp4,1_2_56,11521,11535,train
73527c6f-b04c-46d2-a99d-7dd879d16c98,set03,video_0003.mp4,3_3_331,18004,18018,test
a109d078-1c97-431c-9d57-c7f6281aa6b9,set04,video_0011.mp4,4_11_1532,4655,4669,train
b7f22707-4692-4156-b146-adac69c51263,set04,video_0004.mp4,4_4_1167,501,515,train
f438ea29-f795-493b-aa07-912c26f50510,set04,video_0012.mp4,4_12_1597,12822,12836,train
4e519c76-6e37-4362-afaf-85406bc15ca2,set03,video_0009.mp4,3_9_620,13986,14000,test
43fcd61d-d411-484a-bc0b-1c3bb675a3b7,set04,video_0010.mp4,4_10_1508,10475,10489,train
1008a7ef-5d09-4f82-b227-5f108ebc069b,set04,video_0004.mp4,4_4_1179,3987,4001,train
d509344a-cbb3-48b2-a06a-5c30330eb307,set04,video_0009.mp4,4_9_1466,14558,14572,train
c665d129-6065-4a52-8355-5e68c5492d0d,set04,video_0007.mp4,4_7_1365,17304,17318,train
3702401d-bd09-4c87-877d-54c8bd53f77c,set03,video_0003.mp4,3_3_332,18003,18017,test
0c1772e6-2191-4b44-b9f0-80176b87ddf6,set03,video_0016.mp4,3_16_925,3795,3809,test
b9f7783a-ee9b-436c-bbea-17b61881afab,set03,video_0010.mp4,3_10_631,826,840,test
f576cfe8-167e-43c7-8732-8c9ea75e889b,set04,video_0003.mp4,4_3_1137,3499,3513,train
ee80bb55-7766-4d71-b32b-7e4d9bb35692,set03,video_0017.mp4,3_17_949,175,189,test
58cef8ab-8c79-432d-b9dd-d570500e23c3,set01,video_0001.mp4,1_1_15,13707,13721,train
620fdd20-07a1-44a8-b627-b4be6602a02e,set02,video_0002.mp4,2_2_181,2767,2781,train
084d237a-facb-4822-b829-90653c2a4886,set04,video_0009.mp4,4_9_1432,7044,7058,train
6cfed70d-fa73-4258-aabb-da3f1ee950b4,set04,video_0001.mp4,4_1_1028,14032,14046,train
7021e31c-f794-48c7-9de5-54a02d6d6263,set03,video_0008.mp4,3_8_537,8320,8334,test
68149f68-fcb6-4571-9114-4eac0f87574d,set04,video_0012.mp4,4_12_1544,291,305,train
ab496512-4fa1-402a-a27b-b4b4fe671a43,set04,video_0010.mp4,4_10_1478,847,861,train
b6eeb5c6-1439-47cc-9e7e-3212bc411652,set03,video_0016.mp4,3_16_918,2527,2541,test
de567bf9-3208-42f6-b6a6-328cb4013adb,set03,video_0004.mp4,3_4_349,8291,8304,test
ca845063-7a12-4832-9bd1-3405576459ef,set03,video_0015.mp4,3_15_893,10579,10593,test
105e6053-f558-4ed6-94ce-33f22f5a5932,set04,video_0012.mp4,4_12_1559,4410,4424,train
039f2976-11f5-48b3-9909-55ec49c76dde,set04,video_0008.mp4,4_8_1410,15928,15942,train
481e3fa1-2a98-4dd0-bcad-48967e7bc580,set02,video_0002.mp4,2_2_192,4553,4567,train
431f3515-980f-492a-a1a6-24067bd9288b,set04,video_0007.mp4,4_7_1292,2414,2428,train
9d737123-ca90-40d1-b624-35709ac62a5e,set04,video_0004.mp4,4_4_1203,15599,15613,train
54f5fd83-0d2f-4025-983a-3ccbc0a40af3,set03,video_0015.mp4,3_15_828,3159,3173,test
7ebbe4b1-d92a-4441-999f-64f11fbd2be6,set02,video_0002.mp4,2_2_159,10562,10576,train
f2278c36-a76d-4f80-af72-d4aa178f99ff,set03,video_0010.mp4,3_10_652,6202,6216,test
89aef694-64cb-4ab7-902a-67a3d733d917,set01,video_0004.mp4,1_4_111,7821,7835,train
91f26379-79ba-4094-a294-d5eb8d2b7b51,set01,video_0004.mp4,1_4_112,304,318,train
5ea0e128-4b60-47fa-908e-9eab4ba0a270,set04,video_0006.mp4,4_6_1234,3039,3053,train
c3b5357d-cdc7-43cb-b086-10e63310bd28,set02,video_0001.mp4,2_1_124,11203,11217,train
6410ff09-9bd8-47e5-86cc-6795b6f9ab16,set04,video_0005.mp4,4_5_1209,9492,9506,train
091de744-b005-4a1d-95ae-02f8a48bb6c3,set03,video_0010.mp4,3_10_683,12143,12157,test
6a7de551-d59a-4e3a-a5fd-6835f153300e,set02,video_0002.mp4,2_2_154,5745,5759,train
c89ed3f7-a3d7-45ef-8fa3-10cfbe514dc2,set03,video_0016.mp4,3_16_915,15316,15330,test
8362357f-14d4-4c7d-aff9-8d15e93141f0,set03,video_0010.mp4,3_10_671,13538,13552,test
f870a0bb-89c9-496b-9fb0-ac548b21c424,set04,video_0006.mp4,4_6_1255,9428,9442,train
e5a78ec3-78cb-4e9f-8ebb-9993e8cc4ed1,set04,video_0007.mp4,4_7_1359,14749,14763,train
9f8022dd-7f86-416a-8740-385527c15b9a,set03,video_0010.mp4,3_10_674,12143,12157,test
faf6e520-8074-4eb0-b301-5449ca264313,set04,video_0006.mp4,4_6_1240,6122,6136,train
8200271a-fe50-45d8-8102-eb12a325468b,set04,video_0003.mp4,4_3_1141,5792,5806,train
100d899d-7cc6-4fd7-a549-26622c14f436,set04,video_0004.mp4,4_4_1172,1572,1586,train
52332a00-c136-4619-a899-50131b60f302,set01,video_0002.mp4,1_2_34,8077,8091,train
42e4e519-0255-4298-9b16-bb358c8085a1,set04,video_0010.mp4,4_10_1502,7314,7328,train
aed78740-cfeb-41ef-aa51-d7f638342379,set03,video_0003.mp4,3_3_307,2362,2376,test
567cfab9-6ae3-4fff-a2b1-d1ad8509c5a0,set02,video_0002.mp4,2_2_158,8524,8538,train
5f6f06d6-e880-48d0-abb3-c9f9f5b3293f,set04,video_0007.mp4,4_7_1318,6098,6112,train
0e4f1cd8-5728-43bf-a82f-47c1393ce95e,set04,video_0008.mp4,4_8_1399,10752,10766,train
3b6471fd-2a77-4b13-b859-938dec35bdd6,set04,video_0012.mp4,4_12_1607,16700,16714,train
6469e13c-1f31-43ef-8554-1522862cadc3,set04,video_0007.mp4,4_7_1303,4592,4606,train
fd1aa5b0-2c27-490a-b73e-1c20db2855d4,set04,video_0008.mp4,4_8_1392,8433,8447,train
d2e3091b-0b04-4a24-b0c1-b51ce87c9c40,set04,video_0012.mp4,4_12_1591,12808,12822,train
bc280153-42f0-454c-b2b3-d1f6661ddf60,set04,video_0002.mp4,4_2_1057,2584,2598,train
241c580d-50bd-4eb5-b0ad-2d445ce98e79,set04,video_0012.mp4,4_12_1578,6001,6015,train
05306a56-e1f4-439e-b5d0-61af46a9e8cf,set04,video_0005.mp4,4_5_1223,13453,13467,train
9ec010ba-a5ba-4cb4-9c24-28b7401f8ab1,set03,video_0004.mp4,3_4_356,8358,8372,test
fec647ca-5ba9-46f5-96b2-b59384b44f91,set04,video_0002.mp4,4_2_1083,11142,11156,train
5b9c92b8-a4c7-496c-9a0b-85cf2f0ccf56,set03,video_0019.mp4,3_19_997,9647,9661,test
0d69d36f-1aa6-4dfb-94f5-a3c5b5f94ffd,set03,video_0014.mp4,3_14_826,13546,13560,test
51f072f6-716d-498e-8652-57712a1de671,set02,video_0002.mp4,2_2_191,3710,3724,train
fda97c35-fd7e-48ac-90f3-b1e33e539031,set04,video_0009.mp4,4_9_1471,15792,15806,train
22e28567-632e-4080-8b6b-d9587ff5805a,set04,video_0012.mp4,4_12_1557,4037,4051,train
ad922245-821e-4c11-a191-e47491384ad2,set04,video_0007.mp4,4_7_1308,4592,4606,train
64a1d3d4-5b17-4a10-bcad-8e3adca43b49,set03,video_0009.mp4,3_9_616,11115,11129,test
c51027f7-0f19-46f0-af4f-f10ac5380fe2,set04,video_0014.mp4,4_14_1671,16722,16736,train
bc11064e-f05c-4b3e-90bc-9398f3852d79,set04,video_0016.mp4,4_16_1717,16980,16994,train
a305aab6-8e08-49fd-b5e4-e6765917513f,set04,video_0004.mp4,4_4_1178,3497,3511,train
50608f19-8a8f-4870-998a-414c7fcf39d8,set03,video_0004.mp4,3_4_376,15590,15604,test
57a7f074-a0ce-428b-aa74-32e12f0e6f6c,set04,video_0001.mp4,4_1_1037,14826,14840,train
fe72de9c-2270-4c48-924d-98a4bcb7c069,set04,video_0015.mp4,4_15_1698,9557,9571,train
e60ce3ad-026e-4908-ab23-0b7fa84a0409,set04,video_0012.mp4,4_12_1569,4660,4674,train
8ec6c753-f4d4-439b-b8cb-16cce37c752b,set04,video_0007.mp4,4_7_1304,4592,4606,train
7fd46a89-de30-44cd-98e2-d94923591eaf,set04,video_0011.mp4,4_11_1531,3019,3033,train
fed9e2e9-769f-4fe7-ab67-8649a5fff927,set04,video_0004.mp4,4_4_1173,1716,1730,train
4d282cb7-aba1-4cff-bf6d-611cc015022c,set03,video_0017.mp4,3_17_966,11057,11071,test
7c95cc79-3310-43c9-b4d6-dabb04f59b37,set03,video_0016.mp4,3_16_941,3698,3712,test
61790721-d5e5-4270-b023-e32daedb80d0,set04,video_0002.mp4,4_2_1085,4736,4750,train
562a51b4-293e-4164-82ff-ec35276fc336,set04,video_0006.mp4,4_6_1264,12063,12077,train
badd9359-393f-497a-b9a8-15cd76e59d5f,set04,video_0002.mp4,4_2_1091,12699,12713,train
e2716e3c-cffc-4a56-b7ae-0ac7a6203b9f,set02,video_0001.mp4,2_1_134,16318,16332,train
bebd1364-2ec4-42ad-9395-b00f29dc551e,set04,video_0007.mp4,4_7_1310,4957,4971,train
2c0e6969-6445-4924-aad4-999b61d17d3d,set03,video_0010.mp4,3_10_692,12143,12157,test
6f1bbe66-0e5e-4ac6-8e9f-bcfec6996033,set01,video_0003.mp4,1_3_70,9806,9820,train
2c1d092b-8173-4b30-8465-ad1cb60b3d56,set04,video_0002.mp4,4_2_1088,12199,12213,train
ad4bf561-bd74-4543-a8c6-1496866dc212,set04,video_0005.mp4,4_5_1214,11072,11086,train
ccd4a8f1-5a95-4eef-a350-38d98a08b3ec,set04,video_0010.mp4,4_10_1505,7314,7328,train
da9b8247-2439-48b0-8b5e-7932015de03d,set03,video_0015.mp4,3_15_889,7940,7954,test
f981f2ec-d034-43d6-a3c9-e160f5ce5092,set02,video_0002.mp4,2_2_177,16614,16628,train
d453ec5e-fd82-47a3-88ce-d6681d0475ef,set04,video_0008.mp4,4_8_1391,8346,8360,train
9c5c13bc-6d12-4167-af29-3d2bea15acd0,set04,video_0007.mp4,4_7_1287,1143,1157,train
e34a8a5d-d491-497e-b24a-79c2c405a19a,set04,video_0015.mp4,4_15_1678,2574,2588,train
360cb91e-c86b-41ad-9f01-fe7da892efd6,set01,video_0003.mp4,1_3_95,16734,16748,train
935edb54-dc16-4c68-925e-c0dcee66879b,set04,video_0015.mp4,4_15_1689,6402,6416,train
5d9f8491-6e1c-4f94-ae51-ea534ffdc6cd,set04,video_0002.mp4,4_2_1081,10695,10709,train
6ddfbd1f-818b-43ea-9f9b-aa8f15fd1174,set03,video_0010.mp4,3_10_676,13538,13552,test
fafc822b-db33-4455-9f83-cadc0126908f,set02,video_0001.mp4,2_1_125,11340,11354,train
c5ff74eb-9b41-40fd-9b46-4d6b8e57d864,set04,video_0012.mp4,4_12_1596,12822,12836,train
cb33096a-4c43-4841-a2a1-68d60c47be07,set04,video_0015.mp4,4_15_1702,9707,9721,train
b48dc16d-e646-492a-9225-8810b66c8ac1,set03,video_0004.mp4,3_4_383,15618,15632,test
0f554deb-e7c2-4445-b551-1dbee8277b1c,set04,video_0004.mp4,4_4_1189,5375,5389,train
c7fb5de5-f761-406d-ad99-fcafefc18c47,set04,video_0012.mp4,4_12_1576,5475,5489,train
b75c2d63-8509-4941-8a79-b39b3fda5d99,set03,video_0006.mp4,3_6_438,7060,7074,test
757120c7-543d-444a-afcd-317b4d812295,set02,video_0002.mp4,2_2_186,2878,2892,train
7df6f7d2-3315-462d-84ac-3d205fcf53c9,set03,video_0015.mp4,3_15_864,6515,6529,test
dc5ef460-b456-42a5-bab5-9a3468e59a01,set03,video_0010.mp4,3_10_688,12143,12157,test
b6b74911-4290-452d-8489-1a72afdae039,set03,video_0010.mp4,3_10_684,12143,12157,test
a8781e0e-12ec-4c40-90d8-01f0906dbb64,set01,video_0003.mp4,1_3_93,16413,16427,train
e5b72b61-2558-4a31-84f8-60e08ee6c074,set01,video_0002.mp4,1_2_38,10423,10437,train
dbc26555-cc22-43aa-b91e-f8d840544a56,set03,video_0013.mp4,3_13_811,6775,6789,test
6c937a38-91ee-4f85-98f1-f0e8e673835f,set03,video_0009.mp4,3_9_623,14219,14233,test
631ec052-6fbd-4a79-9fd8-e0b110bbc08d,set03,video_0011.mp4,3_11_718,15325,15339,test
8588c851-c5d3-4ee6-ad58-20135896f510,set01,video_0002.mp4,1_2_29,7106,7120,train
210a141c-cdf3-4427-b2ca-39414b5c5b3c,set02,video_0001.mp4,2_1_115,3026,3040,train
89a77726-0cd0-468b-a6aa-c5624c7ef9ee,set03,video_0004.mp4,3_4_354,9561,9575,test
2249b4d3-6309-4d50-a41e-040b772e3658,set04,video_0011.mp4,4_11_1527,829,843,train
d1d161fb-b8c1-4bf7-9128-ab689cb1d3b8,set03,video_0016.mp4,3_16_930,2801,2815,test
612babb2-3974-4ea5-a2bc-5ee08bd09e58,set03,video_0003.mp4,3_3_338,20052,20066,test
9e5c6323-a8a6-4911-af3e-f7da8b9e69ce,set04,video_0005.mp4,4_5_1211,11025,11039,train
14e805df-443f-4ea6-ba1c-8f9a7daa415c,set04,video_0007.mp4,4_7_1362,16052,16066,train
2faff32e-999e-4c7a-83f5-f8594a501ca4,set03,video_0016.mp4,3_16_935,3160,3174,test
8ac5b0f7-6352-4f80-955b-109c066f8b66,set03,video_0011.mp4,3_11_714,14502,14516,test
8e23ba33-1e37-48b2-ae85-a986d4dbaa91,set01,video_0003.mp4,1_3_87,14184,14198,train
c85c0d77-b746-44f6-8b5d-36782decd630,set01,video_0003.mp4,1_3_81,12461,12475,train
ed4abeb5-88f9-4ce5-9e6b-fab731a95bb8,set04,video_0012.mp4,4_12_1543,291,305,train
6062c55c-7cbe-4df8-aec5-2da49e85b300,set04,video_0007.mp4,4_7_1319,6200,6214,train
34639f47-631f-4753-a0b3-165553d5bd1f,set01,video_0002.mp4,1_2_41,12264,12278,train
8753d359-6e38-4c08-a477-14931d99ce83,set03,video_0015.mp4,3_15_892,7772,7786,test
d78460d9-f31c-42c0-ba17-76c4adadf3b7,set03,video_0016.mp4,3_16_942,4098,4112,test
d7a230df-fa76-48ba-af56-b5827fb90396,set04,video_0005.mp4,4_5_1213,10999,11013,train
c86838ad-3645-43e4-8e23-287b457e39ea,set03,video_0010.mp4,3_10_656,6559,6573,test
51b8fb61-1c6b-4355-a733-c4a49cf83aad,set03,video_0001.mp4,3_1_266,16911,16925,test
16c953e1-6f88-4c03-850c-bff536b62a04,set04,video_0003.mp4,4_3_1156,14051,14065,train
1c651f45-765e-4d38-b4cb-ec5b296ee9ae,set01,video_0004.mp4,1_4_107,1871,1885,train
1f792e59-2e19-45c9-bbb5-1820bd1a15b7,set03,video_0016.mp4,3_16_934,3046,3060,test
282a0ead-6236-4d05-9baa-3d1b7b48cb6c,set02,video_0003.mp4,2_3_198,1275,1289,train
faa16f92-0c90-4329-aa02-64b325a8f1c2,set03,video_0010.mp4,3_10_632,826,840,test
d3c4feae-6c9a-4d78-b65a-e1ba0a9acd50,set04,video_0004.mp4,4_4_1204,15796,15810,train
d461750c-d1c2-459c-8e37-01c9c624b236,set04,video_0007.mp4,4_7_1358,14643,14657,train
43298cc8-6634-45ab-8a5e-4832a2f28c2c,set04,video_0007.mp4,4_7_1335,10531,10545,train
8437718b-a9ea-4b20-9bf8-b95401f6bbfe,set03,video_0005.mp4,3_5_412,10336,10350,test
81da1a76-dcff-4e6a-96be-2c943d655bc1,set03,video_0004.mp4,3_4_353,9549,9563,test
d299a31b-4c57-42a6-978f-7f675dc39595,set02,video_0001.mp4,2_1_133,15732,15746,train
f4ecd00a-bf64-431f-91e9-501f773455dd,set04,video_0015.mp4,4_15_1694,9330,9344,train
153c7c45-6e2b-4321-9217-7912309eb9ef,set03,video_0009.mp4,3_9_604,5062,5076,test
dabb0c30-6d5d-4abb-b841-96c7d1d055cb,set04,video_0012.mp4,4_12_1590,12808,12822,train
0fddedb8-77dc-4ab6-b5eb-10b8015b388b,set04,video_0005.mp4,4_5_1216,11131,11145,train
80912411-f1b4-427b-8cef-2b9ecfdac262,set01,video_0001.mp4,1_1_16,13723,13737,train
2f99580f-bb90-435c-bb92-03a71bc8ed0e,set04,video_0002.mp4,4_2_1100,13316,13330,train
5130130e-1ffd-42ab-bc18-3ddc7152c3c3,set03,video_0007.mp4,3_7_513,13791,13805,test
0e50ca2e-c1e1-45d5-9375-e79a47815bb0,set03,video_0008.mp4,3_8_552,13715,13729,test
095a726d-9b45-47f3-bac4-00472cc1688f,set03,video_0007.mp4,3_7_509,12440,12454,test
79ae95a3-ca7d-4b48-b276-cfcbd6a8c160,set03,video_0006.mp4,3_6_477,17523,17537,test
19a0cbaa-ed9f-456a-98b9-c3843d6c2441,set04,video_0002.mp4,4_2_1093,12755,12769,train
b35920bb-5baa-4f27-8eb8-1b01cdfe72b6,set03,video_0009.mp4,3_9_605,10537,10551,test
6b4c79ea-8cdb-4694-86c0-1ec3d7dc863d,set03,video_0010.mp4,3_10_640,3668,3682,test
99bfd00c-3e64-45ea-b452-da6112a70303,set03,video_0016.mp4,3_16_947,12221,12235,test
61599775-053b-4fed-a360-388105ed4fa2,set03,video_0012.mp4,3_12_722,1239,1253,test
71ff801d-d019-404d-9857-3325d673df7e,set03,video_0011.mp4,3_11_698,1055,1069,test
2a26b8a4-2501-4db3-b12f-13e6022b35e7,set02,video_0002.mp4,2_2_164,11539,11553,train
b995fad1-433c-4395-9ded-1af4722df291,set02,video_0003.mp4,2_3_199,1686,1700,train
97d9f69e-0f5a-4281-b3c9-122447818d1f,set02,video_0003.mp4,2_3_216,2164,2178,train
fc531bb5-e6b6-42ff-81d5-56ce675f229a,set03,video_0014.mp4,3_14_818,8206,8220,test
12d522e4-e99c-4033-98be-e636616ffc99,set04,video_0009.mp4,4_9_1462,12388,12402,train
7fac788d-342f-4b83-b25e-c9e83b5559df,set03,video_0002.mp4,3_2_306,13488,13502,test
b6230445-6fad-4ea9-9060-d5155e17125a,set03,video_0001.mp4,3_1_230,3235,3249,test
118c11ac-650f-49d2-869d-e1798ffa5968,set04,video_0002.mp4,4_2_1073,4754,4768,train
3d7d4ca5-bea3-4113-b75d-6fe0c52cb65f,set03,video_0009.mp4,3_9_578,857,871,test
8f19fc0e-07dd-44a3-9999-da41d674ce48,set03,video_0005.mp4,3_5_414,11472,11486,test
c980ce86-aa75-40d5-bc4b-e807a6dbcb94,set01,video_0001.mp4,1_1_3,1410,1424,train
2988c93c-c1bc-4776-9403-5f035c09699d,set03,video_0006.mp4,3_6_454,9781,9795,test
2f9eea15-1b34-4020-a26f-452c12dd1243,set04,video_0006.mp4,4_6_1258,9428,9442,train
b645bb22-a8de-429d-be4d-eafe8447e8de,set04,video_0008.mp4,4_8_1372,4429,4443,train
0acfd4f7-ac3b-4f38-bf22-b1406545e792,set03,video_0006.mp4,3_6_432,2038,2052,test
76554afb-d426-4f5f-b181-294e32107628,set04,video_0008.mp4,4_8_1375,4432,4446,train
cd98c184-43e0-4f14-a166-a769c4882e44,set04,video_0012.mp4,4_12_1629,20741,20755,train
60878930-2e8f-4575-ab98-3529f7b594ac,set04,video_0012.mp4,4_12_1604,15487,15501,train
3f77fa6f-7c1f-43d8-8b6e-edab6b4ca046,set03,video_0015.mp4,3_15_869,6903,6917,test
ffa470c1-bd07-45f1-b324-f99b4d6d464b,set04,video_0009.mp4,4_9_1436,8720,8734,train
f32ae2fb-3085-4c8d-a4a7-869b9c4201ab,set04,video_0002.mp4,4_2_1078,9815,9829,train
089ecf46-5151-4153-98ff-770cdfe5d264,set03,video_0006.mp4,3_6_449,9310,9324,test
2dafc08b-a61e-4a00-84cf-863d61c938ae,set04,video_0009.mp4,4_9_1458,10793,10807,train
f0cee559-8101-4e3e-97fc-057447a542e9,set03,video_0011.mp4,3_11_705,4741,4755,test
35e7aad6-3603-4671-8d2d-f99339817e6b,set03,video_0015.mp4,3_15_870,6903,6917,test
ed524553-0fb5-43d8-9da6-cb35edb865c3,set04,video_0012.mp4,4_12_1580,6402,6416,train
043a4ed8-bf62-4ed4-b8c9-449bb9d4de77,set03,video_0018.mp4,3_18_976,14641,14655,test
d2c259b2-518e-4742-9d94-c2ca4564ec2f,set03,video_0012.mp4,3_12_798,16580,16594,test
fb7dd1c0-e27c-4d32-9edd-5d7df27d26b1,set01,video_0003.mp4,1_3_78,10825,10839,train
a0fb84f9-d266-4252-9999-690378d3a654,set04,video_0004.mp4,4_4_1195,13041,13055,train
2fdd6cf9-0dfd-4a1d-a26f-a0ffc38ea8e1,set03,video_0015.mp4,3_15_855,5085,5099,test
2c1d394c-b4e0-416a-b76f-a9e41c26f723,set03,video_0019.mp4,3_19_992,1448,1462,test
447aa08f-bbb6-4514-bbdd-170306672538,set04,video_0014.mp4,4_14_1665,12603,12617,train
806b2282-696d-45ff-b9b9-9fe4b6640a60,set04,video_0001.mp4,4_1_1011,7230,7244,train
9e944590-4a6c-4d8a-886f-4958ad9155a1,set04,video_0009.mp4,4_9_1474,15257,15271,train
2084fa04-5923-4cf5-b393-8214d9a9c54d,set04,video_0015.mp4,4_15_1676,1004,1018,train
719ee47b-68ce-4fa7-a9a4-aa0d1c11ca9f,set03,video_0004.mp4,3_4_371,14011,14025,test
9ebc4e9b-2115-4c6e-924c-192ffea6f46d,set04,video_0010.mp4,4_10_1510,12860,12874,train
3f870f44-efc1-495a-87c0-9ef6a9fa9bde,set04,video_0003.mp4,4_3_1163,15051,15065,train
954f0b73-0229-4e15-a305-842e7d2546d5,set04,video_0006.mp4,4_6_1259,9442,9456,train
c789ce91-3067-4810-b4c9-6d3e1c0f0b6c,set03,video_0001.mp4,3_1_246,8691,8705,test
8bbf15f3-f957-4e25-bd73-7f76543ffdb9,set03,video_0010.mp4,3_10_648,3780,3794,test
00593e5f-b384-4d1e-897f-49ac29907b91,set03,video_0017.mp4,3_17_953,2980,2994,test
dfcf54a9-439d-4eae-bb34-4f67f5e3fbde,set01,video_0002.mp4,1_2_37,8854,8868,train
09aaf3f3-a8a1-4788-8980-d60a21bf3e6a,set04,video_0008.mp4,4_8_1388,9595,9609,train
d93902ed-3aa3-4fe5-88ab-20de8bd1666a,set03,video_0013.mp4,3_13_805,792,805,test
6b95aedf-2281-48e4-a704-a0e216a881f7,set04,video_0005.mp4,4_5_1208,6426,6440,train
b1b40a1d-bfb8-4099-84ff-1e6cf65b6204,set04,video_0010.mp4,4_10_1509,12860,12874,train
7c7647d3-9e1a-4c5c-ab1d-e9647b8bfc1a,set01,video_0001.mp4,1_1_1,1097,1111,train
7804f8cc-4181-4483-929f-a4bc688fe84f,set04,video_0015.mp4,4_15_1685,4791,4805,train
80d8fe95-a527-4f1b-a262-fa1a397a7496,set03,video_0015.mp4,3_15_844,4832,4846,test
41f261f8-e00a-4375-a89d-0e92940cf0d5,set03,video_0002.mp4,3_2_281,4508,4522,test
0402cfd1-e1a8-49a3-8d34-50fc7ac0655e,set03,video_0005.mp4,3_5_391,2586,2600,test
2a0c123d-8335-4f4a-a2b0-ccc6128aa860,set03,video_0005.mp4,3_5_402,5867,5881,test
f2707a73-7571-41ae-ac55-2f1f1c5532ec,set03,video_0009.mp4,3_9_571,751,765,test
49db7616-efe5-4f94-ba83-db43e65f11a1,set03,video_0008.mp4,3_8_551,13574,13588,test
3da0e05a-270e-488b-86c1-f1dfac275628,set03,video_0007.mp4,3_7_508,11917,11931,test
ba3f091e-9e87-43ab-9566-469b1507b43a,set04,video_0001.mp4,4_1_1006,3883,3897,train
72fbd4ba-43b7-49ef-845b-3e5bd1704b15,set03,video_0002.mp4,3_2_276,3836,3850,test
ab3ead48-6a4c-43af-a10c-01ed42de696a,set03,video_0007.mp4,3_7_478,3268,3282,test
a7bb5b4e-1fec-49f3-9652-f7b55f03d0ed,set04,video_0007.mp4,4_7_1349,13055,13069,train
0f02e358-18f4-4264-b705-9dfd3a9ccfb5,set04,video_0016.mp4,4_16_1716,4637,4651,train
90a6acd8-edb0-4aae-882a-adc94009b3ac,set04,video_0008.mp4,4_8_1387,9595,9609,train
b554ac93-d2c7-4453-bdfd-a0c2540b15ed,set04,video_0007.mp4,4_7_1360,14643,14657,train
c92865de-60d5-4c0b-9539-54b175bc9219,set03,video_0011.mp4,3_11_719,17736,17750,test
6617f3c0-f80f-4e9a-929d-4406e6c52a27,set03,video_0007.mp4,3_7_499,8457,8471,test
4fcc73be-5797-48a5-8d6d-12354a6992ea,set01,video_0003.mp4,1_3_92,15951,15965,train
d6ba7dbe-33fc-4edd-8b90-9c83f753e9ee,set02,video_0002.mp4,2_2_166,12817,12831,train
555b9e0a-c794-459e-b81b-aaaf8eff2dee,set03,video_0005.mp4,3_5_424,17440,17454,test
70a9f34e-a787-4fa9-8b1f-00759a2d7fd6,set04,video_0010.mp4,4_10_1498,6721,6735,train
da191b0e-d2d7-4036-9228-5a0382b82fe3,set03,video_0007.mp4,3_7_506,11664,11678,test
6682dbc5-036b-48d2-8111-ef1c6610c77f,set03,video_0009.mp4,3_9_570,763,777,test
9794c6ea-902e-40ae-af27-e0628a001458,set03,video_0010.mp4,3_10_644,3750,3764,test
6db2c697-5c45-4454-87bb-c4c46c1ae4d4,set03,video_0015.mp4,3_15_845,4840,4854,test
5655b242-7a1a-47f0-a315-25507da06cb2,set03,video_0011.mp4,3_11_697,1055,1069,test
3444feab-ffb2-42ba-98c3-ff2289b8b4e6,set04,video_0013.mp4,4_13_1647,8007,8021,train
8dcc19ce-11ae-4f10-a786-3331becb997a,set03,video_0009.mp4,3_9_586,1675,1689,test
f9856e09-12ab-463a-a65b-25b8a4e9f3d6,set04,video_0012.mp4,4_12_1594,12826,12840,train
05f1fe5b-3dec-49a6-bd77-ba99259b675c,set03,video_0007.mp4,3_7_483,4842,4856,test
a61e3cc1-5c4a-409a-b48c-ed1c114e1f72,set03,video_0006.mp4,3_6_456,11568,11582,test
a5399a26-7fe5-4c87-bdb2-7ee36a09c24a,set03,video_0009.mp4,3_9_589,3301,3315,test
ddc94c99-5f6f-445e-b72c-2148c24e9088,set03,video_0012.mp4,3_12_760,11343,11357,test
97dfb297-2ab8-4021-bc91-85f94177cd4c,set01,video_0002.mp4,1_2_24,5495,5509,train
c7ed02d9-8700-43a6-acab-5a666bb103dc,set04,video_0003.mp4,4_3_1127,1457,1471,train
33b7d334-0804-48fc-8e19-b0e76658a32a,set04,video_0012.mp4,4_12_1570,4721,4735,train
34735d2e-30e9-45d6-97bc-d77c09a6c130,set04,video_0016.mp4,4_16_1720,11906,11920,train
e2698595-7b7b-4807-9f4a-6736366952a5,set03,video_0017.mp4,3_17_957,5044,5058,test
c44c84d5-e569-49e1-ba18-1135daa6c4a4,set03,video_0015.mp4,3_15_857,5113,5127,test
6f44aa83-1fe8-4054-9723-2616eddbb5a7,set03,video_0009.mp4,3_9_627,15826,15840,test
f4f13167-404c-4b6c-9f32-27ae8d7f6d6d,set03,video_0004.mp4,3_4_363,12217,12231,test
8bcd914e-93b0-4adf-8e6a-0326b77d5074,set03,video_0002.mp4,3_2_294,9995,10009,test
27b0f953-da50-43c9-aab6-2bb66243cd26,set02,video_0003.mp4,2_3_207,3738,3752,train
30eb7152-ba58-4cf0-a592-e126596643e5,set03,video_0002.mp4,3_2_301,11638,11652,test
02ca63df-b322-4c87-9109-8a537ca91f55,set03,video_0008.mp4,3_8_545,12833,12847,test
38c73f26-edcf-4c32-85ef-a2463f1558f4,set04,video_0001.mp4,4_1_1021,10133,10147,train
84f1acf8-2aca-4e49-affd-602ceeb0ce5b,set03,video_0001.mp4,3_1_222,1819,1833,test
a5534e5f-abcb-4b4d-8c37-133db62ca410,set03,video_0016.mp4,3_16_927,4681,4695,test
b6004564-3e6c-4007-9ac0-95df0840c63d,set03,video_0012.mp4,3_12_788,16374,16388,test
bc7597a5-5dc8-4618-b9cd-f1321d1a3857,set04,video_0011.mp4,4_11_1523,591,605,train
1341247b-3b48-40ce-aa9d-627a3911c727,set03,video_0001.mp4,3_1_249,9122,9136,test
26307446-95e6-47bb-ae7f-773d23fde418,set03,video_0007.mp4,3_7_515,14614,14628,test
ce26f4e5-6d30-431f-8852-d2e37cc09c3d,set03,video_0011.mp4,3_11_717,17573,17587,test
c971c876-af9d-4951-b1dd-29c9639ede60,set04,video_0013.mp4,4_13_1643,6842,6856,train
38cf40b6-a494-422e-a754-7b9cd3ccb455,set04,video_0013.mp4,4_13_1644,6842,6856,train
baaef783-45e9-441d-8d59-b5a7cc8c63e3,set03,video_0006.mp4,3_6_450,9305,9319,test
a1b9f99b-2b66-4711-ad18-17e5f4f8a9cd,set03,video_0008.mp4,3_8_559,16228,16242,test
89ad3ab0-1683-4c1e-b31d-d7d148f13129,set04,video_0002.mp4,4_2_1107,13847,13861,train
cc4e659f-a8ea-4c74-9070-3ce7c2cdd122,set04,video_0001.mp4,4_1_1031,5482,5496,train
f314de45-f871-4f45-8503-b424f23cd093,set04,video_0003.mp4,4_3_1164,15400,15414,train
869f473e-5dd5-474a-bfd6-08fe17a599e1,set04,video_0013.mp4,4_13_1652,12537,12551,train
b573a679-5411-4e4e-95b9-4d9b32fc7a0c,set02,video_0002.mp4,2_2_176,16674,16688,train
51d51d6c-bc86-4489-81ce-164ecd64b9f1,set03,video_0006.mp4,3_6_431,2029,2043,test
2bc80710-499d-4107-a001-b13c1cda6d51,set04,video_0009.mp4,4_9_1463,12388,12402,train
915dea11-84b4-4c0c-ae13-47bcfd35ac8c,set03,video_0007.mp4,3_7_523,16551,16565,test
4f17ed5f-8520-4592-8b7d-b4a38d9ef477,set04,video_0002.mp4,4_2_1052,2223,2237,train
9244d484-af2c-4048-8176-e392863f2c04,set04,video_0014.mp4,4_14_1661,8365,8379,train
5f69d8f1-c566-46d7-8d8e-1a0278401df9,set03,video_0010.mp4,3_10_643,3748,3762,test
0a974c2c-2e39-47f4-8f3c-f7daf8de4876,set03,video_0003.mp4,3_3_333,18983,18997,test
d33797d2-d97f-45a5-9425-f78ec48f4cf1,set03,video_0012.mp4,3_12_725,516,530,test
bbeeabe6-c37f-4546-a450-881c132a3e65,set03,video_0008.mp4,3_8_539,8600,8614,test
2922d5ea-69c2-43bd-a06b-508196a65d97,set03,video_0002.mp4,3_2_275,3831,3845,test
0e024364-2735-499d-b1ee-d80f4f6d6e6f,set02,video_0001.mp4,2_1_122,10438,10452,train
93035337-755f-4e8e-a78f-8dfd17008dc2,set04,video_0003.mp4,4_3_1130,2349,2363,train
7e096dc9-1c2e-4e14-bee3-2701649fdf38,set03,video_0009.mp4,3_9_600,3443,3457,test
f5573443-2cdc-4bd9-a4fd-15a914fdf2a8,set04,video_0011.mp4,4_11_1524,591,605,train
45a577d8-769c-49ab-9725-9cff4947a447,set04,video_0008.mp4,4_8_1402,12423,12437,train
ec1e7e24-ff6a-404c-a1ab-5133232b6aa3,set03,video_0001.mp4,3_1_243,8551,8565,test
14b39d88-870a-4e22-a444-c0ff003c5459,set04,video_0003.mp4,4_3_1138,5462,5476,train
798e16d9-9b6f-4140-a1f7-3add49e07f9c,set04,video_0003.mp4,4_3_1129,2349,2363,train
30d59d67-e710-44ae-ae51-4b86c5e51047,set04,video_0002.mp4,4_2_1048,188,202,train
5933a4c8-a576-46a3-a530-fae2a3493e8b,set04,video_0008.mp4,4_8_1381,6065,6079,train
ea2e98f3-65b6-4591-9cd5-e46d5c4d2257,set04,video_0012.mp4,4_12_1626,19244,19258,train
41d75f96-c9fe-4f8f-9a96-33b4fa078fdf,set04,video_0013.mp4,4_13_1641,6386,6400,train
909d861f-bf29-4da9-b804-c0b181e41969,set03,video_0007.mp4,3_7_505,11230,11244,test
8d9d56f2-ad7c-4bde-9758-49498d91f61a,set03,video_0010.mp4,3_10_633,1616,1630,test
f19a3292-8830-4bc4-996f-49d3c4bef9f8,set03,video_0001.mp4,3_1_228,2815,2829,test
ad106faa-b57f-4b2f-a822-df7ccd098278,set03,video_0003.mp4,3_3_313,8114,8128,test
408c7db0-e553-430f-824d-bf8f653cc46a,set03,video_0012.mp4,3_12_797,16995,17009,test
2f3b7f66-753b-49f4-ac1f-e913c1bb9607,set03,video_0015.mp4,3_15_856,5130,5144,test
19507114-5ed3-42f6-a06a-97b2d3babe96,set03,video_0015.mp4,3_15_871,6901,6915,test
43b0e6e0-5606-4e40-96e8-4b019e5884fa,set03,video_0011.mp4,3_11_701,3059,3073,test
efcd8bae-1312-407c-84cb-5a9c670f49a8,set04,video_0006.mp4,4_6_1275,17739,17753,train
0042ab5d-3176-45c0-b37c-6d1130a884d2,set04,video_0010.mp4,4_10_1511,12860,12874,train
46f9e33f-2fa8-4577-b434-6a8c5a62a76e,set03,video_0009.mp4,3_9_608,10514,10528,test
c69f9a77-1a0e-4d90-8812-1e31078b9162,set04,video_0003.mp4,4_3_1143,11348,11362,train
74e874a1-180b-4e4f-96b6-ba72238c8d53,set04,video_0002.mp4,4_2_1109,14028,14042,train
9030057b-087e-49fb-ad7b-3b0ca3d065f7,set04,video_0003.mp4,4_3_1162,15051,15065,train
48a3f565-b8a2-41af-a645-f9de6afcad57,set03,video_0009.mp4,3_9_582,882,896,test
e6c167ad-c84a-4eb3-8033-6dbc846646c0,set03,video_0006.mp4,3_6_453,9769,9783,test
1b7a59b0-3857-4f17-925b-76eb036117bd,set03,video_0012.mp4,3_12_802,17114,17128,test
909563bb-3a9c-42d4-a199-37b429873c8a,set03,video_0009.mp4,3_9_619,13525,13539,test
6111e175-eca9-4f60-a1a9-18d2e6120279,set04,video_0006.mp4,4_6_1269,17451,17465,train
f3847b2d-d257-46ff-a0b9-c32739d249bb,set03,video_0004.mp4,3_4_372,14691,14705,test
bd01e1f7-bc64-4a5d-8305-4741a75745bc,set03,video_0009.mp4,3_9_607,10515,10529,test
460758e6-b516-4cf7-8c41-6ece4193ea67,set04,video_0012.mp4,4_12_1564,4666,4680,train
6487ef8e-7ece-4e26-af5e-23bd787c151d,set03,video_0010.mp4,3_10_650,4078,4092,test
c9c6003c-59f3-4643-b07a-3010ce6314ff,set03,video_0008.mp4,3_8_529,5789,5803,test
2b563403-6dc2-444d-9f7b-e194a9175ae8,set03,video_0010.mp4,3_10_665,15966,15980,test
6121ee24-a4cc-4096-92ca-f2a5c66c5a96,set04,video_0016.mp4,4_16_1719,11780,11794,train
adb92b4d-15b0-43b3-913b-9998da2fcae5,set04,video_0012.mp4,4_12_1566,4689,4703,train
a33533de-3094-4ca1-bb43-813913097920,set03,video_0005.mp4,3_5_416,11650,11664,test
5b6aeefe-58f7-4ed7-bfe7-3773a0522f1b,set03,video_0011.mp4,3_11_702,4741,4755,test
479a1768-8e21-415a-9555-07165478d6da,set03,video_0007.mp4,3_7_501,11155,11169,test
7a2f9508-a8ed-47b7-9a78-08ac5abb9609,set04,video_0010.mp4,4_10_1516,13757,13771,train
40b16131-a6e4-49d0-8715-465df76bc1c2,set02,video_0003.mp4,2_3_217,2178,2192,train
47ad30f7-7540-467e-8323-168f90066263,set03,video_0018.mp4,3_18_971,11911,11925,test
79ece6e0-756e-4098-ab63-d0e1e43b1654,set04,video_0010.mp4,4_10_1487,5408,5422,train
f6976548-6d8d-46f3-bb8b-b43e94b2f693,set04,video_0012.mp4,4_12_1608,17349,17363,train
36d9681b-3647-4613-b3d1-d26adf8d3b81,set03,video_0012.mp4,3_12_770,11443,11457,test
3078df11-6eae-4edf-9da0-fa4948bc5bac,set03,video_0005.mp4,3_5_422,16502,16516,test
9b301325-f45c-445c-b6b1-d43832da846b,set04,video_0003.mp4,4_3_1147,12690,12704,train
965579ca-6325-473b-9721-2d134cfa52d8,set02,video_0001.mp4,2_1_144,17782,17796,train
8f4e358c-ad91-4025-913e-7900f418b5ce,set03,video_0011.mp4,3_11_700,1739,1753,test
83a161b3-c92d-48ce-ab4a-685893432a5d,set03,video_0010.mp4,3_10_668,17984,17998,test
ad9f8484-6b2e-4d76-8af1-6a3d66c6c5a4,set03,video_0005.mp4,3_5_394,2645,2659,test
18090b37-5f76-4c1e-a78f-ab459bea0971,set01,video_0001.mp4,1_1_8,10064,10078,train
0b34cfd1-eb36-4adc-96fb-ccb5f497799b,set01,video_0001.mp4,1_1_4,1410,1424,train
91851224-ac15-4097-9773-e773194e842f,set03,video_0009.mp4,3_9_598,3448,3462,test
c6df1619-1e24-4dbb-bee2-7af35a16c6f8,set03,video_0004.mp4,3_4_344,1585,1599,test
87fd198f-39fa-4368-b3ce-7e28a87e8180,set03,video_0009.mp4,3_9_626,15826,15840,test
7ccdf8af-bcde-4f92-9009-ce6a00eb3ec2,set04,video_0015.mp4,4_15_1683,4456,4470,train
d43a45da-4117-4fe5-aeaa-699bd4e4e2b1,set04,video_0012.mp4,4_12_1634,20806,20820,train
9eb16531-1cdc-4c4c-9803-cd765c01e13b,set04,video_0016.mp4,4_16_1721,11906,11920,train
4e822fcd-4a01-446d-8c5f-963713276886,set03,video_0007.mp4,3_7_502,11144,11158,test
e81e7d26-e742-4e9f-99b2-0c81969e2d5d,set03,video_0007.mp4,3_7_489,5478,5492,test
b4a5410d-d098-43fe-a6e3-3235de93690f,set04,video_0008.mp4,4_8_1400,11177,11191,train
4bfcb4b3-c39f-45b7-bf9b-63b2f072a7f1,set03,video_0010.mp4,3_10_649,3936,3950,test
348d54c2-17ae-40f5-8231-2716a8eb10fa,set03,video_0012.mp4,3_12_761,11411,11425,test
f22c67a1-080d-4b45-8ae5-0b207a3ef498,set02,video_0003.mp4,2_3_213,2167,2181,train
c6690a83-40bc-49b4-81f0-2c974d47728e,set02,video_0001.mp4,2_1_145,17898,17912,train
addb0012-0df0-4974-a4ea-625b92411e7a,set01,video_0003.mp4,1_3_99,17773,17787,train
a59276b0-1b62-4d98-95fc-804a5e219dc5,set04,video_0009.mp4,4_9_1456,9900,9914,train
e75b23e6-25a0-4af6-9e1c-8811c6bf92a3,set03,video_0008.mp4,3_8_558,16196,16210,test
85c9d7d6-3827-41ff-92da-f1902a430cee,set03,video_0002.mp4,3_2_300,10491,10505,test
8628ed88-a46f-47fc-a6e5-9c53264a8475,set03,video_0008.mp4,3_8_560,16916,16930,test
6ba4be68-1bb2-4a9c-b1bb-0f0eedaa581e,set01,video_0002.mp4,1_2_54,6233,6247,train
578b5cd6-9935-4b78-991f-f3e45bdf7111,set03,video_0018.mp4,3_18_986,17856,17870,test
c6c9cfdf-c409-471a-8639-e44b1709cce6,set04,video_0003.mp4,4_3_1131,2349,2363,train
d652414d-9c6c-4645-9f3d-70625a27f1fb,set04,video_0012.mp4,4_12_1602,15041,15055,train
dd829c26-5c30-45cc-a5d6-61336ba379d4,set01,video_0003.mp4,1_3_101,842,856,train
8e89567d-256b-4012-9c14-ab19901ed353,set04,video_0007.mp4,4_7_1297,3641,3655,train
4f8938b9-840d-4696-8f04-2ae183b01603,set03,video_0005.mp4,3_5_404,7110,7124,test
abe44176-d931-4a0a-9605-87293ac0fced,set04,video_0002.mp4,4_2_1090,12672,12686,train
b8c4f2af-a1f2-4117-b57f-00baf5cc15db,set04,video_0014.mp4,4_14_1667,16618,16632,train
cf3e86c0-267e-4be7-b892-676c3874c5b8,set02,video_0002.mp4,2_2_170,14131,14145,train
7d54251b-95c0-42b5-a71e-6d8c5d025b7f,set04,video_0006.mp4,4_6_1279,17747,17761,train
71e5d3a2-239e-4957-b421-0c2011644e28,set03,video_0009.mp4,3_9_565,764,778,test
c407101a-f8f6-4acd-a3d8-4219cb71f384,set04,video_0013.mp4,4_13_1639,2469,2483,train
fecb7b6e-d48d-458c-90a8-cb1c8a6266e0,set03,video_0005.mp4,3_5_423,17440,17454,test
1d1de835-4cae-4218-acc0-a95baf3897bc,set03,video_0001.mp4,3_1_242,7316,7330,test
26d9c6a4-eeab-4cb3-8d5c-6c3c8c08b40e,set01,video_0002.mp4,1_2_48,14046,14060,train
bdbfedc3-a6a0-4094-bf8f-a9fabc7d268a,set04,video_0013.mp4,4_13_1645,6842,6856,train
c179028f-1488-49b5-9eaf-1756fef31f0b,set03,video_0012.mp4,3_12_739,4617,4631,test
f41a924d-42cc-4ff7-b89d-4415fe2385c8,set04,video_0004.mp4,4_4_1200,13520,13534,train
2a903a25-3c81-48b5-b870-e5af12eaafff,set03,video_0015.mp4,3_15_877,6964,6978,test
5b255203-713d-4aa4-8cd2-0fc0344d06da,set03,video_0010.mp4,3_10_657,8237,8251,test
16339791-9183-4136-9ef3-cbb6a83a3d02,set03,video_0002.mp4,3_2_286,4867,4881,test
5539079d-d4c4-4cd8-b43d-7dbac93c2a89,set03,video_0016.mp4,3_16_898,1080,1094,test
619e8e28-68d6-480c-800c-e7b439ef958e,set04,video_0012.mp4,4_12_1627,19916,19930,train
11d5e70a-d188-48a5-8ad2-bee8711129c5,set03,video_0016.mp4,3_16_917,16172,16186,test
6256ca35-f630-446e-885a-3c73ec5e7529,set03,video_0002.mp4,3_2_287,4870,4884,test
15cc5ce6-fd54-4516-a2c5-b730fde28d05,set03,video_0008.mp4,3_8_562,17069,17083,test
19d6acef-ef57-4a58-bd7f-28e033555255,set01,video_0001.mp4,1_1_19,14034,14048,train
d3cb2c0b-1308-4644-8eca-70e200a99cc0,set03,video_0002.mp4,3_2_273,887,901,test
67354f8e-7b7d-4d29-b048-8a89aab94bdb,set04,video_0004.mp4,4_4_1197,13041,13055,train
a1330247-4cf3-4ea1-b03b-146e21e9325f,set03,video_0012.mp4,3_12_800,17098,17112,test
dd399140-c18a-40d3-b7e0-f29035ba414d,set04,video_0016.mp4,4_16_1728,13014,13028,train
fbdaa551-aada-4ce1-851c-bf52f53fa3f2,set02,video_0001.mp4,2_1_142,17782,17796,train
80768b3e-271b-4cd0-8fd0-3ec965463219,set04,video_0007.mp4,4_7_1350,13168,13182,train
469b7cfc-f79f-4c91-859d-22f8907a5c5d,set03,video_0014.mp4,3_14_820,8202,8216,test
2eb1e282-1bd6-4c98-938b-92a02dec18a1,set03,video_0009.mp4,3_9_602,4298,4312,test
26cb6cf8-63f1-4612-93b1-93870244da3b,set03,video_0008.mp4,3_8_549,12846,12860,test
2e0e037b-d00a-4040-bba4-dd8b2950daf6,set04,video_0004.mp4,4_4_1176,2183,2197,train
d3247e4e-47e6-4c47-882a-6de6773612c8,set03,video_0008.mp4,3_8_548,12837,12851,test
e8d57579-672f-4df4-9246-e3acbbd6e58b,set04,video_0008.mp4,4_8_1380,6065,6079,train
903c60f9-d292-4aa9-9c87-a40853a499e7,set03,video_0018.mp4,3_18_980,15454,15468,test
13886dde-4a0a-4dcb-a90d-f5bf330e160d,set04,video_0001.mp4,4_1_1017,9511,9525,train
be0cc1be-33d6-4129-a131-3f2c4653b654,set03,video_0011.mp4,3_11_695,472,486,test
2450c056-728b-480d-94e1-c2fecb4a9bd5,set03,video_0007.mp4,3_7_522,15830,15844,test
2ad6d9b2-ecd0-4346-bdf0-7e7c43168541,set04,video_0009.mp4,4_9_1452,9863,9877,train
756780a7-b0aa-4c01-8fa4-957fe0da22db,set04,video_0002.mp4,4_2_1106,13863,13877,train
3aa787fc-7ebe-4b0d-a66b-1f732ea83302,set03,video_0013.mp4,3_13_804,791,805,test
b30602b8-6eda-4221-9990-722a95601329,set04,video_0013.mp4,4_13_1648,12532,12546,train
56380263-45cb-40de-ac42-405bd2bb625b,set03,video_0010.mp4,3_10_667,16001,16015,test
5c0648b3-4b38-4bbc-85de-44d468eb4028,set03,video_0012.mp4,3_12_780,15789,15803,test
3e99938b-9602-443c-b5bb-8fdf38f1b5a2,set03,video_0009.mp4,3_9_581,875,889,test
ef9b4901-d6db-4d44-a801-30631a48ebdd,set03,video_0019.mp4,3_19_993,4346,4360,test
42f8dc2a-0967-448e-925c-b94a4625d235,set03,video_0002.mp4,3_2_271,801,815,test
846e0f9a-9575-458c-9cc9-be4ecbf27e24,set03,video_0011.mp4,3_11_703,4741,4755,test
97dd8576-2665-41a9-8b18-95636bd9a32e,set03,video_0015.mp4,3_15_884,13048,13062,test
803264b1-f180-4788-a3e0-915fffc7879b,set03,video_0006.mp4,3_6_466,16496,16510,test
855a986f-5faa-4f80-a8ed-09c4cd90de5e,set03,video_0006.mp4,3_6_447,8622,8636,test
39c244f3-cf73-4a36-bd7d-8f8b35fbf44f,set03,video_0012.mp4,3_12_787,15890,15904,test
8ab47c82-ca5f-42b3-ad77-33daf2d2d692,set03,video_0006.mp4,3_6_472,16693,16707,test
9db65c8e-e3b4-4630-9602-321905cc517a,set03,video_0001.mp4,3_1_260,9161,9175,test
e70a966a-5488-42fb-853b-ce2898261948,set03,video_0016.mp4,3_16_914,15122,15136,test
fdb54bb6-45ee-4346-b495-c004b97c5293,set03,video_0001.mp4,3_1_229,2803,2817,test
dd8ad297-5cc6-4280-a61b-e48cbcf5e2ed,set04,video_0014.mp4,4_14_1663,9048,9062,train
42a55ed0-9c5f-40aa-afb6-1e4c838d3491,set03,video_0007.mp4,3_7_479,4726,4740,test
388d8472-4c84-4b40-95db-c514e8274d25,set03,video_0012.mp4,3_12_791,16427,16441,test
630fcdaf-f171-4c3e-8022-0abf0ea7d716,set03,video_0012.mp4,3_12_773,11443,11457,test
304b1031-6657-44ca-a436-0b393c6b50e2,set03,video_0003.mp4,3_3_314,8118,8132,test
5fd99c9a-d34b-48fc-8243-63054f301fd7,set03,video_0001.mp4,3_1_233,3456,3470,test
0966f3b4-f31a-433b-aa91-e1185e40bccc,set04,video_0012.mp4,4_12_1565,4666,4680,train
fb6b626d-3be2-47c9-a59e-96bbf70b2c7e,set01,video_0001.mp4,1_1_13,1170,1184,train
41c9dc41-8c7c-49f9-9513-f5daceda3d40,set03,video_0015.mp4,3_15_881,7013,7027,test
ceb47c2b-9387-4f1d-84f1-adde51e223f8,set04,video_0010.mp4,4_10_1515,13757,13771,train
9048d1ed-06d4-4c2e-bde1-0c360fd8c3ae,set03,video_0006.mp4,3_6_452,9317,9331,test
c5f7162b-ed62-4fc4-9d98-bd60112c8a6e,set03,video_0017.mp4,3_17_958,5371,5385,test
5559f66d-e989-46de-a30c-36535db6d53f,set03,video_0002.mp4,3_2_295,9996,10010,test
d41adcf8-c057-4141-8a99-77545c5e1d76,set03,video_0007.mp4,3_7_512,13430,13444,test
7415ba25-43be-4478-9f01-8506348b5c56,set04,video_0010.mp4,4_10_1486,5408,5422,train
b65467cf-bc14-4147-b9f0-5beabbca5ca3,set04,video_0007.mp4,4_7_1298,3641,3655,train
b5072960-967b-41be-8088-78f2963b4222,set03,video_0004.mp4,3_4_348,8223,8237,test
2cc382e5-2860-47fb-9d8a-2be674c450cb,set03,video_0007.mp4,3_7_497,7283,7297,test
7609bbf0-7a75-4781-9ce9-ade7cc40b975,set03,video_0001.mp4,3_1_225,2807,2821,test
3c752681-f83f-4d15-a238-efa098916278,set03,video_0015.mp4,3_15_853,4957,4971,test
6e89a20e-228a-460d-a762-ab6c4c8d199d,set03,video_0016.mp4,3_16_897,1080,1094,test
fa779aeb-5ba7-4689-946d-1ddac05e2a94,set03,video_0008.mp4,3_8_546,12841,12855,test
613b6879-d5ab-4ad4-9223-05e8a93a5fc0,set04,video_0008.mp4,4_8_1374,4429,4443,train
79c11670-7e6f-43be-bafc-11f9e3571f25,set04,video_0007.mp4,4_7_1356,14643,14657,train
3840cf16-894d-4e97-a515-346c1b48c2cf,set04,video_0011.mp4,4_11_1526,718,732,train
f561e479-ed86-4d8f-bb57-29a6a0b0731f,set03,video_0012.mp4,3_12_786,15881,15895,test
27f8089f-c333-4522-8786-a42c342e53a3,set04,video_0002.mp4,4_2_1075,7190,7204,train
1f4a690f-c46b-4c53-8220-feaf5cf27544,set04,video_0004.mp4,4_4_1177,2864,2878,train
805fce55-2a7c-40fa-9ddc-1e2e328646d4,set03,video_0002.mp4,3_2_290,5547,5561,test
601fc1f2-4dae-4238-8fac-c150eeb845fa,set02,video_0002.mp4,2_2_169,14131,14145,train
71935449-608f-4fef-932c-ac30c740e32c,set04,video_0003.mp4,4_3_1145,11348,11362,train
5b569dbd-35f9-497e-b4bd-af7ab3ddf50f,set03,video_0012.mp4,3_12_762,11411,11425,test
72d5cc12-042c-46a9-be4d-a00a5117ed16,set04,video_0012.mp4,4_12_1611,17683,17697,train
80f3b70a-5baf-4496-a696-4d25e31e6775,set04,video_0014.mp4,4_14_1668,16614,16628,train
e70d7e75-7c80-46c1-b37f-189218ccf74b,set03,video_0004.mp4,3_4_358,11322,11336,test
fd51beb6-5221-4dfe-8d75-5f4033369f27,set04,video_0005.mp4,4_5_1229,15217,15231,train
332c2b1e-2006-4ece-81f7-d74b2b3f241b,set03,video_0007.mp4,3_7_487,5221,5235,test
250cbd98-9691-4b7e-8833-df2494ab49e9,set04,video_0014.mp4,4_14_1660,4053,4067,train
de69d1b1-fc03-4844-98e1-cde2dff5c0a5,set03,video_0018.mp4,3_18_987,17856,17870,test
7725d452-93cc-4bb9-913e-65412732534a,set03,video_0001.mp4,3_1_252,9140,9154,test
9165c73d-3b49-4f98-bde4-15714ce0e560,set03,video_0010.mp4,3_10_664,15962,15976,test
cb0efaf2-3c29-4348-94ae-2f85ea7c34ac,set04,video_0011.mp4,4_11_1525,597,611,train
8024fbbf-a181-4d4a-9100-521fd714f75a,set04,video_0008.mp4,4_8_1373,4429,4443,train
50aa0c85-24a1-4fd2-9653-f3df266c55a0,set04,video_0001.mp4,4_1_1044,14834,14848,train
51693955-9882-4d67-8cdc-959200254670,set02,video_0002.mp4,2_2_171,14215,14229,train
3852a34f-6e21-472d-82db-cd3dc5bcaa2a,set04,video_0009.mp4,4_9_1437,8720,8734,train
bab340ef-6b4b-4dc9-aaf7-631be2f71cc6,set03,video_0005.mp4,3_5_390,2486,2500,test
472a4617-e3ce-4b44-bea6-fe8352434597,set03,video_0012.mp4,3_12_775,15382,15396,test
ec8bbe08-270f-49f9-954c-8027d61f3b3a,set03,video_0016.mp4,3_16_905,8018,8032,test
9c05371f-c01f-4530-9bef-a7d6a9b753c3,set03,video_0012.mp4,3_12_721,1091,1105,test
171a7f60-5c30-4c39-8b9b-cc3f2ae39d2a,set04,video_0008.mp4,4_8_1398,10626,10640,train
beff2fb9-cc08-4cd7-947d-cc34ddc2e489,set03,video_0019.mp4,3_19_989,1410,1424,test
99d361b2-fc05-4c26-9cc5-7a0a38cb4b31,set03,video_0014.mp4,3_14_822,8367,8381,test
d19eddbd-70b2-49cf-b2e3-265faafc4bd0,set03,video_0007.mp4,3_7_516,14611,14625,test
54638614-6ac8-4ec6-8151-3129becea000,set03,video_0011.mp4,3_11_699,1055,1069,test
4b2a06ca-8230-4bf4-85bf-7ba6aa9cf444,set04,video_0012.mp4,4_12_1612,17737,17751,train
ccd55fdf-f9a9-4c44-8ab9-19b7d3b5616d,set03,video_0015.mp4,3_15_847,4878,4892,test
8fa78333-348c-45c2-94a6-14dc9020177a,set03,video_0009.mp4,3_9_594,3325,3339,test
3aba7517-3c10-4b50-9017-91e4d7889e86,set03,video_0015.mp4,3_15_882,6958,6972,test
97010174-334c-444f-88b9-717547a06666,set03,video_0016.mp4,3_16_913,15122,15136,test
5053ece4-5a2b-4534-bbbe-f2707cda8166,set03,video_0012.mp4,3_12_767,11419,11433,test
13af05ab-c420-41c6-acf2-8afe69e54fea,set03,video_0001.mp4,3_1_234,3456,3470,test
aff27ae8-bf00-4f8d-a200-6a12fa17f79f,set04,video_0007.mp4,4_7_1347,12905,12919,train
b6f6af58-29c4-42a1-a0ee-babeaab8be54,set04,video_0009.mp4,4_9_1461,11474,11488,train
fdeb38c4-cc92-4213-8823-6a76372ccebe,set03,video_0015.mp4,3_15_883,7075,7089,test
9504d4e6-b57a-4a84-994b-eb42acbd54fc,set01,video_0001.mp4,1_1_18,14034,14048,train
302fdba9-455d-49d9-a665-10939bf24bbd,set04,video_0012.mp4,4_12_1630,20755,20769,train
51034952-dd88-4c92-bff5-41068e535f85,set04,video_0007.mp4,4_7_1351,13168,13182,train
d578c9d5-9480-41e7-9648-1ac3769d858c,set02,video_0001.mp4,2_1_143,17782,17796,train
a7279f12-c18f-490d-8896-5c47d82dc374,set04,video_0016.mp4,4_16_1729,13014,13028,train
29455ef0-8d52-4ba6-8fc8-8331db9b3230,set03,video_0018.mp4,3_18_974,14633,14647,test
3026c482-df87-4490-b3e2-49c9ffdca90c,set04,video_0004.mp4,4_4_1196,13041,13055,train
699635fa-817b-4b78-b463-648a68f32a51,set02,video_0003.mp4,2_3_214,2170,2184,train
5ed33fd6-7597-4bf8-a3c2-aaa4388d7ce8,set04,video_0007.mp4,4_7_1296,3140,3154,train
cc87d43c-750c-453a-a2c2-4ed27db9115e,set03,video_0016.mp4,3_16_899,1301,1315,test
3b1528c4-6cc0-4902-a62d-46116abfdf84,set03,video_0018.mp4,3_18_972,12600,12614,test
a75eba84-647a-4fb2-b76b-5530e2888bd1,set04,video_0001.mp4,4_1_1008,3883,3897,train
8d3a8dff-dfa1-44fc-bf30-a84263facf6c,set03,video_0011.mp4,3_11_704,4741,4755,test
4af9d2c2-a82d-4a6d-a5ec-b67c19f5ba46,set03,video_0005.mp4,3_5_389,2486,2500,test
baadf6ad-1a35-4102-b4f6-8a1d3a96e193,set03,video_0006.mp4,3_6_470,16687,16701,test
10cc03d7-e596-430c-b2d6-921833910482,set03,video_0015.mp4,3_15_838,3613,3627,test
3b50209c-aaa7-4ed4-8c98-b39314f2392a,set02,video_0002.mp4,2_2_167,14103,14117,train
fae8a8ea-d43a-4aa2-b33c-9b3cf0c31685,set03,video_0012.mp4,3_12_736,3005,3019,test
95be2ed5-ca7c-4426-9947-17c1d5fc7c16,set02,video_0003.mp4,2_3_212,4775,4789,train
120167d6-e8b7-4cf4-8322-f03276b84936,set03,video_0010.mp4,3_10_639,3665,3679,test
3ec87a9b-0c9f-4f30-8cd7-864bfd0dd444,set03,video_0010.mp4,3_10_666,16001,16015,test
9c3e4e05-d052-437e-942d-a4d6e8cceac2,set03,video_0013.mp4,3_13_806,794,808,test
0b56257c-6727-4750-a7a5-e8f2ee15ea31,set03,video_0001.mp4,3_1_255,9161,9175,test
3057a53f-5836-4342-87aa-1c6b0933b377,set03,video_0012.mp4,3_12_799,17098,17112,test
77cbdf13-d240-4c22-989f-c2e2bff28dc3,set03,video_0006.mp4,3_6_446,8620,8634,test
d2b6e2a5-cd24-465c-8a9e-f8de0d5eb9d3,set03,video_0006.mp4,3_6_473,16695,16709,test
d9860ad1-c8f4-4fc3-92aa-cb09f0e0ed8c,set03,video_0008.mp4,3_8_543,11169,11183,test
5863153d-f02b-4536-b165-c9fc7e7f9c10,set03,video_0007.mp4,3_7_493,7236,7250,test
608acbed-3f8b-4055-ae39-8f2cc5e8d9b2,set03,video_0007.mp4,3_7_504,11135,11149,test
fe1f41ea-56ac-4386-b239-574b3cbe0895,set03,video_0004.mp4,3_4_345,1641,1655,test
0ca911ec-aaa4-4eb2-a03f-2f18942f0670,set03,video_0015.mp4,3_15_885,13048,13062,test
b71eef42-931b-469d-9e9a-3fff0f8c1b01,set03,video_0007.mp4,3_7_498,8051,8065,test
a9fc8b2d-7719-4cb4-819d-ae42c8a1aee1,set03,video_0011.mp4,3_11_707,4843,4857,test
dff7ba75-5bf5-4675-aa3e-e37368da8497,set03,video_0015.mp4,3_15_866,6920,6934,test
022dc3cb-5ac7-43f9-ba2f-2676b2e98150,set03,video_0012.mp4,3_12_754,8514,8528,test
7359265b-2340-4416-9f62-f40bb7826f65,set02,video_0002.mp4,2_2_168,14104,14118,train
322164f8-74f9-4afb-95e7-fde3700073b0,set03,video_0016.mp4,3_16_901,1776,1790,test
de39ffc3-6c35-4720-bad2-0e42f52572df,set03,video_0012.mp4,3_12_779,15789,15803,test
b24a0002-0682-40c8-8c1b-c6ac8d6e79d9,set03,video_0012.mp4,3_12_757,11343,11357,test
77803128-8045-4a42-937c-f8189d656b36,set03,video_0009.mp4,3_9_591,3301,3315,test
e6030e84-c310-4d5e-a067-aa270f9529e2,set03,video_0015.mp4,3_15_850,4914,4928,test
6e180471-540f-419a-9d74-562afb26b1a4,set01,video_0003.mp4,1_3_91,15951,15965,train
c58b895d-ad18-4522-a0c1-4fa271a7f6be,set03,video_0007.mp4,3_7_503,11155,11169,test
f17268b8-47cf-4437-9801-60c7ec6593a9,set01,video_0001.mp4,1_1_12,17303,17317,train
b36aa144-88a5-4beb-857d-98fbde2b9bea,set03,video_0008.mp4,3_8_556,15539,15553,test
e5380ef7-f14b-482b-b0fb-875f1989a174,set04,video_0016.mp4,4_16_1730,13014,13028,train
adb5ecce-eb7b-4144-b587-7b09849ccdfb,set04,video_0001.mp4,4_1_1007,3883,3897,train
fa41b31e-8d96-4dd5-823b-084b512b4563,set03,video_0002.mp4,3_2_277,3836,3850,test
1db535ba-cf13-4433-822b-9b7f70315eab,set03,video_0009.mp4,3_9_575,856,870,test
82653cbf-8644-4484-bfa5-117056f84aaa,set04,video_0001.mp4,4_1_1020,10098,10112,train
881b52f5-4ffe-4f97-9453-50cd502da6cd,set01,video_0001.mp4,1_1_20,16523,16537,train
60176846-b3da-48eb-bf41-6bc841f4f5a0,set03,video_0016.mp4,3_16_912,14480,14494,test
577541ac-ab08-448e-b855-e628792a7f6f,set04,video_0006.mp4,4_6_1256,9428,9442,train
a2fce68b-632c-4ead-8000-dea8c11e5265,set03,video_0006.mp4,3_6_444,8609,8623,test
582978f9-455f-444c-8e75-48563af16ad7,set03,video_0009.mp4,3_9_599,3445,3459,test
f7e177f3-e706-4f13-9a45-ba9a0714d857,set04,video_0012.mp4,4_12_1552,2286,2300,train
a7b8055d-7775-4f1f-a3a7-0bb12d01b0b9,set03,video_0015.mp4,3_15_874,6957,6971,test
f903d976-893f-482e-91d9-15db5c51fec2,set03,video_0001.mp4,3_1_269,16828,16842,test
f7281d4e-044e-41db-b4e3-66cf03da588f,set03,video_0002.mp4,3_2_299,10486,10500,test
1edf6f99-f906-44a8-bb49-395027a33b74,set03,video_0001.mp4,3_1_231,3246,3260,test
01d14191-86d2-4ba4-ba6e-9d57184c7aac,set04,video_0009.mp4,4_9_1441,9287,9301,train
af75a5fa-f05f-4a3b-8230-2427180cd7f9,set03,video_0011.mp4,3_11_696,1055,1069,test
d0fa291a-efcf-4e89-bbb0-686a948ea0ba,set04,video_0007.mp4,4_7_1357,14643,14657,train
603541c4-b617-4080-8243-87e04cf9a34c,set03,video_0010.mp4,3_10_645,3750,3764,test
e88adc7c-a1e4-4d7b-8bbb-5428086e3e56,set02,video_0001.mp4,2_1_121,10433,10447,train
014a4216-e64b-4dc9-bfc4-b10b43e307dd,set03,video_0009.mp4,3_9_601,3790,3804,test
c46c894e-53b8-455d-b66c-5f2139af545a,set04,video_0013.mp4,4_13_1646,8007,8021,train
bda3a206-36ca-44c6-9f4d-a0bd5c0b66dd,set04,video_0012.mp4,4_12_1621,18187,18201,train
9b635375-a17f-44e2-ba6a-702b4aa20a56,set04,video_0015.mp4,4_15_1673,843,857,train
8a46f84e-98aa-48ad-a4ae-222193b507a1,set03,video_0009.mp4,3_9_597,3444,3458,test
604fb47e-7e69-4604-93c8-82c214e21900,set03,video_0012.mp4,3_12_763,11411,11425,test
03051305-57bb-45b6-aef7-d406b6055ebd,set03,video_0005.mp4,3_5_400,3967,3981,test
8e609251-b588-4c78-b680-595cc8afdb1d,set04,video_0001.mp4,4_1_1022,10133,10147,train
e58acbd8-de9b-4629-a57f-bbeb743b0215,set04,video_0003.mp4,4_3_1144,11348,11362,train
b1022a38-7971-4832-af09-b82c752bc88f,set03,video_0001.mp4,3_1_224,2794,2808,test
5e5b5853-0f3c-4dd6-9588-ab754c2c1882,set04,video_0014.mp4,4_14_1658,3200,3214,train
9a896262-d505-4f44-8f8b-625f6e83c05d,set03,video_0008.mp4,3_8_540,10173,10187,test
89192976-5a18-4a41-b945-91defab73907,set03,video_0009.mp4,3_9_580,874,888,test
75069974-e40e-49df-8de8-391d28f68897,set03,video_0002.mp4,3_2_296,9995,10009,test
3c4030e1-374c-4e77-9a56-925e6263c09a,set04,video_0010.mp4,4_10_1477,801,815,train
c4851d8b-dd28-4376-bd2a-294ec23b04c4,set03,video_0017.mp4,3_17_954,2984,2998,test
1f9b2e1e-45af-4cfe-bb3b-9cf2adf07482,set04,video_0002.mp4,4_2_1051,1505,1519,train
3ef27c33-0d84-49f7-9a39-ac1e5bee7329,set04,video_0002.mp4,4_2_1089,12199,12213,train
628c8d67-42cc-45f4-be53-00ae85a36106,set03,video_0001.mp4,3_1_261,9165,9179,test
a91fe271-7a6b-41fe-85e4-08c5b6380772,set04,video_0012.mp4,4_12_1563,4582,4596,train
790069a3-82be-412b-b7b7-f62e9df10ef1,set03,video_0001.mp4,3_1_227,2811,2825,test
286859cd-8fbe-4a5f-870e-5bab7ca2c224,set03,video_0016.mp4,3_16_909,12536,12550,test
754c3b83-3dd7-4ebf-80a6-a0e8d1b55a4e,set04,video_0004.mp4,4_4_1174,2183,2197,train
6d494c2b-4fe9-407f-8931-fdae905ff733,set01,video_0003.mp4,1_3_98,17772,17786,train
aa4c862e-071e-45a9-85c8-1f29314c4822,set04,video_0016.mp4,4_16_1714,2464,2478,train
8909c4d4-c14f-47d2-bf41-b872af5cf6aa,set04,video_0012.mp4,4_12_1622,18186,18200,train
638c0117-5ed5-4a52-af8f-ca0d0f5bd50f,set04,video_0013.mp4,4_13_1642,6386,6400,train
f85b339e-031f-4590-9d42-aba168e777d0,set04,video_0008.mp4,4_8_1382,6065,6079,train
4f3966b8-69af-4d0e-84a4-9d287962c861,set03,video_0018.mp4,3_18_981,16062,16076,test
6104616b-cf99-4d13-864b-eadef7d3a342,set04,video_0016.mp4,4_16_1726,11972,11986,train
03893177-619d-4b53-90de-a9d13c3cc6df,set04,video_0014.mp4,4_14_1664,12163,12177,train
d57a5340-341b-4b3f-9109-9530346d85ee,set03,video_0016.mp4,3_16_900,1301,1315,test
a225ad9f-db2d-4ae5-8f0f-083dbc557b62,set03,video_0009.mp4,3_9_610,10497,10511,test
d73890d7-ee68-49a9-8f97-eb040e74b560,set03,video_0009.mp4,3_9_564,733,747,test
97e69d02-17ea-4158-ac09-d8e7e3b4a5ac,set04,video_0004.mp4,4_4_1181,4220,4234,train
3a922b3f-59c3-4954-9a92-8c825fede728,set03,video_0001.mp4,3_1_247,8766,8780,test
0fc267d5-94e3-4a39-aa4a-3533dd7b5402,set04,video_0004.mp4,4_4_1190,5493,5507,train
2bc9c51a-23db-4471-b3c3-082ffc651972,set04,video_0011.mp4,4_11_1539,13842,13856,train
98354768-7573-4fdc-b55b-214dcfaca2e2,set03,video_0012.mp4,3_12_764,11425,11439,test
0178d3ee-fa3b-4ca5-9480-13a2ea144290,set03,video_0008.mp4,3_8_544,11281,11295,test
9eed926d-15a7-4264-877f-9eecbf388348,set03,video_0008.mp4,3_8_530,5799,5813,test
5bd33f96-c33f-4248-8643-bb5debec985c,set01,video_0003.mp4,1_3_103,17791,17805,train
5435b634-4ebf-4800-ab7b-ce58ed348c5c,set03,video_0005.mp4,3_5_405,8777,8791,test
6d3bf329-ecef-4899-a026-260f8b320362,set03,video_0010.mp4,3_10_689,12143,12157,test
fb0dafe8-fa90-4d53-a359-323ab4889fbd,set04,video_0014.mp4,4_14_1662,8365,8379,train
07f25d86-d86f-44aa-b3cc-76fa2b788fe7,set03,video_0004.mp4,3_4_346,2468,2482,test
e798802a-8250-4bcd-85bb-788ca4c497bd,set03,video_0016.mp4,3_16_946,12215,12229,test
154ff76a-8a3e-4149-8a5d-39680afa2f17,set03,video_0006.mp4,3_6_461,16491,16505,test
0c4d21ed-c7b0-4e45-8d4f-0d421116e598,set04,video_0009.mp4,4_9_1444,9287,9301,train
e6d96875-f1e1-4d27-935c-9235a5366477,set03,video_0008.mp4,3_8_531,5776,5790,test
1bdc425a-bc47-4a5c-8925-188f6f062e31,set04,video_0002.mp4,4_2_1064,3167,3181,train
12d7e4cc-49b4-4495-b223-08392d356975,set03,video_0015.mp4,3_15_876,6980,6994,test
cb730d87-bee8-42ca-a16f-9edaf6c6ab5c,set03,video_0012.mp4,3_12_765,11415,11429,test
2a5576aa-68de-40a9-8ab1-950d4d801dee,set03,video_0015.mp4,3_15_895,10648,10662,test
a12793cc-924c-4b0e-be49-9ae89a7e3593,set03,video_0009.mp4,3_9_606,10527,10541,test
0d36779b-3069-4519-a854-c6ad4d649611,set01,video_0003.mp4,1_3_60,346,360,train
715d3176-f4ba-4d21-90b9-b350af9cc808,set04,video_0002.mp4,4_2_1050,1495,1509,train
29697dc0-e400-4c61-962c-5700a736d7a2,set04,video_0007.mp4,4_7_1346,12677,12691,train
bfa3ed49-384b-446b-acc8-5ebfeb72b692,set04,video_0006.mp4,4_6_1252,7144,7158,train
993ce38f-6a63-41cb-b27a-479e4cc35aaa,set03,video_0001.mp4,3_1_264,9159,9173,test
1b942f4e-d318-4cd9-8590-cd629210163f,set03,video_0009.mp4,3_9_624,15331,15345,test
e0d718ac-3963-46dc-9f96-7c5f925587d3,set03,video_0011.mp4,3_11_706,4839,4853,test
a1c99f83-d392-404d-9d2e-733897babdad,set03,video_0010.mp4,3_10_642,3696,3710,test
bc3a626a-074a-4c69-b4e0-7ee51847c6e5,set04,video_0012.mp4,4_12_1632,20759,20773,train
b5d93fbf-4289-4c84-8943-f0d4edb9aeaa,set04,video_0012.mp4,4_12_1633,20813,20827,train
b95c8210-64c0-42a3-af91-710741d58db1,set04,video_0006.mp4,4_6_1263,11911,11925,train
47e667fe-99af-4fac-84be-b69f6620c88d,set04,video_0016.mp4,4_16_1713,829,843,train
c09b4367-6321-45b5-aefc-b69fe0aec7a9,set04,video_0009.mp4,4_9_1457,10793,10807,train
ae830869-7534-47a5-b41a-16d38c7d7693,set04,video_0012.mp4,4_12_1573,4787,4801,train
405449ca-388f-4208-9f1f-08369d8408e0,set03,video_0002.mp4,3_2_302,11810,11824,test
b4c1ffcc-3c54-4962-a2b5-b1db88fed8dc,set04,video_0005.mp4,4_5_1230,15232,15246,train
bed245b5-b9f9-4355-bd35-0ad621bb2661,set03,video_0001.mp4,3_1_263,9170,9184,test
f4affed7-f195-4900-ac82-e669062bd56d,set03,video_0006.mp4,3_6_430,1984,1998,test
6f5090a1-1e8a-4e73-87a1-98c3efece68c,set04,video_0015.mp4,4_15_1672,843,857,train
63473d1d-34f6-41f4-8533-3f169073aab1,set03,video_0009.mp4,3_9_577,859,873,test
7e55ce0b-6f45-4e0c-ae98-f6cdf0797df6,set04,video_0002.mp4,4_2_1070,4006,4020,train
cc480269-8c4d-48e4-8610-a4aa9583f441,set03,video_0001.mp4,3_1_237,7224,7238,test
c0afb181-64c0-4726-8a2a-fc335509bb3f,set03,video_0010.mp4,3_10_663,15445,15459,test
d9911da3-1a84-4b7c-9749-81a052d0c747,set03,video_0012.mp4,3_12_727,3676,3690,test
1f1710b5-d6be-4a73-910d-d902d7ba18f8,set03,video_0019.mp4,3_19_1001,10994,11008,test
b2d6d390-e2fb-4662-bdb6-52e1bd848648,set03,video_0005.mp4,3_5_408,9195,9209,test
b2520ff5-227f-4423-97d0-c715512471f3,set03,video_0010.mp4,3_10_659,8620,8634,test
d5d94ead-590c-4077-bfaa-dedbb45fa9cb,set01,video_0002.mp4,1_2_27,6818,6832,train
ea74af4b-d9cb-452e-98a7-472eb0336112,set04,video_0012.mp4,4_12_1562,4573,4587,train
5509569f-6e7f-4f01-b2f8-eb816bdcdbe7,set01,video_0001.mp4,1_1_21,16535,16549,train
46a20b22-1b65-44a8-9ed6-b240f2f87e5c,set04,video_0013.mp4,4_13_1640,2470,2484,train
5c2ee129-552d-474c-8957-ac80a799438b,set04,video_0002.mp4,4_2_1112,14187,14201,train
7c7a9386-7a69-4fef-998a-5052f3343320,set04,video_0016.mp4,4_16_1723,11972,11986,train
5e9d8f27-d60f-46fc-80bf-a5b847032516,set03,video_0012.mp4,3_12_768,11408,11422,test
a1e9060f-9523-41f1-bf61-578c9636f2ec,set02,video_0001.mp4,2_1_113,3128,3142,train
8cdd7731-2596-4f63-99cc-77889a1bc2ef,set03,video_0012.mp4,3_12_733,3005,3019,test
8ec93ad4-7d7c-4488-8250-563f07a5215f,set03,video_0015.mp4,3_15_873,6900,6914,test
80481bc3-d0ff-4391-8f3b-9da5b703d42f,set03,video_0011.mp4,3_11_715,14487,14501,test
eb69fef6-bd6f-4f32-af8a-ff300d952aa9,set03,video_0009.mp4,3_9_609,10497,10511,test
59a3f0f5-0193-406a-9cac-e42647b93d07,set01,video_0001.mp4,1_1_17,13967,13981,train
a8f50a7a-d470-48aa-b029-9b4965c0a41d,set02,video_0001.mp4,2_1_140,12323,12337,train
2892d5fb-cf92-4677-a5c3-0fb4a3f6051b,set02,video_0003.mp4,2_3_210,3920,3934,train
941e0c7e-dd5e-4478-bd23-048b91218add,set01,video_0003.mp4,1_3_59,356,370,train
18eeae12-66ef-4afe-9d3b-25f557c70f67,set03,video_0009.mp4,3_9_628,15826,15840,test
4281b6ba-9d57-4933-bf22-ecbdc4f63635,set03,video_0012.mp4,3_12_792,16511,16525,test
2fa6599d-91c1-463f-afd8-6f4e62b05839,set03,video_0017.mp4,3_17_967,13129,13143,test
34f23520-bebd-43ee-9043-85c7feec8a59,set04,video_0001.mp4,4_1_1018,9514,9528,train
04cd7a7f-0fee-4308-a7eb-8e89d5beeb22,set03,video_0012.mp4,3_12_789,16404,16418,test
70d85b72-e88b-4d06-83be-e1da63ca33f7,set03,video_0011.mp4,3_11_720,17750,17764,test
f4a7d8e5-2eb9-4cb9-a896-cc08e9c620b4,set03,video_0004.mp4,3_4_362,12220,12234,test
f9c5e134-7fb7-4a49-851c-b2d100be0119,set03,video_0002.mp4,3_2_284,4509,4523,test
2e351b86-6e4a-4b4f-a099-f6f1ee8e3b9f,set03,video_0007.mp4,3_7_525,16663,16677,test
3593e7e4-a8f5-4c3b-b637-7a8884c71792,set03,video_0006.mp4,3_6_429,1984,1998,test
6b7d6a26-d0e0-4db8-b076-307ffe8d1001,set04,video_0003.mp4,4_3_1149,12690,12704,train
19eb7532-3d1b-410e-a122-347f89b71a1a,set04,video_0006.mp4,4_6_1260,9442,9456,train
edf571c6-102a-45fe-9163-1ada8a1913ca,set04,video_0012.mp4,4_12_1548,1471,1485,train
e3c8aec9-5233-4c54-a76f-afdd6dedef43,set04,video_0007.mp4,4_7_1368,14778,14792,train
3cfa99b5-1843-4177-a3d2-0f217ea6d7fe,set04,video_0009.mp4,4_9_1440,8855,8869,train
bb193a35-5f33-40da-bd83-6b8cd36ee426,set04,video_0007.mp4,4_7_1327,6805,6819,train
2c481054-461b-4ec9-a6f8-c84c0e4d1973,set03,video_0008.mp4,3_8_541,10173,10187,test
50312424-2adb-462d-a10c-63c3793eae63,set04,video_0002.mp4,4_2_1074,5311,5325,train
5562b9e9-3cda-4662-a54b-01cf0487672b,set04,video_0009.mp4,4_9_1429,6935,6949,train
dd24003a-187f-4261-9d6c-b0702ecf0b73,set04,video_0003.mp4,4_3_1161,15042,15056,train
ed989f81-5b67-472f-b400-a7f896c2b5df,set03,video_0011.mp4,3_11_694,472,486,test
0f7f2a08-c208-46a5-b581-177d58b1fe92,set04,video_0015.mp4,4_15_1675,1004,1018,train
f8fa25f1-5a4b-436e-8f2a-65b483ddb59c,set03,video_0009.mp4,3_9_568,777,791,test
b26a7f55-98f3-4db1-9773-3a6564f08e04,set04,video_0009.mp4,4_9_1434,8637,8651,train
8a2318fa-fa4f-4721-8732-8891157a4c03,set03,video_0001.mp4,3_1_245,8691,8705,test
8f407203-4fd7-4ee3-98d6-16272ee93b92,set04,video_0007.mp4,4_7_1370,14778,14792,train
47becf8f-e84a-4d36-92af-41e593316a4e,set03,video_0005.mp4,3_5_426,17888,17902,test
6d4a5c37-96b9-44b9-8b7e-6b548aa1001b,set03,video_0012.mp4,3_12_793,16493,16507,test
26ee568f-4d48-4df5-862b-456337ae7db0,set03,video_0011.mp4,3_11_716,17572,17586,test
87cecc7a-11be-4b6b-bb82-c8f72c47d577,set04,video_0012.mp4,4_12_1628,20151,20165,train
1ef33d5a-1d2a-4c8f-b634-c1abc3606f23,set03,video_0006.mp4,3_6_465,16492,16506,test
8bcc762f-bd4f-4c22-8e39-a83e7e1e30b9,set04,video_0016.mp4,4_16_1727,11972,11986,train
7b8f20d4-bcc4-4b86-9737-53f820901a94,set03,video_0001.mp4,3_1_239,7190,7204,test
a8292a82-a499-467a-8d25-852466f077ea,set04,video_0012.mp4,4_12_1579,6019,6033,train
1b178039-5500-4131-80dc-96a3b7822257,set03,video_0001.mp4,3_1_235,3606,3620,test
f903fca2-bc43-42fe-b281-e328ddc1d3f8,set03,video_0015.mp4,3_15_848,4924,4938,test
1ca7fa93-cb1c-42f6-ab30-f3e75af2bc74,set04,video_0012.mp4,4_12_1615,17687,17701,train
ca61ccf0-568e-4bee-8533-e1b2be858090,set03,video_0019.mp4,3_19_991,1448,1462,test
86145267-dad8-4cf1-8c50-6e32cfb2ef9f,set03,video_0012.mp4,3_12_734,3005,3019,test
70c3a070-b941-4df9-9aba-4305110577b2,set01,video_0003.mp4,1_3_68,3684,3698,train
7727ca8a-53c3-44ec-bcb4-f41736d24a39,set02,video_0003.mp4,2_3_209,4775,4789,train
fe6e333c-f951-477b-ab9d-0bece09b05dc,set03,video_0008.mp4,3_8_557,16107,16121,test
8f8e98bc-69b6-4334-a2fc-cc4027488b8a,set03,video_0001.mp4,3_1_223,2159,2173,test
c5c7bbf9-164f-42f7-9e87-e5da6907cadc,set04,video_0004.mp4,4_4_1199,13517,13531,train
a08c799b-6361-4f5d-a020-34a6969920ad,set04,video_0001.mp4,4_1_1019,9516,9530,train
b6d9a33a-4d21-4db6-81cd-a674c04d9afc,set03,video_0006.mp4,3_6_455,11575,11589,test
eb00023f-d1e4-4673-a942-738922eb7ef6,set03,video_0018.mp4,3_18_977,14703,14717,test
29b53d6c-6b54-49b4-a443-10a7c7d7a185,set03,video_0007.mp4,3_7_484,4845,4859,test
5a043c7f-7c7f-4ec8-bf08-b8a709235d1a,set03,video_0010.mp4,3_10_670,12143,12157,test
2dd6668d-fb1c-4d1f-910c-e53d5715f5d7,set03,video_0019.mp4,3_19_999,9675,9689,test
c70f5c71-24b3-47bb-aae1-713e2e68219a,set03,video_0012.mp4,3_12_778,15865,15879,test
b9a83b10-f7ba-45d9-89eb-9b7828ecced8,set03,video_0009.mp4,3_9_611,10515,10529,test
049cf3fe-c984-43b3-921a-d65b88253ffb,set03,video_0002.mp4,3_2_274,3587,3601,test
f1ec60a3-7395-4b1d-9425-b322a4162362,set02,video_0002.mp4,2_2_147,2254,2268,train
715b0b16-cdfc-4fbb-a1f5-8d3321d34238,set03,video_0016.mp4,3_16_907,12037,12051,test
dd2c4f00-57e5-4127-a789-d71fa80686d4,set04,video_0014.mp4,4_14_1666,15439,15453,train
0d0a504c-0459-4ead-b7b6-082e30c299fe,set03,video_0012.mp4,3_12_784,15878,15892,test
892df83e-b8d0-4f6f-8599-d4ce58e144ff,set02,video_0002.mp4,2_2_163,11195,11209,train
6e44f1b6-9789-4077-8bbe-af270d6add5a,set03,video_0015.mp4,3_15_860,4935,4949,test
1531905d-9b08-41dc-ab41-f545b2f463ef,set03,video_0005.mp4,3_5_415,11609,11623,test
a4471592-eabf-4c79-b8fe-5051891e805a,set03,video_0017.mp4,3_17_956,5041,5055,test
694ccc34-e269-4265-bb43-31135f540cc4,set03,video_0012.mp4,3_12_796,16493,16507,test
6b31ce28-1e45-4261-9f0a-c4f9eca0e2e7,set04,video_0009.mp4,4_9_1439,9287,9301,train
8f9d98ea-be9d-42ed-9c79-1c7e07c5f34a,set03,video_0005.mp4,3_5_386,2481,2495,test
3619ce3c-84e0-4c07-b81e-23bb59fd55f0,set03,video_0018.mp4,3_18_983,16066,16080,test
1d0b5d5b-9d8d-479e-825c-e375113dfcae,set04,video_0002.mp4,4_2_1079,9829,9843,train
3b56b6fe-220f-4a81-bce4-a567673b1c93,set03,video_0010.mp4,3_10_662,15445,15459,test
62fdd40e-d9a9-4c8d-b28e-8f9ee69e5180,set03,video_0001.mp4,3_1_221,1819,1833,test
e17001a1-c262-4668-84dc-279ad4313eb1,set03,video_0006.mp4,3_6_471,16691,16705,test
761a95e2-0e7c-4697-8df1-93e46fa078b3,set03,video_0012.mp4,3_12_755,8506,8520,test
d76af311-584c-4108-8d6c-7211b106f5f7,set03,video_0019.mp4,3_19_1000,10994,11008,test
6852fc28-629d-434e-937f-bf93478916f7,set03,video_0008.mp4,3_8_561,17068,17082,test
a6f1e2e1-b138-4514-9033-49d8be374f5f,set04,video_0009.mp4,4_9_1443,9287,9301,train
94a8ef44-c55e-4e4d-8654-34ff9f3fa417,set03,video_0010.mp4,3_10_647,3750,3764,test
7b464a71-c80a-4cc1-b9b7-c1458c1d0324,set04,video_0004.mp4,4_4_1187,4576,4590,train
a02a9e07-c275-4fc8-91c1-f329b3427a6e,set03,video_0012.mp4,3_12_756,10602,10616,test
ebc5040b-2194-467b-84a2-4628c133f619,set04,video_0001.mp4,4_1_1002,2675,2689,train
1ddfe9c8-749b-4365-9a3e-0dc7bbf28c43,set04,video_0001.mp4,4_1_1015,7397,7411,train
6ee4d9ef-be67-4245-90aa-3472d7c6b7b9,set03,video_0009.mp4,3_9_585,1675,1689,test
457cd8c3-0d8e-4228-86b9-a2bbd8554494,set04,video_0009.mp4,4_9_1449,9368,9382,train
00991285-7155-429c-ac0c-cc08ac215bfb,set03,video_0006.mp4,3_6_442,8541,8555,test
193cff9d-1857-4cb7-a952-6e1ac5631a39,set03,video_0001.mp4,3_1_251,9141,9155,test
6d619cc9-c70e-4574-91ca-6e9b0d925290,set03,video_0007.mp4,3_7_494,7243,7257,test
7611cfac-26dc-4298-ad2c-b598ba87bcb6,set03,video_0002.mp4,3_2_292,8605,8619,test
eb640ee4-368c-40d8-bdb4-f4c288fc66c9,set03,video_0005.mp4,3_5_421,15376,15390,test
61597ae1-12a2-475b-837a-c186f33dfde8,set03,video_0007.mp4,3_7_496,7274,7288,test
1e8fd645-c1ab-41b4-842c-843f536a7b65,set03,video_0018.mp4,3_18_979,15449,15463,test
3677c73a-786c-4a3b-a237-f006e1090710,set03,video_0009.mp4,3_9_583,858,872,test
db054a58-2b71-4aef-863c-08ebd1684698,set04,video_0008.mp4,4_8_1393,8785,8799,train
d6e5ca03-7791-4bc9-8df1-205148ffd0b2,set04,video_0009.mp4,4_9_1438,8711,8725,train
6d687419-fe50-4a28-b8de-afe25761b844,set04,video_0001.mp4,4_1_1023,10308,10322,train
de2d01eb-5a6d-4593-8b47-afccad0e605b,set04,video_0001.mp4,4_1_1024,10311,10325,train
908e6b91-3944-4444-b58b-62e8df04c8d0,set03,video_0009.mp4,3_9_566,775,789,test
d8529704-71d1-4072-8dad-07d05069a9b7,set03,video_0015.mp4,3_15_872,6902,6916,test
ca885ae1-4be0-41c5-b139-dfb4ff43a33d,set03,video_0003.mp4,3_3_316,10331,10345,test
d7cacece-ffde-4fcd-8efd-efec93db608e,set03,video_0012.mp4,3_12_728,2941,2955,test
6e7b931c-aa96-404a-8d5b-b5390a25af6c,set03,video_0017.mp4,3_17_955,3624,3638,test
501474ec-e077-410c-999d-0191aa47f63d,set03,video_0012.mp4,3_12_723,2486,2500,test
716d94aa-4378-4a71-8717-78778d5b51c1,set03,video_0009.mp4,3_9_563,733,747,test
5e493171-8fd6-432b-8c73-70c4a0f5b250,set01,video_0001.mp4,1_1_2,1097,1111,train
571db18a-9967-4ff0-a374-4c5a888c8994,set04,video_0008.mp4,4_8_1378,6059,6073,train
fd695b33-db99-4c73-9956-0684d34f17ff,set03,video_0015.mp4,3_15_854,5066,5080,test
42b2880a-2dc0-4aca-aab4-a3ed8796bb68,set04,video_0015.mp4,4_15_1677,1019,1033,train
5ed005b8-c16b-4aa6-a857-f12a208b0899,set04,video_0001.mp4,4_1_1005,3883,3897,train
47b17eea-1eb2-47b4-956c-c9f3f18179e9,set03,video_0001.mp4,3_1_250,9133,9147,test
b67a2859-d93f-46f5-8a9b-02ba768f173f,set03,video_0012.mp4,3_12_785,15885,15899,test
e931aa6c-71a5-4522-80f8-beea48b2b5d6,set04,video_0007.mp4,4_7_1369,14778,14792,train
1cb140f8-e4fb-46a3-8c22-fc12430e3285,set03,video_0002.mp4,3_2_280,4515,4529,test
e1e6b12d-58db-442e-9bb2-2d850bfdae14,set04,video_0001.mp4,4_1_1016,7385,7399,train
fe0323a0-571d-46b0-9b6d-64c24019cf58,set04,video_0003.mp4,4_3_1128,1986,2000,train
f4a6d3fa-f8dc-40e0-aace-307ab4823534,set04,video_0012.mp4,4_12_1587,12553,12567,train
3806bcdc-d5e4-44fb-a151-4e00385c1f10,set04,video_0002.mp4,4_2_1049,309,323,train
88bd836c-0915-4ec2-99d3-fb41f57d572b,set03,video_0006.mp4,3_6_443,6819,6833,test
b6dfffed-deee-4740-b89b-12ce03cf566f,set04,video_0012.mp4,4_12_1571,4709,4723,train
15c50f73-f552-40db-941b-9149db2aa9ab,set04,video_0016.mp4,4_16_1715,3158,3172,train
42fdc907-9828-486b-9213-43710b30362a,set03,video_0007.mp4,3_7_520,15762,15776,test
2add0892-c867-43d6-a356-72c502c40abd,set03,video_0012.mp4,3_12_777,15801,15815,test
8e1a4564-2185-434a-9987-3fc2d7950449,set03,video_0001.mp4,3_1_232,3420,3434,test
b0f44d37-9037-425b-a4d0-a9324b431898,set03,video_0008.mp4,3_8_542,10173,10187,test
f133ea98-d43c-4ac3-87eb-5b0e62e5f94e,set03,video_0008.mp4,3_8_528,5794,5808,test
e0d3b8ca-805a-4d90-b14a-f28764c0234e,set03,video_0018.mp4,3_18_985,16066,16080,test
5f065da7-b4e8-4c2a-9980-1633ca132d88,set03,video_0015.mp4,3_15_878,6973,6987,test
197ff038-4ee5-42a1-ae46-a6f6f4546e56,set02,video_0003.mp4,2_3_211,4775,4789,train
0bbd0474-1613-4b73-87a6-74fc2d29ff02,set03,video_0019.mp4,3_19_990,1448,1462,test
57bb1f2b-ebf7-46e2-a721-77e936cfd4ab,set03,video_0012.mp4,3_12_735,3005,3019,test
40f74198-049a-4485-8ecd-8d83e5f1ff73,set04,video_0006.mp4,4_6_1276,17747,17761,train
7427c82f-fb31-4f10-b686-b48495eba63e,set01,video_0003.mp4,1_3_100,372,386,train
ab9619e6-e159-4a04-9c16-b24ea30cead7,set03,video_0012.mp4,3_12_782,15853,15867,test
af7fc3bb-22e8-48ed-b74f-2b4be90bc297,set03,video_0005.mp4,3_5_406,9290,9304,test
3169e2c5-2a95-428b-9dc0-fbf5bf9c3ef6,set04,video_0003.mp4,4_3_1125,1366,1380,train
f597280e-76f4-40f8-989f-2d504ba3a330,set04,video_0016.mp4,4_16_1724,11972,11986,train
cd3d1d8a-d1ac-4c78-9d78-1d8c34c190f1,set04,video_0003.mp4,4_3_1166,15921,15935,train
a2fb6bcb-08d6-41f5-8b9a-7d5f67107554,set03,video_0012.mp4,3_12_752,8443,8457,test
bcbd6f08-03fc-4e40-a9ab-1828952e71e8,set04,video_0001.mp4,4_1_1004,3480,3494,train
9833bd19-d629-49da-8aa7-862528265290,set04,video_0006.mp4,4_6_1262,11900,11914,train
5f3361ca-bf00-428c-b227-b38056656bbf,set03,video_0012.mp4,3_12_731,2956,2970,test
4ca28615-623c-4c03-9400-7195b98e38f1,set03,video_0006.mp4,3_6_476,16699,16713,test
0608d2f1-b12e-4b33-8a91-3c72e075087e,set04,video_0009.mp4,4_9_1435,8637,8651,train
33ea09f6-1915-4204-a681-7b2b351a2e0a,set03,video_0012.mp4,3_12_766,11425,11439,test
eb80470a-5010-45f3-a8d9-892ba4618d0b,set03,video_0017.mp4,3_17_959,5264,5278,test
ac20d335-da04-4e5c-bfb4-16f8eaa98d64,set03,video_0005.mp4,3_5_418,11832,11846,test
402b7abc-ec75-4809-addc-4a7840f5fc21,set04,video_0012.mp4,4_12_1584,9160,9174,train
08044c5d-8d1c-4009-b81b-7190389de8b3,set04,video_0002.mp4,4_2_1063,2876,2890,train
b8bcc7e6-48f9-453f-9655-39b3cb7c6f33,set03,video_0009.mp4,3_9_629,728,742,test
a306e5ae-ee21-40df-a3cb-d1d780b09ab7,set01,video_0001.mp4,1_1_7,1581,1595,train
d834675b-2ab5-4342-bba3-a4574c6ac5a8,set03,video_0007.mp4,3_7_492,7233,7247,test
7399b92d-a7b2-43a0-a4af-c5e9d716c8e9,set03,video_0015.mp4,3_15_868,6909,6923,test
1d761894-4f13-4e56-8e1b-94cd236dd523,set04,video_0002.mp4,4_2_1069,4012,4026,train
ab66067b-7885-4ded-bcee-75a3d7c2a0aa,set02,video_0002.mp4,2_2_149,4772,4786,train
55048ae1-7eae-494b-97ea-a4d39171bacd,set03,video_0001.mp4,3_1_241,7216,7230,test
38148f26-476f-4269-a0ec-f0c604d0e44a,set03,video_0005.mp4,3_5_419,13183,13197,test
b16cf50d-230e-4293-8490-15c7eddf92fb,set03,video_0006.mp4,3_6_464,16488,16502,test
4272932d-4286-4647-9dda-4278dfc3048f,set03,video_0009.mp4,3_9_625,15364,15378,test
f43cd8f8-4544-4e68-a525-b477e4e61029,set04,video_0010.mp4,4_10_1482,1551,1565,train
9ae38efc-6448-4e43-aeab-b17656b33dd8,set04,video_0002.mp4,4_2_1077,7863,7877,train
e5b389b2-3cf0-4272-b837-152e6de76012,set03,video_0002.mp4,3_2_293,9998,10012,test
833e9287-6e8a-4eb0-8e98-4594b76b9f71,set03,video_0010.mp4,3_10_637,3334,3348,test
046d3890-98c6-4400-854a-0090c3eb3989,set03,video_0012.mp4,3_12_801,17115,17129,test
bebd2812-5471-4397-b106-2b984b01d342,set03,video_0008.mp4,3_8_547,12837,12851,test
9db7dd54-8aa3-4b83-99b2-1b768fe07c66,set03,video_0005.mp4,3_5_427,17894,17908,test
304fda3a-186a-4f63-af16-d6b89847c4c7,set04,video_0008.mp4,4_8_1409,15928,15942,train
24529c24-ab70-41b3-b8e7-54460ece4e2b,set03,video_0010.mp4,3_10_655,6584,6598,test
be7fbafa-4ad9-4750-9e10-a8d0a8403772,set03,video_0012.mp4,3_12_751,8434,8448,test
67f22cd2-23ce-453c-b46e-b701bb54342d,set03,video_0009.mp4,3_9_615,10977,10991,test
b2b6531c-5ad6-4e6f-a10d-95a8d1a7e434,set01,video_0001.mp4,1_1_10,16399,16413,train
03970b87-6b87-4b8e-9d11-72a0559d90d4,set03,video_0016.mp4,3_16_904,6010,6024,test
3a5d4323-e0e7-4c96-8e1b-5c0a93f0e23d,set04,video_0002.mp4,4_2_1071,4754,4768,train
35eae5ef-9ac4-4916-bdfd-27647dc2a821,set04,video_0004.mp4,4_4_1198,13041,13055,train
3066bbc1-2bd4-41d1-abdd-97f4c32d2370,set03,video_0006.mp4,3_6_434,6824,6838,test
a521056c-45fa-4cd0-9dd6-46934e936176,set03,video_0012.mp4,3_12_795,16493,16507,test
745eb8af-1668-4177-bf81-09f06542767d,set03,video_0010.mp4,3_10_638,3334,3348,test
3c413cd7-c82b-40a8-87a7-de13c2f2ca02,set03,video_0010.mp4,3_10_646,3750,3764,test
cec0ca68-3b72-4706-82c4-b008289de741,set02,video_0003.mp4,2_3_203,2424,2438,train
a903319e-a4c8-4c2f-a484-335ce3bf8304,set04,video_0009.mp4,4_9_1442,9287,9301,train
6dcfa569-1183-417a-a50d-7dda4a005389,set03,video_0015.mp4,3_15_846,4859,4873,test
8a727613-52d2-494c-b4a8-107d2c56088e,set04,video_0016.mp4,4_16_1718,8702,8716,train
fd061920-059b-4ca2-b32d-cf7ca0d477ee,set02,video_0003.mp4,2_3_208,3917,3931,train
405741bb-1f3e-40a0-b5c0-2a49b86bba49,set04,video_0001.mp4,4_1_1014,7397,7411,train
742eb7f6-0bda-4b41-8b55-49559c913ba4,set03,video_0015.mp4,3_15_867,6909,6923,test
fb67c592-cf74-4ffc-9a52-dff5b3a0fc57,set03,video_0017.mp4,3_17_951,2363,2377,test
7aeedf20-e1ff-481b-818d-4221b3e19120,set03,video_0012.mp4,3_12_759,11343,11357,test
304ee3c0-e46e-4f55-bd2d-ccfadb399c16,set03,video_0010.mp4,3_10_661,15445,15459,test
ae07bf58-550d-4803-8137-025cfc7997cf,set03,video_0007.mp4,3_7_491,7239,7253,test
c046842c-654c-4761-9aa1-8bdff1551d69,set04,video_0009.mp4,4_9_1448,9368,9382,train
f90af280-cc27-4bfb-b565-7d47fdf49942,set04,video_0011.mp4,4_11_1535,14340,14354,train
4ad05fdc-0d96-4453-b1ba-e6413c4b53ea,set04,video_0010.mp4,4_10_1476,510,524,train
e428f55d-f8fb-48f8-9acd-5c2a9aac4e15,set03,video_0012.mp4,3_12_726,3685,3699,test
d4e32984-dd2e-49b1-ac8c-6c9d4605279d,set03,video_0009.mp4,3_9_579,874,888,test
91b50122-8037-45dd-9090-926abd66f4bf,set03,video_0002.mp4,3_2_282,4507,4521,test
4c5db094-2e32-4411-91e8-7dcfd031d654,set01,video_0002.mp4,1_2_25,6177,6191,train
524499f9-7a7f-442f-90cb-dd00eb5149bf,set04,video_0012.mp4,4_12_1549,1723,1737,train
3f9de5ae-7e52-4757-9473-1f44ffe34d0a,set03,video_0012.mp4,3_12_730,2941,2955,test
de888843-16b5-4840-8d73-f5c0ce7e5d95,set03,video_0012.mp4,3_12_724,2547,2561,test
ccc71647-39ae-4e2c-9f55-948a42e49a3d,set03,video_0006.mp4,3_6_463,16492,16506,test
ddd1d98f-fe2c-4c77-babb-cd11a0960eb0,set03,video_0005.mp4,3_5_401,5870,5884,test
02a963f9-2cd2-437f-8eae-cd900c16f390,set03,video_0012.mp4,3_12_803,17921,17935,test
ef4f9f37-3c39-44d9-9602-44b17ddb015f,set04,video_0001.mp4,4_1_1009,5482,5496,train
189fdac0-ac48-4029-901f-55043167d235,set03,video_0014.mp4,3_14_819,8196,8210,test
717f7f9e-70fd-45cd-99d9-ce3943650aca,set03,video_0009.mp4,3_9_588,2616,2630,test
72789483-b323-4185-b525-56c1e164debd,set04,video_0015.mp4,4_15_1708,15885,15899,train
f8ee14b1-7b9d-4f4b-b6e9-083ccef4edf6,set02,video_0001.mp4,2_1_123,10462,10476,train
27808256-bf7c-4a32-bccd-f9e43c4817c8,set04,video_0001.mp4,4_1_1010,5482,5496,train
d5dd826d-3b0f-48f5-b462-9b8d34e4238b,set03,video_0007.mp4,3_7_488,5425,5439,test
c0a8ea67-a85f-40c2-a127-010b03e74b11,set03,video_0017.mp4,3_17_968,12666,12680,test
648e384b-f94f-4d68-8e62-8a6083c11f26,set04,video_0008.mp4,4_8_1379,6059,6073,train
c7da2fb3-206d-42d1-ac29-d1a5c24b2c8b,set04,video_0003.mp4,4_3_1165,15635,15649,train
c225112f-af6f-461b-b47e-5f6f96ed8105,set02,video_0001.mp4,2_1_135,17636,17650,train
87d3b6fa-cff8-4800-9be5-d7d523f35697,set04,video_0002.mp4,4_2_1105,13768,13782,train
b91ce119-e073-43f4-bd75-9fcfb623e3b8,set03,video_0007.mp4,3_7_495,7243,7257,test
6506436c-81ef-4164-a3e0-32d59b8268cd,set04,video_0008.mp4,4_8_1385,9595,9609,train
5aef3c25-9b86-4ee8-9110-ec9828681962,set04,video_0002.mp4,4_2_1080,9829,9843,train
0fb2e449-ee69-4615-9a04-95e866ea1fb2,set04,video_0007.mp4,4_7_1367,18000,18014,train
dd8df380-55c5-4b72-abe5-b862528652d6,set03,video_0007.mp4,3_7_480,4717,4731,test
99d637d3-c6ec-46af-961e-fef6ba9b0ff1,set04,video_0002.mp4,4_2_1108,14035,14049,train
793d49be-fc0c-46c9-93bf-357a1c6620d0,set03,video_0003.mp4,3_3_315,10348,10362,test
e6be6a07-66f2-40d3-a7a6-7ad35bda0457,set03,video_0009.mp4,3_9_576,851,865,test
ce1bd1d6-edaf-4556-b999-d69017caea50,set03,video_0015.mp4,3_15_851,4926,4940,test
d0fc7ec2-0f0d-4644-b364-ebd27d6fa4d3,set03,video_0007.mp4,3_7_521,15762,15776,test
794e001e-05c7-4ea8-9c86-1bd349f02f68,set03,video_0012.mp4,3_12_776,15801,15815,test
f3495113-057f-4dac-9980-8208f1be5fb3,set04,video_0004.mp4,4_4_1186,4503,4517,train
67eb4353-ff10-4ed5-8e59-bdd72cde5eec,set03,video_0015.mp4,3_15_896,6968,6982,test
687adf16-b58a-4bf9-a555-8ce55a9b1b2e,set04,video_0004.mp4,4_4_1175,2183,2197,train
d5674172-5d47-4361-8177-f78cdb10eb75,set03,video_0015.mp4,3_15_852,4952,4966,test
0574b236-71ec-4868-9e74-2c6b87c4bb09,set03,video_0006.mp4,3_6_458,11581,11595,test
edf9d0ac-887b-43c6-80f3-1b92145d6b8c,set03,video_0018.mp4,3_18_984,16066,16080,test
cc0bffa7-691f-4d3f-b399-3ad5dfef342a,set04,video_0009.mp4,4_9_1451,9863,9877,train
1ebc11ff-135a-4f19-a901-f96658c4d23f,set04,video_0006.mp4,4_6_1277,17747,17761,train
8edd1e0d-451e-4501-9d6b-e68e58558616,set04,video_0002.mp4,4_2_1076,7186,7200,train
d95bd486-4a06-4800-ac54-8ae3f8907653,set01,video_0002.mp4,1_2_46,14046,14060,train
ea29ecd7-2f16-45d0-a0ef-cba66066c504,set04,video_0008.mp4,4_8_1397,10626,10640,train
6a5f1301-2a10-4955-8f7e-0100dd123fb5,set04,video_0015.mp4,4_15_1690,6363,6377,train
878ea7fc-6d75-4a32-9794-8f3e7a7200af,set03,video_0017.mp4,3_17_950,2309,2323,test
1964bf9b-a18c-426c-9def-201c4b6e41a5,set03,video_0006.mp4,3_6_457,11576,11590,test
56a14bf0-9357-445a-b608-1829f78abe5d,set03,video_0012.mp4,3_12_783,15853,15867,test
07cf96f4-ced0-4e3f-8dd8-744c930843c1,set03,video_0002.mp4,3_2_298,10148,10162,test
9371fc91-d37a-4e8a-a638-5944e9a6cbca,set03,video_0005.mp4,3_5_403,6381,6395,test
997da95c-a947-4e7e-a933-bffc2bdefe9d,set04,video_0015.mp4,4_15_1705,12463,12477,train
b16ef4b9-9b3f-47a2-b4fd-9c5879e27b7f,set03,video_0018.mp4,3_18_982,16062,16076,test
40dfcce3-77aa-42e7-af73-ee526878e106,set04,video_0016.mp4,4_16_1725,11972,11986,train
96460a08-78e3-4345-8ed1-74dfd676b062,set03,video_0004.mp4,3_4_364,13051,13065,test
7ffc4828-ad4c-4e8d-9697-abb6b5c2452b,set03,video_0001.mp4,3_1_220,1546,1560,test
ba44cc54-6ac4-40d0-9b85-25d9a90ac25d,set04,video_0014.mp4,4_14_1669,16618,16632,train
994c8c13-5d83-40ce-9366-90d75e4ca28c,set04,video_0008.mp4,4_8_1371,1412,1426,train
bd8c4471-d71e-406e-95bc-8a1eeb0ce430,set03,video_0014.mp4,3_14_817,8200,8214,test
ffdf7be7-e067-45ce-8265-501617bc9763,set03,video_0010.mp4,3_10_658,8282,8296,test
15e52f3a-ffad-4676-bdc6-f2c427e6edb8,set03,video_0002.mp4,3_2_278,4058,4072,test
aced79af-a445-4c72-94bc-724795d98c6e,set03,video_0001.mp4,3_1_226,2811,2825,test
45d217fb-e9d2-4726-aa6a-eb7f4a649a7d,set03,video_0002.mp4,3_2_272,782,796,test
2080fe50-ce09-4122-b2fe-a635b2f47869,set04,video_0012.mp4,4_12_1601,14983,14997,train
f3849b7e-ea73-4d71-bd62-4fb589710f40,set01,video_0001.mp4,1_1_11,16529,16543,train
6d71508c-f5c3-45d4-89d2-5d86a1ce39c6,set03,video_0005.mp4,3_5_385,2479,2493,test
f4c31d0f-e982-41a3-8470-c8b4cdb05d51,set03,video_0012.mp4,3_12_753,8506,8520,test
bff5ab33-a2a3-4b4a-a8ed-44079cdc4917,set03,video_0010.mp4,3_10_673,12143,12157,test
3d5eb47e-46ba-4bcb-86b8-b9e531006dba,set02,video_0001.mp4,2_1_120,10386,10400,train
39e7e782-a4b4-4da8-92e8-8866a8fef228,set04,video_0015.mp4,4_15_1704,12455,12469,train
77a7cba0-f32a-4302-a313-ff0ec8200700,set03,video_0007.mp4,3_7_524,16578,16592,test
882fa402-f243-445b-a42a-ef35d9cceae7,set03,video_0009.mp4,3_9_595,3448,3462,test
b0ad3061-494d-4696-a682-4c0a5fa3ee42,set03,video_0007.mp4,3_7_485,4848,4862,test
5ff9328a-c5d5-415f-aeaa-24c1cf8568de,set03,video_0002.mp4,3_2_291,8524,8538,test
061591d0-801f-4d15-9610-223774ee9d76,set03,video_0004.mp4,3_4_360,11737,11751,test
cdb4b586-d32e-4a83-941c-e2b7a669b466,set03,video_0017.mp4,3_17_952,2609,2623,test
bbddd997-067e-4d69-ba6b-a20582e111ed,set03,video_0004.mp4,3_4_366,13616,13630,test
046a563a-679d-4ccb-a56c-65d836170682,set03,video_0006.mp4,3_6_445,8636,8650,test
aad810ba-eb1b-4265-a551-70999d39fb22,set03,video_0015.mp4,3_15_849,4905,4919,test
4545ac76-3960-4dda-9077-4afe01d6ca2f,set04,video_0008.mp4,4_8_1408,15928,15942,train
2acdbf90-8d48-45d1-9f59-e6d31e233645,set03,video_0006.mp4,3_6_475,16696,16709,test
c72d9cc1-1d93-46f1-a8f1-67d77fd2cdee,set04,video_0001.mp4,4_1_1025,10303,10317,train
1a967267-7208-44d4-83b5-5b2da23b4100,set03,video_0012.mp4,3_12_790,16426,16440,test
9c5dade7-bc23-4aab-abbf-0125956b1391,set03,video_0007.mp4,3_7_500,9324,9338,test
c2614e17-a96f-4e71-bd7a-b8050d6e4f83,set02,video_0002.mp4,2_2_146,2241,2255,train
859e9a75-a274-4735-a86c-3d23a7a8bee9,set03,video_0007.mp4,3_7_517,15179,15193,test
6e2c179f-467a-4e79-a4fd-b794149b573a,set04,video_0012.mp4,4_12_1631,20759,20773,train
f0c6bd08-c18c-4fcc-b175-275f05baa2d2,set04,video_0009.mp4,4_9_1445,9287,9301,train
667fbe6c-6a59-4aa3-8cbe-3e88335a8835,set03,video_0015.mp4,3_15_861,5441,5455,test
c0767031-536d-4519-8c2a-153f08e99f3f,set04,video_0010.mp4,4_10_1481,1093,1107,train
60995e77-ca8e-4db0-aced-ecaab0549f07,set04,video_0003.mp4,4_3_1132,2349,2363,train
2800a91f-07cd-4e03-9d53-3a88a37d44f2,set04,video_0011.mp4,4_11_1540,13842,13856,train
bb89a0fe-2576-4cc6-87bc-62d61d6efc07,set04,video_0007.mp4,4_7_1348,12905,12919,train
62360f58-1c18-4721-8679-0a01d2e068a1,set04,video_0008.mp4,4_8_1411,15928,15942,train
3b4d83cb-8837-49d1-8ba3-74b0cb67ea72,set03,video_0019.mp4,3_19_988,1418,1432,test
2b42e752-23ee-4da2-8886-f7b67bd7cba5,set03,video_0012.mp4,3_12_794,16493,16507,test
5a6dffe2-c1ca-4dd0-a4ca-19f208b8b56f,set01,video_0003.mp4,1_3_61,690,704,train
a9fb7679-13eb-4bd7-8910-8290573986fd,set01,video_0002.mp4,1_2_26,6818,6832,train
28a515be-3de1-46b1-bf58-6dfe89b83f35,set04,video_0010.mp4,4_10_1489,5408,5422,train
9e8a0394-9ae3-4878-b358-95b328cc1d58,set04,video_0004.mp4,4_4_1202,15599,15613,train
34a84704-1833-4dd4-9be9-053e4544629f,set03,video_0001.mp4,3_1_248,9062,9076,test
a3b73cc1-d3e9-4f8c-8ecb-f4c35b52d535,set03,video_0006.mp4,3_6_462,16494,16508,test
8366a572-9215-454f-95db-3db514035f33,set04,video_0002.mp4,4_2_1068,3872,3886,train
b4112368-87eb-4ca4-b65e-76b2c711f548,set03,video_0012.mp4,3_12_758,11343,11357,test
559de515-3efd-405e-95aa-83f2a1c1f29d,set04,video_0012.mp4,4_12_1618,18075,18089,train
15b0a7f1-c2da-4d36-997f-5a961c1c266b,set03,video_0005.mp4,3_5_428,17956,17970,test
22db4a62-53d0-411a-8170-00387037599e,set03,video_0012.mp4,3_12_781,15806,15820,test
9ab178f4-4880-4e80-9452-65094b8a438d,set03,video_0001.mp4,3_1_262,9170,9184,test
b8d855e1-5616-4e2c-9e95-361dc0ceb901,set03,video_0018.mp4,3_18_973,12646,12660,test
87950b4b-106a-424f-9b6a-df90d05e16fb,set03,video_0002.mp4,3_2_279,4500,4514,test
a750feba-2302-47ea-ba6a-15f9d75ef2ab,set03,video_0017.mp4,3_17_960,8062,8076,test
482ddb54-e8d5-46f8-aef0-31ad1a56c7a1,set03,video_0002.mp4,3_2_288,4923,4937,test
96dcc979-e44f-42a0-8f03-8ddb45c057df,set04,video_0005.mp4,4_5_1207,4406,4420,train
58e04077-ea37-4b4f-8483-9537639c6303,set03,video_0013.mp4,3_13_807,722,736,test
e74a175b-cc6c-462a-a611-a9b7854b4892,set02,video_0001.mp4,2_1_138,12326,12340,train
ce019333-1aaa-4dc4-b786-eea5f3f9eefd,set01,video_0001.mp4,1_1_14,10544,10558,train
0731ad1c-1def-4ee0-b4b0-3bb18fe64a61,set03,video_0009.mp4,3_9_593,3351,3365,test
ece1f384-e199-48bb-bde5-72594e287ab5,set03,video_0006.mp4,3_6_451,9317,9331,test
44ce7954-e05d-40cb-a540-463efe53608a,set04,video_0001.mp4,4_1_1003,3480,3494,train
6ebc9b37-fd16-4b5d-80f0-b54af400887e,set03,video_0009.mp4,3_9_572,762,776,test
d46a88bf-3612-4f20-b262-44a3dfb59641,set03,video_0002.mp4,3_2_285,4511,4525,test
ff1c5cea-2319-4da1-b355-398cef373c29,set04,video_0007.mp4,4_7_1311,5561,5575,train
12a2f49f-00ed-48eb-a8fe-0e49fd69a0a1,set01,video_0001.mp4,1_1_9,15254,15268,train
07d9646e-f05f-4316-b3cd-f2fbee175443,set03,video_0009.mp4,3_9_590,3311,3325,test
ae37a843-d8df-42ff-a797-adb240442226,set03,video_0012.mp4,3_12_732,3005,3019,test
4c1d7310-d37e-497d-8ad4-ea110e3e2095,set03,video_0010.mp4,3_10_641,3693,3707,test
a065f404-571a-4c9c-adc4-4bbcabdec229,set04,video_0014.mp4,4_14_1659,3629,3643,train
bbff7f86-cc96-4b00-95d0-f3279355e20d,set03,video_0002.mp4,3_2_270,802,816,test
3e3dde6b-0b90-4d51-a60a-cea1024d17b0,set03,video_0006.mp4,3_6_435,6807,6821,test
72326bcc-599e-4f37-9599-6e7ccc52a6d9,set04,video_0003.mp4,4_3_1136,3267,3281,train
e1bd86f4-9255-4aa1-9cd5-129216dd5556,set04,video_0004.mp4,4_4_1171,1521,1535,train
dc26e4b5-5563-4648-8974-167cc81441f6,set02,video_0003.mp4,2_3_215,2178,2192,train