uuid,set,video,pedestrian_id,start_frame,end_frame,split
5a8536a3-13e1-406c-8306-84fddc9cfdd9,,clip_428.mp4,7.0,18,72,train
670ac8ef-d7fd-4585-acda-fd3b3c9e84e6,,clip_459.mp4,2.0,6,60,train
fbfa7162-0fa2-4214-ba12-c41d3fbf379a,,clip_101.mp4,6.0,6,60,train
bb6110a2-b9e3-45f3-a88d-58418a5ed750,,clip_775.mp4,4.0,6,60,train
1cf6250b-758f-469c-b1f0-c9e7c8e6b8ce,,clip_129.mp4,4.0,6,60,train
9694d19b-9a99-491a-b51d-5a13becfe94f,,clip_449.mp4,15.0,108,162,train
928c998b-7d55-43c0-8f71-8e0790c3e868,,clip_216.mp4,11.0,6,60,test
c056d3f8-e97e-48c7-a0d0-8863327ade69,,clip_210.mp4,2.0,6,60,test
4a2a10ea-7780-43b8-a369-67c7d0f6f339,,clip_125.mp4,7.0,78,132,train
a917d07a-ad47-4cb7-af93-a66c2a3d26a2,,clip_79.mp4,11.0,72,126,train
c728860a-efe8-4781-9311-09391f6a4337,,clip_374.mp4,23.0,60,114,train
25f1c7d9-1ba0-4abe-a444-1d1e9e627284,,clip_147.mp4,19.0,156,210,test
68f4e6c6-192f-494b-a0d7-b1abec85c719,,clip_82.mp4,16.0,288,342,train
a085c170-1a9c-436e-b3bb-1bd8db0b1c34,,clip_24.mp4,22.0,276,330,train
e1c8ded0-bdfe-4005-b966-53bfa1177225,,clip_287.mp4,15.0,312,366,train
f3df6fe3-bc02-4ef0-b753-5f21fd6180b2,,clip_223.mp4,11.0,180,234,test
4f219036-0388-4005-bdec-6a10bc811d14,,clip_48.mp4,7.0,6,60,train
f383c13b-178e-4c48-a705-a9cfbef5c28f,,clip_1.mp4,7.0,60,114,train
76d33f93-93aa-4b2a-b23e-1ead54644388,,clip_320.mp4,14.0,216,270,train
0e157f05-d646-4a21-a85d-499bcab0c9e6,,clip_48.mp4,14.0,54,108,train
a81f1b4d-b414-4517-aa80-e2ba0119e457,,clip_161.mp4,9.0,6,60,train
ae216cf2-1c9b-415c-aeed-f923c8ebbc95,,clip_712.mp4,2.0,6,60,train
04927bd7-282e-45a2-9573-aef24b72f3a7,,clip_381.mp4,7.0,6,60,train
11b39d3d-a109-4528-af99-054b3181fb5d,,clip_313.mp4,2.0,6,60,train
38007942-1d90-4955-a22c-a3d3cea0a914,,clip_60.mp4,5.0,6,60,train
b2488ae0-5553-4311-a5d0-f7f60d16f4f8,,clip_231.mp4,5.0,6,60,test
21538164-15b1-4a38-b0eb-f2798b881e14,,clip_209.mp4,11.0,54,108,test
cbb20ea3-2ebb-40c3-b5ac-5f067ebf055c,,clip_153.mp4,12.0,198,252,train
61816e39-cbb7-49a8-9f41-efee374a170e,,clip_108.mp4,3.0,6,60,test
80f5e194-e1ba-408b-9cd5-9818014fd8a4,,clip_190.mp4,14.0,252,306,test
96b64b63-2d74-4542-a33a-cb0a3b614096,,clip_446.mp4,22.0,228,282,train
888ea95e-b7d1-4d71-8a72-cd924e56fb76,,clip_99.mp4,27.0,420,474,train
b77aebcc-8a3a-48b7-8881-3e74d0bc349c,,clip_43.mp4,13.0,246,300,train
66d2e5c3-dbfe-4e3c-a62a-8a6286b4e42c,,clip_559.mp4,4.0,6,60,train
3199fe56-c9ff-49be-b3e1-8d8a8048bc5c,,clip_249.mp4,0.0,6,60,test
4bd514b1-61b3-4ab6-8ba3-96eaac085636,,clip_310.mp4,4.0,6,60,train
24bddbea-d1a7-4df3-be6c-7840419cd7c6,,clip_274.mp4,2.0,6,60,train
d4d6749a-c6e9-4f23-b8b6-03d4e60556d7,,clip_63.mp4,4.0,186,240,train
a007c9e0-9f4e-4a39-aeaf-b4fdde7baa0f,,clip_382.mp4,1.0,6,60,train
0429f64a-c704-4984-ae35-66c4968db032,,clip_459.mp4,10.0,192,246,train
8d4deaca-e616-40c2-9cc9-a939696200fb,,clip_684.mp4,25.0,234,288,train
18816b8c-e250-42df-8202-bdc61d153693,,clip_22.mp4,21.0,156,210,train
8443bbd0-0d19-40f2-b1fb-40b6ae66dc18,,clip_730.mp4,7.0,144,198,train
dafb6906-a7dc-449e-b555-fd9d12afd0a1,,clip_446.mp4,1.0,6,60,train
b32efe21-86af-4b6a-834c-6a2193a9321d,,clip_172.mp4,5.0,12,66,test
f8224cbd-e571-4c06-95af-aeaf3491e500,,clip_119.mp4,23.0,228,282,train
9e93e218-c8ad-4777-b95c-851045429363,,clip_31.mp4,18.0,240,294,train
09e3554d-c7f3-4972-940c-32ebf4543f3c,,clip_18.mp4,0.0,6,60,train
37303f52-6861-44f9-a5a5-877c0c1c54d3,,clip_208.mp4,8.0,6,60,test
33b98789-3b8f-4435-ba7a-b18650be0e4b,,clip_252.mp4,7.0,234,288,test
b8062049-6047-4976-8648-2e317aba596a,,clip_633.mp4,3.0,6,60,train
3a729d23-7988-4c0e-851e-13f9ec8eb71e,,clip_315.mp4,7.0,42,96,train
783ee87b-c182-48ac-9e9c-a5064e217d05,,clip_312.mp4,8.0,84,138,train
8158c691-0f81-49a2-84f7-44431913352b,,clip_88.mp4,9.0,192,246,train
95ac3449-a9f5-4259-b8c6-616f5965d7d7,,clip_275.mp4,11.0,414,468,test
3820f26f-dcab-4eb8-9c22-242f357ec71f,,clip_776.mp4,2.0,6,60,train
39d7e9b0-6c33-4979-bddc-b95c71b462d4,,clip_39.mp4,7.0,6,60,train
72cbe9f6-1e5e-49fe-ae58-76aa30d99188,,clip_377.mp4,2.0,6,60,train
834f823e-5775-4ba3-8016-00431d28a70a,,clip_206.mp4,4.0,6,60,test
2fbf623a-4fbc-4174-81bd-2448d95a5df1,,clip_4.mp4,5.0,6,60,train
51403084-0e1c-4fc6-b498-09a67bb81797,,clip_119.mp4,12.0,6,60,train
cbbf06e2-99dc-447e-b983-c7b49e6719fd,,clip_589.mp4,21.0,240,294,train
da3de392-70ea-4d16-8521-83803b8d3596,,clip_310.mp4,10.0,276,330,train
cbd5c50b-fbfc-44ce-a78d-5bf05934fb38,,clip_434.mp4,7.0,6,60,train
eda1ed34-13b5-4033-86a8-e08ca09f37b8,,clip_102.mp4,14.0,324,378,train
da83dbbf-fac8-4fe9-bf4f-769f3876a2f1,,clip_319.mp4,1.0,6,60,train
ce753ab2-ae42-410b-96ad-6c6d3a3e771d,,clip_414.mp4,5.0,6,60,train
86c24efe-1f16-4925-aabc-41660e228cf9,,clip_304.mp4,1.0,6,60,train
65de17e5-81d6-48b1-9bd0-49235d7e1af4,,clip_311.mp4,1.0,6,60,train
14d5b3f2-52e3-4536-8edd-29a755e1f24e,,clip_133.mp4,21.0,108,162,test
38bc5af7-a4db-4693-8d08-e978fecc0bd6,,clip_433.mp4,12.0,420,474,train
69d995bf-c418-419d-803f-203757b227a7,,clip_702.mp4,8.0,6,60,train
d36f4037-371a-4472-bd74-a46f4dc62148,,clip_466.mp4,11.0,36,90,train
b5b7404b-b63c-4781-bd00-1e5ac8030e1e,,clip_13.mp4,10.0,390,444,train
b6824ae4-23a2-4648-ad1f-4431cad61267,,clip_200.mp4,7.0,24,78,test
2b5f6d15-ec7e-4298-901c-8d81d71ee99f,,clip_558.mp4,1.0,6,60,train
35ebfe75-3078-4d10-aeb4-1cc1f2c6dd18,,clip_728.mp4,5.0,114,168,train
6447eb8a-a836-49d2-8400-641064bbd037,,clip_19.mp4,41.0,168,222,train
96606261-d8ae-43fd-8db2-ce0558f4836f,,clip_462.mp4,11.0,6,60,train
0557cb1d-4358-4881-92a1-eb0eea1f9037,,clip_133.mp4,32.0,276,330,test
eb66d2e5-2e2f-47be-9d34-2e283c9364da,,clip_24.mp4,7.0,6,60,train
6c00b193-916e-4d8a-8245-012ad63a853d,,clip_452.mp4,4.0,6,60,train
a595896a-995a-41a0-a11b-fff2b248e445,,clip_198.mp4,5.0,6,60,test
45a8ff49-1d07-49cc-9091-708c28496e0d,,clip_8.mp4,13.0,42,96,train
444c9706-2b89-4d2a-8b98-6023d02b9cbe,,clip_226.mp4,6.0,6,60,test
a89be1fe-7b56-4ff6-9e6e-7cb18dba42ae,,clip_688.mp4,1.0,6,60,train
d9d7012b-b7d8-4533-9e0c-df2d936b7576,,clip_21.mp4,22.0,150,204,train
f04cee44-0a9d-4ac9-9f53-3a873781921c,,clip_207.mp4,1.0,6,60,test
482ba82f-705f-4c3c-898d-8e9efa697332,,clip_97.mp4,5.0,6,60,train
30166294-95d1-467e-955d-cf91cca3ada5,,clip_280.mp4,4.0,6,60,test
a89e65e0-1508-4dfe-b603-f3b0dc4b29db,,clip_133.mp4,11.0,6,60,test
6151942d-9243-4c45-afd2-cb5acf5acee4,,clip_116.mp4,5.0,6,60,train
d8b2b2a1-fbbd-402e-9a6e-00e11f88306d,,clip_103.mp4,5.0,6,60,train
86ffcec3-919d-4d3a-83bb-7481ae45c81f,,clip_49.mp4,7.0,324,378,train
f1e7281f-9666-41b0-b6a1-aae13a7e2f2a,,clip_681.mp4,4.0,6,60,train
8b4ede10-0e11-4029-b914-bad8374ce533,,clip_739.mp4,7.0,258,312,train
b5338863-9240-4f9a-973a-714e5df94ee8,,clip_184.mp4,0.0,6,60,test
20a93e89-aa85-4bdc-b9d7-0591cd003a2a,,clip_311.mp4,4.0,294,348,train
ecc74e72-c8bc-4559-84df-65f5d8752d6e,,clip_628.mp4,26.0,120,174,train
b8803c55-0002-4be7-bfb4-65895acfff45,,clip_579.mp4,6.0,6,60,train
df37fc23-8e5f-47fe-bddd-e3496fba4f0c,,clip_437.mp4,16.0,30,84,train
a87c7449-ea7d-42a5-8fb0-f2a7e319cab8,,clip_573.mp4,12.0,264,318,train
09a99b23-23f1-4084-9f08-35631c9cfb89,,clip_177.mp4,19.0,6,60,test
38407bfa-339a-479e-9c73-4012a6e28599,,clip_420.mp4,2.0,6,60,train
f0681035-bc98-4205-ad07-b3a6f6bbc73b,,clip_456.mp4,32.0,564,618,train
67eb16ba-e50d-4671-82c5-5354078b12bf,,clip_286.mp4,5.0,216,270,train
b7926a8c-26ce-4eff-8ef8-052ca2bafe4a,,clip_6.mp4,6.0,6,60,train
1828970e-e114-4ef1-94de-df875202eab2,,clip_13.mp4,6.0,6,60,train
ce361ab7-e0b4-4a4d-b366-613003f9a3f5,,clip_697.mp4,2.0,6,60,train
03b4cec3-24a9-4dc1-9ebc-9de15974a3b2,,clip_774.mp4,1.0,6,60,train
a7b39cdc-ae50-4600-8c07-d4ac8e7b882f,,clip_728.mp4,7.0,252,306,train
a1c96a14-5d72-473f-baef-6f1ab2eaa618,,clip_110.mp4,16.0,204,258,train
ae8b26ab-7ee4-458a-a8c7-49728d7c1794,,clip_85.mp4,13.0,132,186,train
7907cca6-947c-4159-9184-686333a2c5c6,,clip_739.mp4,9.0,336,390,train
d650c281-a58a-4f81-9ed3-0c021710f727,,clip_270.mp4,14.0,192,246,test
a0146fc4-1866-4592-a004-5cc0d1e4ecf9,,clip_680.mp4,22.0,150,204,train
359f74ed-3f24-4b93-8dcb-6f05daf15abe,,clip_40.mp4,7.0,6,60,train
20aeb19c-b964-4719-8a7a-e94db58be58f,,clip_381.mp4,10.0,60,114,train
482beb44-c4bb-48bb-a73f-df42ea8ead55,,clip_26.mp4,10.0,60,114,train
6a633b6c-0925-4aa1-91a3-19776fdf5254,,clip_309.mp4,19.0,84,138,train
5d7af625-9432-466d-bd09-8eff3e0e7884,,clip_9.mp4,14.0,6,60,train
c0815a54-a6ed-4521-832f-6ce053f70538,,clip_459.mp4,12.0,360,414,train
5e7d2030-c57b-46a2-9d0d-e6ae60e1d3f3,,clip_307.mp4,7.0,6,60,train
6e441fe7-0b2c-42b0-b683-9be2de528ffb,,clip_8.mp4,15.0,108,162,train
88ec58e9-7360-43b8-a30b-87bbab2a0b99,,clip_287.mp4,14.0,264,318,train
56b5ff5f-e1e9-41f4-b388-cf9dd0784b9f,,clip_24.mp4,18.0,24,78,train
34a03add-ace7-4376-8a9f-5468de2529b7,,clip_684.mp4,12.0,6,60,train
9796b61a-d58f-441d-a643-4ee18a598194,,clip_134.mp4,4.0,6,60,test
79136e45-29d6-4e04-af60-780dd367af72,,clip_124.mp4,23.0,210,264,train
9fd44fef-619e-4622-b276-b677b6ccbafb,,clip_444.mp4,2.0,6,60,train
e12abbd9-97ce-40e9-b3d7-035d4f3258e1,,clip_230.mp4,0.0,6,60,test
8949ccfd-7591-4b5d-b728-a24aa9e86056,,clip_244.mp4,12.0,96,150,test
15b0de9a-48d4-4198-bdcc-9087fe2a475f,,clip_35.mp4,8.0,6,60,train
6c175a24-78d6-4166-bc55-d3a5e06f760f,,clip_278.mp4,10.0,96,150,train
1bbed4a3-56d2-49f0-84d7-e9f63795841b,,clip_46.mp4,13.0,132,186,train
511fa898-4459-4638-8fdf-0be10cca388b,,clip_722.mp4,2.0,72,126,train
06eb237e-5502-4f77-adea-fc20d95798fd,,clip_132.mp4,1.0,6,60,test
ec32cb0b-5059-4398-826f-36deaea59586,,clip_352.mp4,6.0,108,162,train
78e8673f-5fa4-4d94-97fa-8d0bb1eb5a24,,clip_9.mp4,17.0,36,90,train
1a48d3a2-d722-483f-9334-7c2279bb130b,,clip_9.mp4,6.0,6,60,train
864fd3f5-f10c-4dcc-92ec-4cbb69033760,,clip_33.mp4,13.0,108,162,train
ee0f91d0-f0e8-43ff-8d12-04f0a8cdb298,,clip_119.mp4,20.0,180,234,train
a1644eb7-ec0d-408a-acc9-53e394a6005a,,clip_130.mp4,12.0,54,108,train
781a3ee4-1d81-4321-81da-3eafcc72f8bd,,clip_375.mp4,11.0,228,282,train
3ab7941d-be5b-4bd3-b670-c94c2545af1b,,clip_443.mp4,10.0,108,162,train
e15b3b9c-208c-4dd7-9ca5-4de936784cdb,,clip_236.mp4,5.0,6,60,test
5bb247fe-abfd-4768-aa43-b0c9acbdedf6,,clip_316.mp4,7.0,168,222,train
aa8846d4-d2de-4a89-b1fe-f54f4f2b6ede,,clip_442.mp4,7.0,6,60,train
08408046-e0ec-46f8-8d7e-32848c4be2b3,,clip_98.mp4,27.0,354,408,train
de3d851e-5b2a-4c9a-b802-63511b40f7a6,,clip_383.mp4,11.0,198,252,train
d671a379-6b3c-4f1b-add5-5f9d9ac605aa,,clip_102.mp4,17.0,378,432,train
1d6ebf86-8f4f-41fd-b6ac-daee5dce95e1,,clip_270.mp4,4.0,6,60,test
34fe4798-0d52-40ca-bdc0-f832e9ca3e6f,,clip_314.mp4,2.0,6,60,train
2da23fc0-475c-4483-845e-0692fe5edaa8,,clip_67.mp4,5.0,6,60,train
f044d6d7-575f-4b69-a669-c2564c9b021a,,clip_692.mp4,31.0,48,102,train
b2023675-bbca-4503-b0cf-553f54e23123,,clip_212.mp4,17.0,354,408,test
3c41ccee-17fe-4bc0-ab0b-3e0c6d78d3af,,clip_37.mp4,10.0,108,162,train
5332a258-feb8-4318-ab6c-f031b1d970ad,,clip_147.mp4,27.0,282,336,test
ec5325a8-63c7-493c-abea-3519dd2a8d8f,,clip_728.mp4,0.0,6,60,train
3b87029e-cbc7-488e-af9b-8d262bd81932,,clip_174.mp4,0.0,6,60,test
2ae0ca6e-eab5-48f1-add2-ff56617334b7,,clip_185.mp4,0.0,48,102,test
9671e653-3ab6-4b01-9d2d-ac35166a5466,,clip_548.mp4,2.0,6,60,train
c4fc7f72-0fb9-49ca-bf33-c94c8489ef21,,clip_675.mp4,7.0,276,330,train
00d54e4b-c56c-47da-858d-1739e05309c9,,clip_763.mp4,16.0,12,66,train
452ca900-7c8d-4319-aa54-6404ecb023cb,,clip_437.mp4,18.0,276,330,train
1997a4c2-9cef-44fe-a0af-06de948ebf2c,,clip_559.mp4,9.0,72,126,train
829f8cdd-5efd-4d44-aec3-3f196d901b52,,clip_118.mp4,7.0,270,324,train
f9b994ca-00bb-41f5-91cc-4d18fc2ecddf,,clip_721.mp4,5.0,6,60,train
cff7bfb0-43f2-451f-b622-cc756b897963,,clip_427.mp4,3.0,246,300,train
59d36439-9231-4883-9d91-c1541600358a,,clip_437.mp4,8.0,6,60,train
de23732f-6909-414d-a657-399e6d4f3da2,,clip_422.mp4,8.0,6,60,train
29e8d5fb-0125-4bc2-8946-1416675f662b,,clip_596.mp4,11.0,90,144,train
a364d828-1601-4a35-8405-9967f5726061,,clip_280.mp4,15.0,120,174,test
79c3029a-9d47-4000-8ce9-20267464032a,,clip_15.mp4,3.0,6,60,train
bd36423b-4dfc-40c5-8d82-634b28b19d4a,,clip_463.mp4,0.0,6,60,train
688b083e-662a-4f54-879e-f22544df45ff,,clip_4.mp4,12.0,102,156,train
1aa782e1-c251-4aae-8fd3-7ef4660cc868,,clip_429.mp4,9.0,24,78,train
34d82ed3-8114-43f5-96a6-7d2f376878aa,,clip_267.mp4,9.0,210,264,test
35ab7e7c-0316-40eb-96cf-a073591de78d,,clip_294.mp4,12.0,144,198,train
23271a04-6a5f-402f-9cfb-0e0c9b5e5682,,clip_37.mp4,18.0,288,342,train
9b1190e0-7a46-407d-a9a0-228650d08ae8,,clip_74.mp4,9.0,198,252,train
63ae1002-a251-4491-93cd-608a38618826,,clip_323.mp4,3.0,6,60,train
c305bbc7-6af0-4807-9d22-748021b0defa,,clip_433.mp4,7.0,6,60,train
565ae7bf-3bfb-430c-b22f-6203e5be7686,,clip_568.mp4,30.0,330,384,train
6b896302-26c4-43d8-a03e-aca627e51dad,,clip_125.mp4,15.0,240,294,train
9058d705-62ee-4389-888f-44560197e8be,,clip_16.mp4,5.0,6,60,train
3eb83a85-6fcd-4a53-9f26-8cbeb0575d06,,clip_195.mp4,3.0,36,90,test
e07c1b97-ebbe-46c4-94c9-aa0965603a7b,,clip_448.mp4,4.0,6,60,train
95172405-8868-4f4d-ad1d-d80ec3371433,,clip_378.mp4,20.0,264,318,train
de2d8a9b-65f6-4b2f-bcf4-81edd18b92f7,,clip_463.mp4,32.0,588,642,train
56911109-4949-4ccf-b5bb-f2da877911db,,clip_272.mp4,16.0,372,426,test
63945652-c5cc-4eb5-96a3-3ea38e0750b3,,clip_35.mp4,14.0,156,210,train
853a5da9-ce53-4c18-b0d1-a7775ca3e48f,,clip_431.mp4,13.0,348,402,train
74ef268f-0673-4ef5-bf96-dfae4068fef0,,clip_621.mp4,0.0,156,210,train
410ac870-7ed6-47c9-bb30-299bae4a15f1,,clip_4.mp4,18.0,324,378,train
567520e6-6d6e-4089-aa9b-175fb326e689,,clip_609.mp4,1.0,6,60,train
c2009cab-31b5-4406-adc7-2f4c0150502b,,clip_420.mp4,6.0,222,276,train
75b86822-2aed-4278-8faf-999749ecd589,,clip_374.mp4,25.0,90,144,train
a20c4eab-851d-48d6-ad5a-372ee8260945,,clip_407.mp4,0.0,6,60,train
4fdc1657-f110-43d7-84bd-acb5383f4235,,clip_64.mp4,3.0,6,60,train
b8bce71d-31e7-446b-8458-1dae3fd7f8e0,,clip_386.mp4,7.0,30,84,train
cc289568-13d0-476a-8c01-f4b66d990cc7,,clip_59.mp4,1.0,6,60,train
6d299463-1132-4801-afc1-7d9af7804720,,clip_784.mp4,1.0,6,60,train
5df4330e-d727-4599-a91d-843e13498df2,,clip_270.mp4,16.0,180,234,test
d7702873-a774-42c3-b937-fc5562af3af8,,clip_96.mp4,14.0,144,198,train
363e3d0c-d57d-4507-a3c1-168d140be3d2,,clip_716.mp4,4.0,6,60,train
d5a3ca6b-7968-4c92-9fb1-49039792f552,,clip_763.mp4,20.0,114,168,train
b85989d6-4024-4330-bba5-35e393e0694c,,clip_458.mp4,6.0,240,294,train
3b803eb4-f01a-427e-8434-0ae66cd217c5,,clip_292.mp4,7.0,168,222,train
76c9dc4b-e2b7-45bd-9526-09211d9a8dd4,,clip_51.mp4,1.0,6,60,train
da151e5c-0b73-4d24-875d-fb17ff2957e1,,clip_432.mp4,2.0,6,60,train
2d75df14-9eee-48ce-93d5-f035b1dd1dc8,,clip_92.mp4,3.0,30,84,train
08df0424-e5a6-41bd-9f36-5efcf60e58bb,,clip_183.mp4,0.0,6,60,test
aa088961-b359-4e5f-b2d4-cc301d1dc6de,,clip_97.mp4,10.0,78,132,train
acba8572-952a-4758-9716-bb5259039435,,clip_287.mp4,4.0,6,60,train
38f6478c-9e22-4437-9a36-adf8e8ec29bc,,clip_448.mp4,21.0,330,384,train
aa5096c2-8617-483e-b8fa-093dcdc76fae,,clip_5.mp4,9.0,6,60,train
4a5b702a-9f59-4b9c-b4ca-b9bf5788997e,,clip_440.mp4,4.0,6,60,train
09e6e641-69bb-4baf-8967-e2a593971f6c,,clip_455.mp4,4.0,6,60,train
f1fd99b7-df70-4315-a92a-9a87316e84bc,,clip_36.mp4,7.0,6,60,train
2bdac31e-8d82-48e1-9dd0-c7afad23dfef,,clip_345.mp4,0.0,6,60,train
262a9d8e-c3f5-4920-8f44-d67262549e5d,,clip_247.mp4,9.0,30,84,test
4e1b23d0-bd35-486b-828e-30de86d0cfae,,clip_466.mp4,10.0,666,720,train
8d77d0af-04f3-4c4e-a779-1e18ddf94e8a,,clip_118.mp4,0.0,6,60,train
36272b0b-115f-4d14-a6b7-910c32d7433f,,clip_173.mp4,13.0,162,216,test
818f61e1-4efb-430a-8a75-e3d0a5b4874c,,clip_5.mp4,19.0,318,372,train
a7a3ce6f-8a4e-4451-a8d3-02f5de990b66,,clip_82.mp4,13.0,252,306,train
f5933d34-e269-4816-bc0e-a12948e886d1,,clip_378.mp4,2.0,6,60,train
0018bfbf-dc59-4234-b041-f024f9dab68d,,clip_98.mp4,31.0,414,468,train
979a9338-c88b-4e9f-a368-85404fa304ea,,clip_186.mp4,8.0,222,276,test
b9261cc3-ede3-4510-a07e-f4250ff491e8,,clip_45.mp4,18.0,138,192,train
9f7aaaa9-7679-411b-8e72-88aa355cac7e,,clip_43.mp4,7.0,90,144,train
5565890a-3848-4d42-9713-662589927132,,clip_702.mp4,1.0,6,60,train
61d1ce49-b277-42bd-a603-b920e551d97f,,clip_144.mp4,13.0,6,60,train
fd675b3b-2940-4ebc-9dfd-c4882807cd77,,clip_159.mp4,8.0,6,60,train
eb48447c-cc53-4b2c-ab01-dc3edeba8f2f,,clip_406.mp4,5.0,6,60,train
9900f418-831d-4da1-aaf3-14002297c123,,clip_458.mp4,5.0,72,126,train
4cd90358-88df-4636-9320-d645683b7865,,clip_34.mp4,14.0,210,264,train
1df1eeaa-b099-4753-bf93-d22e59d57548,,clip_48.mp4,25.0,360,414,train
d49d7838-42b3-4f60-aef7-f9a6912b2854,,clip_42.mp4,13.0,6,60,train
1bc78fc6-4810-4deb-a921-14db86da5523,,clip_443.mp4,2.0,6,60,train
372b2231-f56d-4da3-ac96-707168d18ad5,,clip_126.mp4,10.0,156,210,train
82e573ca-4431-4597-bdf8-7061d28ffb49,,clip_35.mp4,1.0,6,60,train
16046525-f971-4309-a65e-91f969b82e20,,clip_150.mp4,7.0,252,306,train
8e6e3aa8-8e31-481e-8b92-06df84192416,,clip_237.mp4,0.0,6,60,test
bea840bc-0de9-4066-9612-7e24b321ca55,,clip_182.mp4,11.0,408,462,test
db34678a-5c78-4761-908d-904a70614fd0,,clip_684.mp4,16.0,24,78,train
30660958-7aea-40e0-a19d-bde5d4871815,,clip_774.mp4,12.0,396,450,train
666f2ff7-24c3-4e36-a4c5-c53fc7cacc9e,,clip_126.mp4,4.0,6,60,train
67e0e33f-a4d0-4f9e-89b2-a9818453b05d,,clip_130.mp4,10.0,6,60,train
04be1a5a-4415-49ff-84bd-8eceb14b156b,,clip_701.mp4,7.0,6,60,train
7b0ada93-2e33-4d0d-aa18-fb277168e62e,,clip_438.mp4,1.0,6,60,train
2d445b99-e6b4-407a-a74b-133e12f839ba,,clip_549.mp4,7.0,6,60,train
93f80870-d808-4ad1-b4d2-71876a0b96bc,,clip_410.mp4,3.0,6,60,train
76ae5820-1d10-490a-9960-d765a107935b,,clip_405.mp4,3.0,6,60,train
cd9ac3e1-9990-414a-b3dd-efb4114199e0,,clip_66.mp4,0.0,6,60,train
05c746d6-824b-4540-a167-7695ad52c2d9,,clip_271.mp4,1.0,6,60,test
0fec5f63-574a-4328-ad05-0c84c2d228fa,,clip_497.mp4,6.0,6,60,train
b5e6c3f0-496f-4964-9b46-d80e8d0e9e27,,clip_387.mp4,2.0,6,60,train
bfcd2c0e-e280-4856-8004-4901d52ba430,,clip_122.mp4,39.0,336,390,train
643f37ea-6706-4062-9a5e-72414034dcc5,,clip_245.mp4,6.0,6,60,test
0806d9ad-a8ab-4f28-8f6c-9f0c84c91c2f,,clip_546.mp4,9.0,72,126,train
89544717-8960-47ec-ba6c-36c092dc5b58,,clip_773.mp4,1.0,6,60,train
f75bc6e5-63b5-48ae-8e28-ef34a27412e3,,clip_61.mp4,9.0,42,96,train
48825d58-98e7-458d-8ef2-d926b469e751,,clip_180.mp4,6.0,6,60,test
8d980aea-ffdf-4947-a184-698265b126fd,,clip_781.mp4,10.0,6,60,train
9ad15b83-d0de-4d6b-a7c0-3260d1b9e68a,,clip_462.mp4,15.0,132,186,train
0c7eb455-9cd1-44b5-bba2-bba4d6989a4f,,clip_14.mp4,6.0,6,60,train
fa9b0cde-21fe-42d5-81a7-036c301953f9,,clip_73.mp4,4.0,30,84,train
4a19fb25-223a-4c96-90ab-651e6ffa2bb8,,clip_284.mp4,2.0,6,60,train
7caa947e-5faa-40e4-a8a2-5e5cbee53a7b,,clip_716.mp4,7.0,138,192,train
88ae72cd-cbbc-4a76-8bb5-49fe4ef67528,,clip_266.mp4,7.0,6,60,test
089a7eba-f470-424c-bb2c-149a13109115,,clip_305.mp4,8.0,6,60,test
20df8584-cce2-4b6e-b01d-b1eaea767a57,,clip_59.mp4,4.0,6,60,train
0e88f8b8-7ebb-4c22-a8f1-91942f7faae5,,clip_122.mp4,11.0,6,60,train
ed3a1b6b-445b-4167-8eaa-dad988d7255c,,clip_703.mp4,1.0,6,60,train
ce6b39fc-29f9-4d9d-8a64-18185c90be79,,clip_190.mp4,16.0,288,342,test
d495d5ac-ba9f-487d-87c5-deabd77330ba,,clip_98.mp4,0.0,6,60,train
7f9692e4-82d7-45da-bcf0-6ddbbf454df7,,clip_185.mp4,6.0,132,186,test
057051e0-f080-4424-b389-a83052990215,,clip_554.mp4,18.0,294,348,train
bf7b4d7a-3891-4b2d-a1de-4e9268a6082f,,clip_196.mp4,21.0,396,450,test
4db366b6-e995-4d14-8d43-a15515a9897d,,clip_139.mp4,13.0,6,60,train
aeae274b-a186-4324-9aa9-f0a732b2a757,,clip_469.mp4,6.0,6,60,train
ae44e3bd-e3a3-4e54-bdbe-856b4e72ad36,,clip_461.mp4,7.0,372,426,train
fe053957-2d28-4d2e-a863-e269fb760037,,clip_387.mp4,11.0,30,84,train
7584ef8a-c36b-46fa-a37d-1bf4bc840612,,clip_609.mp4,13.0,294,348,train
fa61b69c-dcce-4f59-b484-265092049486,,clip_119.mp4,0.0,6,60,train
0644271e-2b23-4b47-90f3-309166134393,,clip_223.mp4,15.0,378,432,test
929dbc42-25ae-4f86-84f1-089ebb57e7ac,,clip_4.mp4,17.0,312,366,train
f5620856-aef7-4f71-bb1b-c7bbc2877f23,,clip_628.mp4,3.0,6,60,train
e3656953-93b0-4006-bb05-7c3e81e7a2dc,,clip_32.mp4,12.0,54,108,train
676d3189-e2d4-46eb-8954-cbe8be61b79c,,clip_426.mp4,16.0,636,690,train
d981ef9e-2e41-45c5-bb4d-4de9a799d28d,,clip_460.mp4,3.0,6,60,train
2a63a447-a4c7-4b85-abdc-d28f332bb93b,,clip_114.mp4,22.0,378,432,train
1da54817-fd6f-4527-b525-09fe6827a160,,clip_439.mp4,10.0,18,72,train
c32734cf-8b2d-4446-bf1f-651899d78045,,clip_185.mp4,9.0,6,60,test
810d2c4d-7f0a-4edf-8284-0c5b1dfbd6c1,,clip_110.mp4,5.0,6,60,train
77942480-4059-43cb-bd3b-63386a3faf78,,clip_771.mp4,7.0,6,60,train
c62d5baf-d531-48a9-a675-235cd4401988,,clip_71.mp4,0.0,198,252,train
346bf7e2-e547-40c4-af65-1e94e0ae077c,,clip_252.mp4,0.0,6,60,test
07065c8b-4d46-45cf-aa5c-ab73dd7f915f,,clip_247.mp4,0.0,6,60,test
9cd62656-5ea1-423f-be6b-cbf1642c1948,,clip_156.mp4,25.0,762,816,test
96cd5a75-44ac-4df2-9c02-0a59c2aed7a8,,clip_280.mp4,22.0,774,828,test
6a689ad3-b8b7-45cd-924a-ce8a4eab9ee2,,clip_168.mp4,12.0,234,288,train
81ddb220-6e6e-4288-942c-b4ab8c3faf46,,clip_361.mp4,8.0,6,60,train
6e26855f-27d0-468b-9a2f-599a26b242ea,,clip_15.mp4,6.0,6,60,train
b7a841d4-f433-4cf0-be92-148f9524c680,,clip_31.mp4,10.0,6,60,train
cc9875ca-bd2b-4e1e-ac1b-b9f5a9ac9659,,clip_30.mp4,11.0,246,300,train
0286915d-32ec-41a7-ba79-356202513a23,,clip_548.mp4,12.0,6,60,train
fec0381a-88b9-4b43-bc71-8945438554bc,,clip_420.mp4,7.0,246,300,train
8721867b-4d5c-496e-a95e-c7ba51728ccc,,clip_113.mp4,3.0,6,60,train
a21756f3-bce3-4dd3-98f1-72a674016406,,clip_684.mp4,2.0,6,60,train
f0060273-6a22-4db8-a68e-6520d1879a38,,clip_252.mp4,9.0,336,390,test
579e2928-dd90-48e7-99b7-370c8e23bff7,,clip_308.mp4,2.0,6,60,train
ceeca65f-2e89-4f00-9368-3a1857e12c9d,,clip_612.mp4,4.0,48,102,train
fd0ffe43-b925-44f7-bdd0-fdf7b8e23431,,clip_734.mp4,0.0,6,60,train
4fe0ddc4-914e-43f4-992e-cb3beb4ffc63,,clip_628.mp4,10.0,6,60,train
acf6d503-c020-4ddb-8d88-4c9d8bff6541,,clip_119.mp4,27.0,324,378,train
c5d61b51-2b19-43a6-b3f9-906e04d4a305,,clip_72.mp4,0.0,6,60,train
52caf2b5-f6d1-4d7e-98b5-6bdeac369929,,clip_67.mp4,0.0,6,60,train
deb79820-537f-4762-ad56-ca699f1c64d7,,clip_142.mp4,22.0,318,372,train
f8723cf1-7843-45cc-afdc-b31c57939982,,clip_403.mp4,13.0,288,342,train
2cc6850a-2971-4821-97de-e5d0f67b856d,,clip_452.mp4,6.0,96,150,train
d1157b99-5a5f-4cfc-9c56-2dd2f0c196a8,,clip_680.mp4,13.0,6,60,train
dc57d325-33ad-4f21-b441-b9cf89afb39b,,clip_188.mp4,7.0,78,132,test
dde4a645-8e70-4167-a2a7-b40f40d33e6c,,clip_548.mp4,7.0,6,60,train
db93b8b6-b48d-4941-b16e-d1bbaf9a7045,,clip_439.mp4,1.0,6,60,train
c18e5a23-568c-44b1-ab46-07ad06457e1e,,clip_373.mp4,20.0,24,78,train
e28d1f87-d6ab-4214-b881-705399496edf,,clip_292.mp4,4.0,30,84,train
b1ab20b1-35d6-41fd-9c37-76c955c9517d,,clip_206.mp4,11.0,120,174,test
8e370ef9-9791-44d7-9d48-9f85602af8be,,clip_138.mp4,5.0,72,126,train
e4f0a192-a18b-457b-a889-536a6d2c93c0,,clip_763.mp4,19.0,60,114,train
0b8cd169-9619-4a10-9a29-39fbcd23f694,,clip_294.mp4,11.0,144,198,train
53ca5cf1-b87e-4023-a9a0-131629e2d67d,,clip_111.mp4,3.0,12,66,train
692fd422-d830-493c-ba89-8943039dc241,,clip_236.mp4,0.0,6,60,test
aca69306-f446-4677-bcdf-f4e1566de95a,,clip_347.mp4,6.0,6,60,train
212e2578-15b9-457a-81d9-6c660d63e843,,clip_34.mp4,1.0,6,60,train
dbdf0725-b3eb-4dd3-b3bf-83d828f9be43,,clip_442.mp4,2.0,6,60,train
8f77c9a0-cda1-4238-9f35-b68006a288e3,,clip_202.mp4,9.0,252,306,test
6ab9bb19-b24a-43c7-b098-03f52161ad7d,,clip_773.mp4,4.0,6,60,train
3c8495b8-05c4-4fb5-80f2-b96d1fe0a27e,,clip_112.mp4,6.0,6,60,train
860b09bd-8734-442c-9466-f11bd5607cd7,,clip_685.mp4,7.0,6,60,train
cbb48e2b-c8b9-4570-83c1-390ca1465aab,,clip_201.mp4,8.0,210,264,test
f6221507-3b7f-4858-8650-5bb4a4e5581b,,clip_74.mp4,7.0,156,210,train
81995621-7610-4f40-b184-c1d8007a4263,,clip_203.mp4,2.0,6,60,test
ef3646d5-ef1f-4e5a-a5c2-85165f9a303e,,clip_42.mp4,22.0,294,348,train
395bca3c-a16a-4c0b-9174-e5eba96ff619,,clip_1.mp4,3.0,6,60,train
c47d13af-741b-4ac1-8e59-220ca1374baa,,clip_284.mp4,7.0,6,60,train
2233e8fa-2c1a-47bd-b731-0963415eb671,,clip_117.mp4,10.0,174,228,test
349de1af-d855-43ae-a88e-fcf36007df4b,,clip_424.mp4,1.0,6,60,train
fe7ab4dc-95ee-45ea-9a46-3902bb41737a,,clip_47.mp4,2.0,6,60,train
ae1c9280-a04c-405d-bd26-55d3f9773b14,,clip_456.mp4,21.0,210,264,train
992c8f37-3d75-4fea-adc4-060a18a0f28c,,clip_452.mp4,5.0,78,132,train
2d8311b8-c588-43d3-95c2-7b5438e1d807,,clip_728.mp4,1.0,30,84,train
9fe6597a-0ea0-4095-9538-14f17f5fad8e,,clip_701.mp4,2.0,6,60,train
fb77d62f-b625-49f4-b17b-fb8e0fd0080d,,clip_211.mp4,10.0,408,462,test
0d9d4278-5415-4694-a3d5-2ae359eb0d1d,,clip_582.mp4,6.0,48,102,train
bfb4a63c-2bfc-47cf-a965-55a2ad049e7c,,clip_175.mp4,0.0,6,60,test
db29b909-d9f0-4c9f-934d-26d910aa524b,,clip_59.mp4,12.0,258,312,train
d49d027d-2060-4c25-9a47-807a182e086a,,clip_374.mp4,34.0,330,384,train
368d356b-6017-463d-a02e-7bfdd927c385,,clip_422.mp4,23.0,150,204,train
77b8c5a1-a4fb-49b0-a46e-39718fd537af,,clip_85.mp4,15.0,384,438,train
49599b3e-4ac4-4a04-bc05-0e557dbeb4f8,,clip_466.mp4,17.0,204,258,train
44a8bc52-c023-4392-bc3b-5fe572e15e0a,,clip_405.mp4,6.0,6,60,train
ea183b4e-38a5-48b9-bd07-7af79352c962,,clip_773.mp4,17.0,162,216,train
dc1f9f0d-25ec-4c38-8aa8-b68bce212444,,clip_462.mp4,13.0,24,78,train
f516b4ff-53cd-4aa7-8d3a-4534a3e4b0d8,,clip_209.mp4,17.0,180,234,test
4c975b00-5564-45d2-a38a-98f0f9415ac5,,clip_387.mp4,7.0,6,60,train
27ecba41-7ef2-44dd-ad73-57f8f1812758,,clip_42.mp4,16.0,6,60,train
518375f0-354c-4179-8c1c-4c8680efc426,,clip_565.mp4,13.0,288,342,train
3cb789cb-8a86-4d4e-bb88-aeb5fb6f2703,,clip_35.mp4,4.0,6,60,train
5ee14956-ea82-4c73-801d-b65ad38a31d0,,clip_189.mp4,6.0,6,60,test
bb01f574-7445-4135-875d-a887c509f628,,clip_24.mp4,24.0,300,354,train
6f3fc92e-f173-4cb5-831b-22169e924dc9,,clip_15.mp4,10.0,6,60,train
e4e15bab-da95-4b03-8472-249ebbfe089d,,clip_300.mp4,27.0,468,522,test
9313add0-3181-4000-81f5-dad88a5a461c,,clip_460.mp4,9.0,102,156,train
a9429fad-c760-4d1f-ac26-77e023cb2683,,clip_785.mp4,1.0,6,60,train
e6223205-aff7-47df-a50b-7e484fc06323,,clip_467.mp4,3.0,6,60,train
a9c0e4e2-e0a3-4d85-8231-8c99ce369375,,clip_673.mp4,2.0,6,60,train
05f1c0e2-3e00-428a-b390-ee1b598613ef,,clip_499.mp4,8.0,24,78,train
05901b5a-079a-497b-bf0a-2c22afef8d5f,,clip_44.mp4,17.0,390,444,train
9cda4238-1701-4616-abd6-2254fee559d8,,clip_413.mp4,0.0,6,60,train
925df8a5-11c2-459d-b81e-5f85af0e8458,,clip_58.mp4,4.0,408,462,train
7e2238e7-9302-424b-8506-fb9b9dfca17c,,clip_44.mp4,15.0,366,420,train
62173254-7401-46e4-bc5d-7dd5ad1e09cf,,clip_350.mp4,5.0,6,60,train
fcb693e8-ce5c-42c9-8f38-24158c3473c4,,clip_99.mp4,5.0,6,60,train
59981ec9-5b5c-4162-a16d-da1aec33fdf1,,clip_130.mp4,7.0,6,60,train
a68ca5f8-b020-4eb8-8b82-a35295dc76b9,,clip_13.mp4,8.0,156,210,train
1e4af498-764a-4864-a61e-16910452647c,,clip_296.mp4,10.0,312,366,train
fc8c9fda-9d9c-460d-9353-b72b6e5f8691,,clip_468.mp4,3.0,6,60,train
e5b8cf2b-3011-44d5-8fa8-90736774a6ee,,clip_188.mp4,8.0,108,162,test
4a9e9ad7-a53e-465f-86e7-6b54e8f4a8f2,,clip_681.mp4,8.0,6,60,train
c82ee374-66a3-491d-9db6-653f9b37fe67,,clip_103.mp4,9.0,6,60,train
ff8f534f-53ba-468a-b1fe-5d9cba52971a,,clip_280.mp4,8.0,6,60,test
b81aef13-e5cd-47d4-b328-36c81a63a568,,clip_426.mp4,10.0,420,474,train
b5922641-dc4e-45a7-bb47-d46c6c0f448a,,clip_621.mp4,16.0,6,60,train
5a1d70e2-8215-46b1-95b2-b49eaaec5462,,clip_680.mp4,2.0,18,72,train
d43c2a19-c1a7-457c-ba6e-0d4ba200b499,,clip_556.mp4,1.0,6,60,train
6826b589-4e7b-4488-90e1-f19c7d802588,,clip_44.mp4,4.0,6,60,train
d3213c12-8659-4a9b-86a5-fcd7fdd614b4,,clip_436.mp4,15.0,270,324,train
afab3ed0-67b8-42a4-ba96-7eaffbba6012,,clip_157.mp4,1.0,6,60,test
f605813d-9351-44a9-bf39-d0caf8cc7833,,clip_370.mp4,2.0,90,144,train
56e96ca9-e5ac-4a75-85f1-e5a7811b07a1,,clip_669.mp4,2.0,6,60,train
6a6d28ab-cb6b-4ec2-9dc7-bb73b12d2d46,,clip_55.mp4,30.0,174,228,train
f34e2856-79a8-4d40-8a60-c341bf87780b,,clip_39.mp4,21.0,162,216,train
ed6ad530-9106-44e5-92e7-0d6f73f07442,,clip_42.mp4,1.0,6,60,train
00c30e32-b44c-471e-8595-2685d131dc2a,,clip_434.mp4,2.0,6,60,train
43110ad0-092a-4046-b447-d43d25dc4cd3,,clip_4.mp4,9.0,12,66,train
f437c64a-d58c-457c-a194-5733995bca6c,,clip_685.mp4,13.0,258,312,train
b71ae732-8741-4925-9f17-178050b6d62f,,clip_409.mp4,0.0,6,60,train
41b09255-fc8c-46b2-8705-744a2c66a2b1,,clip_696.mp4,6.0,144,198,train
46869740-71ce-4b86-a61c-3f3b8ecd751e,,clip_774.mp4,9.0,72,126,train
c6456c27-d62a-44ef-97f7-ae5e8f9723cf,,clip_102.mp4,5.0,6,60,train
331f2610-6693-4847-b741-f210ee48fb4e,,clip_763.mp4,7.0,6,60,train
9238a32f-a101-4f9a-b05b-4d49dcc821e7,,clip_604.mp4,0.0,6,60,train
6b074082-180e-47ca-94a6-5732d11db48c,,clip_448.mp4,8.0,6,60,train
ab270b86-8f74-4f72-a4d6-6667a869adb5,,clip_588.mp4,10.0,18,72,train
a4efb85f-1099-4fa4-b0f6-3fabe141dd65,,clip_377.mp4,7.0,6,60,train
5249fe2a-392f-44ac-830d-4dee96b578c5,,clip_213.mp4,1.0,6,60,test
7b2b77dc-7bc0-4bf0-8062-b90594726907,,clip_322.mp4,5.0,12,66,train
21437705-be7b-40ba-a29d-fb6e8db7a061,,clip_122.mp4,29.0,120,174,train
447bc08d-c331-4eb1-94eb-2b21ede6f39b,,clip_337.mp4,12.0,174,228,train
023cdf6e-564a-4b43-b3b5-321b4b552502,,clip_607.mp4,12.0,318,372,train
b1c0ac18-6c94-4155-8e74-ecad46c06c17,,clip_422.mp4,11.0,6,60,train
ff2c88c6-1ba4-4997-95c5-936c0dda68a7,,clip_25.mp4,7.0,6,60,train
e14a9fb7-54ce-4bae-b58a-bb42928f3a11,,clip_128.mp4,42.0,540,594,test
6b888bc8-27aa-4905-aa6d-17b18a28fa85,,clip_101.mp4,14.0,348,402,train
d47b8f92-b93c-425c-91fd-6691bc691e68,,clip_598.mp4,5.0,6,60,train
cd26d3b2-c6d3-46a7-8708-e3a51fa79428,,clip_782.mp4,15.0,150,204,train
27439dab-195b-41ae-8a5b-7c9fd6dc5a9c,,clip_122.mp4,18.0,6,60,train
b1479b04-9de7-4d58-9594-710950195040,,clip_54.mp4,10.0,66,120,train
2251a757-b490-42c9-9be1-90ff7789e9cd,,clip_249.mp4,5.0,6,60,test
cbc0e846-8020-478a-9fc9-862df991f39a,,clip_310.mp4,1.0,6,60,train
ad2ac11d-979a-4297-a91b-b7c06aa66615,,clip_564.mp4,3.0,6,60,train
42e3eff6-f0ce-46be-ad57-f6d6f651f548,,clip_382.mp4,4.0,6,60,train
392d2e2e-8179-455c-bff8-67f18aedc9c6,,clip_413.mp4,8.0,144,198,train
08c0b304-07c9-4bd4-9614-b5e6e35e48d9,,clip_34.mp4,8.0,6,60,train
07d042a3-cf93-4498-aafc-817c185dfa44,,clip_449.mp4,21.0,234,288,train
28e8dcfc-8d73-419c-82c0-53c912c668dc,,clip_33.mp4,1.0,6,60,train
eaae5449-80aa-458b-96ed-ed66c89dde56,,clip_272.mp4,11.0,6,60,test
cad07eef-cd02-41a9-90ba-ff740f39a3e1,,clip_387.mp4,13.0,72,126,train
8bdf04ca-d41b-4580-8c0d-6fc6e04c7c05,,clip_57.mp4,11.0,360,414,train
79d9d733-768d-4621-b448-c7be86a1ccf0,,clip_39.mp4,22.0,234,288,train
b07b843f-20da-4a3e-8ea4-4d3a4eeb6cca,,clip_5.mp4,10.0,6,60,train
7f83710e-658b-478e-a06b-7065f75275a4,,clip_120.mp4,4.0,6,60,train
e04991fc-75db-4028-b847-3c27fb81b4b6,,clip_89.mp4,6.0,6,60,train
d95b14de-7054-47df-9506-a25fa88cf119,,clip_452.mp4,7.0,120,174,train
dd5423e6-e150-4f54-a1ae-d314fc8d3336,,clip_608.mp4,11.0,60,114,train
5a0338ce-7395-44a0-9f61-94e5507d7708,,clip_782.mp4,16.0,162,216,train
6d63e1a8-dde4-48f2-9ab4-dbaf2deb4b9e,,clip_696.mp4,5.0,114,168,train
20c8a070-8399-48a2-95eb-d01b0a6eb047,,clip_60.mp4,10.0,6,60,train
18b6c885-1415-4dce-9af5-41594312650e,,clip_577.mp4,23.0,420,474,train
38a21eca-b721-48ac-af74-13694511c61c,,clip_381.mp4,2.0,6,60,train
220ab174-0e24-44b0-88ae-36fcf5f4b450,,clip_589.mp4,19.0,132,186,train
93c2cc98-2881-4267-8de3-4ab8252d9a27,,clip_491.mp4,6.0,6,60,train
be43a7d1-27dd-479d-91f8-27dd2ab71f0b,,clip_724.mp4,9.0,348,402,train
b6236bb0-a11d-4ac1-8081-ca145d63ff6d,,clip_439.mp4,11.0,36,90,train
e1bbcf27-e125-4d99-b560-2b5f8460f9e6,,clip_416.mp4,3.0,6,60,train
3a1d068b-3fef-46da-b7bf-66004aeb7d67,,clip_403.mp4,3.0,6,60,train
fcfc531a-5330-4188-a3c8-c674c733ac4f,,clip_134.mp4,28.0,294,348,test
8b5f5f56-40ec-4a32-93e8-58e1da8dae3a,,clip_75.mp4,0.0,6,60,train
95e0c51f-75d9-44bb-8915-52e4a4d5d579,,clip_712.mp4,6.0,180,234,train
e9d268ef-e294-4202-8d18-3a00ccb37f3d,,clip_702.mp4,12.0,210,264,train
4473054d-4b30-4074-85a7-53f279b5671c,,clip_556.mp4,5.0,384,438,train
af9242e4-51e9-4242-911f-a290b4f1bc3a,,clip_498.mp4,3.0,6,60,train
732e3b6c-8834-4a7a-b48b-9790cdff6ed0,,clip_721.mp4,9.0,6,60,train
c640a0d1-d1d7-43ed-aca3-242b08982a80,,clip_163.mp4,8.0,96,150,test
ec12e5b2-a098-4ab8-a3ef-686817fc8343,,clip_415.mp4,9.0,72,126,train
6da9cb9c-4a34-47b3-bd2a-98ecddd4ce6e,,clip_310.mp4,6.0,222,276,train
f6c30da0-affd-419d-b4e8-f5384683d55f,,clip_459.mp4,7.0,6,60,train
03ffabeb-bb63-4ade-80fd-8a5416d2a945,,clip_722.mp4,15.0,414,468,train
0a09cd0b-6c5f-40dd-8051-55e1265847e2,,clip_128.mp4,25.0,192,246,test
52e4cd8c-6cee-4106-a834-33af18977c4e,,clip_350.mp4,12.0,336,390,train
811bbc86-4477-4429-a199-0050deb5a64a,,clip_171.mp4,24.0,216,270,test
80b14dbf-08d4-4834-bc8b-5f5e6fac0ffe,,clip_95.mp4,3.0,6,60,train
d02d0b97-34ed-47c3-b53e-4a65b9f164fb,,clip_205.mp4,7.0,6,60,test
a17fb129-1d7f-4f23-9ac9-ebd708563b63,,clip_87.mp4,17.0,192,246,train
168d0a43-f0ab-4535-8812-ecaed65a6a25,,clip_404.mp4,6.0,108,162,train
f93ca63e-965f-4d49-9ab2-fdba2d6c2785,,clip_121.mp4,1.0,6,60,train
e8aa9f3f-6ae1-4377-86f4-e817fc565f13,,clip_451.mp4,13.0,144,198,train
5d2db48e-4cdd-40b5-9897-307abca4a511,,clip_146.mp4,12.0,240,294,train
5c770b40-962f-4ca0-b678-8f852ca39b01,,clip_89.mp4,10.0,78,132,train
8c120030-3bde-4af3-b628-ad04566c8012,,clip_172.mp4,7.0,84,138,test
aaa338a8-9bec-4bb1-8973-2d37d36ccf5e,,clip_551.mp4,53.0,168,222,train
d1fef8e6-5789-43dc-bec9-1e20108e5451,,clip_782.mp4,10.0,72,126,train
3ef48fdb-c1ab-4dfb-8f99-01b48cf60754,,clip_32.mp4,4.0,6,60,train
7e1f35c5-26e1-42a3-9f11-e3cbeb20bd83,,clip_546.mp4,8.0,66,120,train
b01877cd-0767-4d42-956e-4c4c2c5accfb,,clip_768.mp4,1.0,6,60,train
e9ff8b1f-2e9f-4194-a231-56507d0bc05d,,clip_102.mp4,12.0,222,276,train
fd073c95-4d74-4296-b912-388840429800,,clip_496.mp4,6.0,192,246,train
85d5addf-a02f-4973-b593-c7331d8e2d86,,clip_417.mp4,6.0,6,60,train
00c0d3a5-6e72-4270-a455-d87d831c1558,,clip_402.mp4,6.0,6,60,train
34b26b2b-a2c2-40d4-82a7-489396904bb9,,clip_106.mp4,11.0,222,276,test
8fcf0a70-089e-40f8-839a-7a7982840369,,clip_331.mp4,10.0,6,60,train
1b757515-3a5e-44d7-b6d8-7208adf11a0b,,clip_638.mp4,16.0,240,294,train
7be81483-2d3f-4e2f-998e-fa1d2e399627,,clip_167.mp4,0.0,6,60,train
e335b440-c9bb-468a-9cd1-daa8a6fc22c7,,clip_172.mp4,0.0,6,60,test
49fa0d7d-f568-4634-9d30-6d1d3940b712,,clip_293.mp4,8.0,132,186,test
be4077d9-001a-4197-95e7-39d5661a0a76,,clip_448.mp4,14.0,78,132,train
64956880-dd57-4377-bd20-bab0dd74e31d,,clip_133.mp4,31.0,276,330,test
7934e26f-df56-48cd-bee5-6fb49052764e,,clip_402.mp4,18.0,564,618,train
1318b293-4d4e-422a-8d42-ca5af62b8fd4,,clip_499.mp4,6.0,6,60,train
526e5ec1-fbdb-4c8d-b6e4-9fbcff60e2df,,clip_200.mp4,0.0,96,150,test
56eeb913-c99e-46e4-8a4a-a7a5751349a3,,clip_423.mp4,1.0,6,60,train
824dbe35-23d0-4654-9fc4-b0d1f4ef7327,,clip_436.mp4,1.0,6,60,train
aaa150f3-c3ed-4efe-942c-259be6b19526,,clip_110.mp4,11.0,6,60,train
84664d63-7561-4731-b0bb-e225071d5324,,clip_128.mp4,31.0,270,324,test
2b1bbe6e-6e4c-4341-bca6-50e0919a3906,,clip_279.mp4,19.0,942,996,test
38441610-fede-430e-83da-0b494fb75807,,clip_79.mp4,12.0,90,144,train
763eb72f-a575-4c8c-a084-b26b54e20ca9,,clip_465.mp4,0.0,6,60,train
ae38f440-e3ae-4da7-9edb-b7cdf82fe0c6,,clip_287.mp4,16.0,330,384,train
a5b7ae47-1b74-4a2e-9717-c5f5abdc2396,,clip_290.mp4,16.0,396,450,train
e5033bee-530d-4884-9ead-660422f08af6,,clip_25.mp4,12.0,24,78,train
28c2278a-9d8f-4803-95c2-013d2b864e1e,,clip_308.mp4,12.0,492,546,train
077143df-e468-488c-987a-c4d3a7660dfd,,clip_107.mp4,37.0,654,708,test
8fe74df8-f3e8-436d-86a9-123734191de0,,clip_579.mp4,3.0,6,60,train
c905360d-55f3-4339-9e06-c8520449df1b,,clip_376.mp4,29.0,846,900,train
6bc9b338-1b0c-44a2-bcda-37e2df6e2d75,,clip_43.mp4,4.0,6,60,train
4314f392-45e1-4c3d-8fac-a8df45497fff,,clip_10.mp4,5.0,6,60,train
5157fc48-d5fc-4963-888b-80cbafb05b50,,clip_466.mp4,6.0,6,60,train
8010b584-94a3-46c4-81fb-149e476faf7b,,clip_363.mp4,2.0,6,60,train
9fbfab1d-ca97-4bca-8471-d6443d1d3e03,,clip_212.mp4,4.0,6,60,test
50e7f901-91ff-4d83-99c7-f45da65cf283,,clip_97.mp4,0.0,6,60,train
b67a8ace-ae63-4dc7-aec7-c22ba621cf87,,clip_287.mp4,8.0,6,60,train
dacc8384-26eb-494d-8e46-fee347688731,,clip_280.mp4,1.0,6,60,test
0275b660-2737-4c5d-8cca-580654d67b21,,clip_782.mp4,18.0,252,306,train
bbfe7958-146e-40ac-bda5-237a52cd61f2,,clip_347.mp4,15.0,42,96,train
0037d3ac-67e2-4964-8c1d-31da6eb7ba35,,clip_413.mp4,10.0,174,228,train
e3c80727-ca7d-4f93-9ac0-b1f2ad7cd6e4,,clip_125.mp4,17.0,258,312,train
c086796e-f2e3-4738-ad9e-bc99f21e884e,,clip_681.mp4,1.0,6,60,train
a8e211e9-d854-49c7-8524-ddb4f78dd8a9,,clip_575.mp4,11.0,54,108,train
7631aad2-b443-4ce3-bf62-3b3069145262,,clip_209.mp4,8.0,6,60,test
caa6dd95-6c7f-4ffd-b18a-47a8583f4872,,clip_27.mp4,11.0,48,102,train
85c5c584-9a05-4f24-a9a3-efc449de0924,,clip_123.mp4,16.0,18,72,train
655ab879-1305-451c-a056-c9177bd1387a,,clip_199.mp4,8.0,24,78,test
08e91bd7-a7b4-44c7-95e8-828a4b383af2,,clip_148.mp4,12.0,282,336,test
99b2d5cf-d794-4a3d-872d-ad99869f3c31,,clip_41.mp4,16.0,312,366,train
2851ef70-6da8-44a3-b03e-958c07d87e40,,clip_306.mp4,13.0,378,432,train
2e3a6dca-899d-4b16-84b5-bfea645d49cd,,clip_456.mp4,26.0,450,504,train
77d11ae1-509c-4f86-b7a0-4ac9ce7f3e7e,,clip_247.mp4,15.0,102,156,test
67e3535b-ae32-450e-a6fb-236a97c24221,,clip_28.mp4,16.0,78,132,train
d7337406-eb2e-42dc-a973-2087b6f3f1d6,,clip_452.mp4,1.0,6,60,train
2e459033-a21b-4281-a927-cc5394b7290e,,clip_440.mp4,8.0,6,60,train
81fcdc3d-4aa6-495e-9a3e-99be4c1fe5ec,,clip_226.mp4,3.0,6,60,test
5613509b-3cb2-4a4f-8bda-6efe2800231a,,clip_775.mp4,14.0,138,192,train
381eaf79-3fb9-4e18-ace8-7ea7e5166201,,clip_451.mp4,17.0,360,414,train
fc70da8e-de9a-4ed5-97c1-04a2f648bb7d,,clip_193.mp4,22.0,186,240,test
18e8d5b2-052e-4ab5-a5cd-79d4e93545e9,,clip_406.mp4,9.0,6,60,train
f74e3720-0617-434f-88ce-70189757eedf,,clip_193.mp4,14.0,108,162,test
74a40e03-99a6-49a3-9b85-11d42e78adaa,,clip_384.mp4,8.0,6,60,train
f235b4e3-4778-4173-bf30-8c0ab4884cbd,,clip_194.mp4,8.0,402,456,test
7e1ffed9-d0c0-499c-98bb-9de25fa867fd,,clip_107.mp4,14.0,78,132,test
eff86ed0-25a9-41ef-8051-474048193153,,clip_685.mp4,12.0,30,84,train
2107b809-3c28-4d2b-a771-108bd4b269b0,,clip_1.mp4,14.0,342,396,train
59dbbf45-72d9-44b1-aa04-e53ece9fe110,,clip_129.mp4,7.0,222,276,train
36719582-9247-4e7e-a270-093ade0c65ec,,clip_117.mp4,17.0,600,654,test
4b0498e3-231f-4a0b-800c-584042178895,,clip_429.mp4,2.0,6,60,train
0e2832af-08e7-4bee-8372-5bc77565aa69,,clip_39.mp4,18.0,30,84,train
3b037c9d-f262-4ae5-b153-342aa890d3e1,,clip_269.mp4,11.0,102,156,test
3b377395-55d7-4a6e-b65b-2c3286ad4a1a,,clip_116.mp4,3.0,6,60,train
121180cb-3e2c-45d7-86ae-9f620ad5266c,,clip_166.mp4,14.0,324,378,train
24395d79-9a8c-409d-b15f-8e11b57e6da4,,clip_38.mp4,18.0,138,192,train
6377afef-8b6d-4280-ac59-8f87cc467838,,clip_681.mp4,2.0,6,60,train
1a35d72d-2b60-44e7-94e1-51409b1ccb52,,clip_38.mp4,4.0,6,60,train
c8864bc8-60c0-461c-8186-d8c65b39bdd2,,clip_363.mp4,1.0,6,60,train
3c6f768f-1b73-4489-9043-8eeb3953a7f1,,clip_207.mp4,7.0,6,60,test
13ef66b0-2024-44be-a551-7bc6ffc040f8,,clip_82.mp4,3.0,6,60,train
13525aa5-f6d3-4d14-9b6a-4b9ac8dc972f,,clip_57.mp4,12.0,390,444,train
7336d33a-72ed-4c2c-a35f-530bfb3c9034,,clip_178.mp4,0.0,6,60,test
98ed5ab2-09e8-4d17-8662-6798c7237e05,,clip_205.mp4,20.0,594,648,test
4bbd0fa8-44bb-46e4-aabe-49191b715400,,clip_402.mp4,19.0,750,804,train
33ee1903-b2fa-4030-b02f-fb60fc20d7f0,,clip_56.mp4,7.0,6,60,train
668f93a7-f4eb-4f95-9c80-b1b257a4b09f,,clip_197.mp4,1.0,282,336,test
ef908cda-2a5d-4029-97b0-88ff69c4b33d,,clip_236.mp4,15.0,198,252,test
e1dc8fd9-4d75-4f0c-a0a4-107ada57430e,,clip_167.mp4,6.0,78,132,train
2b6d832e-aa85-4406-9646-81b39eb8d053,,clip_313.mp4,7.0,204,258,train
0c7d34b9-3bb2-4328-8209-4e42003c7ff2,,clip_772.mp4,2.0,192,246,train
912bd7d2-e08c-42d1-9155-0034b6bb1327,,clip_779.mp4,2.0,96,150,train
c2619f8e-5b3b-4216-b082-60a7fd06de99,,clip_681.mp4,13.0,6,60,train
a2daf863-22c3-4514-8ba4-2fcd66633ef6,,clip_782.mp4,2.0,6,60,train
a8f94292-a8e1-40b4-86b0-5b6176489c03,,clip_608.mp4,8.0,18,72,train
a053f5e0-1887-455d-94ad-2ccd1c8dd975,,clip_77.mp4,0.0,6,60,train
035eed05-f4c0-4340-b0da-70a7c0441633,,clip_267.mp4,8.0,6,60,test
eec0978e-0227-4707-af35-1bf330d7600a,,clip_302.mp4,3.0,396,450,train
85105501-44a8-4e40-8a3e-70d2bca1d30f,,clip_378.mp4,10.0,6,60,train
03625dc5-9f99-4ee7-90a1-d40a3b958f46,,clip_275.mp4,1.0,6,60,test
6c1ddbf7-24ce-44a2-9d9d-87322b46e863,,clip_35.mp4,23.0,354,408,train
9721026e-7949-4421-8175-68c9a2e92a5f,,clip_25.mp4,11.0,6,60,train
a89cdb96-a8ff-43fc-8f88-a9c73f595f3d,,clip_87.mp4,3.0,156,210,train
dfe77862-a9c9-42a5-b11b-98a8c73e575d,,clip_776.mp4,11.0,246,300,train
b05efc93-8c19-4562-8147-a45dcb1c2abe,,clip_171.mp4,10.0,6,60,test
c8e6a215-a925-4708-a7f5-b16d7b89a16d,,clip_447.mp4,2.0,6,60,train
b97a0ae1-9cbc-411a-97af-31f0590dec54,,clip_226.mp4,0.0,6,60,test
d4e94446-5428-4f29-8cf9-5f560e042dcf,,clip_357.mp4,6.0,6,60,train
f60c4a0d-8390-4914-a95c-041f0295c17d,,clip_781.mp4,4.0,6,60,train
6b8496cc-7c93-49ee-b50c-c68afacda8de,,clip_432.mp4,10.0,348,402,train
33551891-ee97-47a6-a334-9754ac71fef5,,clip_410.mp4,5.0,84,138,train
795fb923-6bef-49a4-a213-96066096298b,,clip_706.mp4,1.0,6,60,train
e1c485ce-1201-4a83-a708-90419aecfef6,,clip_572.mp4,6.0,210,264,train
6a6e8f82-e513-4b41-bc4e-30be81f16a66,,clip_701.mp4,8.0,6,60,train
31bedae9-cd5c-4406-893c-5c337b21a235,,clip_148.mp4,13.0,300,354,test
8ed7fb00-d9d8-44c3-baae-12ef867211bb,,clip_490.mp4,0.0,6,60,train
24473fb8-baec-4865-8ee5-451c80d035fe,,clip_9.mp4,12.0,6,60,train
1e09c4fb-68d2-465f-84f7-ceb0d5b97fce,,clip_551.mp4,18.0,6,60,train
4cb33df7-8276-4e6a-921d-4e2042bf7161,,clip_133.mp4,39.0,738,792,test
95772a61-9093-4d72-9d0d-d536de00ec83,,clip_27.mp4,7.0,6,60,train
a3b59005-660f-49c5-a934-478997f57e7e,,clip_417.mp4,12.0,300,354,train
5e3a2fd5-bfee-48a0-95ff-97e31442298a,,clip_684.mp4,14.0,6,60,train
7dad4241-8c8a-482b-bbdc-9ca5b321b738,,clip_88.mp4,0.0,6,60,train
5f9f69d1-f5e2-47d3-a189-0049e3512324,,clip_697.mp4,4.0,6,60,train
b3a274c2-b50d-42cb-a40d-4ea31c586f2a,,clip_137.mp4,2.0,138,192,train
4fadaa94-aa8e-4224-8a0e-371e5a3619d9,,clip_605.mp4,1.0,6,60,train
405a2b3e-f239-4aff-9383-c2289170f7c7,,clip_761.mp4,7.0,6,60,train
51762b70-0a1d-47d1-bc8b-2089bbc633a6,,clip_721.mp4,15.0,186,240,train
d2d0d53d-96ab-4e3b-bf9a-b9aedef22ce7,,clip_453.mp4,12.0,174,228,train
bbceda95-b734-491c-b62e-ad7869c3532e,,clip_6.mp4,0.0,6,60,train
f89fe019-c1c8-4143-aca4-8fd399760ee7,,clip_425.mp4,5.0,336,390,train
c97ee762-4fcf-4d2b-b80a-1c3a78c056f2,,clip_447.mp4,17.0,42,96,train
12bc9b77-e0f2-4bf0-a140-1b6eb7a169cd,,clip_638.mp4,3.0,6,60,train
875a1cec-5e5b-4c9e-b48b-3fee9b195d95,,clip_25.mp4,14.0,48,102,train
57484340-1ba6-422d-a937-7cf603810ae9,,clip_216.mp4,8.0,6,60,test
cc6b84fa-21c1-4fdb-8262-6cf518bca6c0,,clip_465.mp4,3.0,6,60,train
a6290ddc-64f9-4a65-8b17-66ca53e3f441,,clip_110.mp4,12.0,6,60,train
568ba569-337a-4faa-8630-bc4cc75d054d,,clip_40.mp4,1.0,6,60,train
addf78d4-15a7-4114-a2ec-a218872618b0,,clip_257.mp4,0.0,6,60,test
fe961fcb-e111-46c0-97ad-a58b7afe36bc,,clip_558.mp4,7.0,78,132,train
068efb5d-1c09-4586-8b20-bd964e90d45c,,clip_88.mp4,15.0,336,390,train
dbd493e0-091d-4a52-9646-02fd6e8da47e,,clip_406.mp4,16.0,258,312,train
26a35c54-b801-424d-975e-a26a8baa2dd7,,clip_189.mp4,10.0,6,60,test
09278cda-ddc5-4090-8c6b-d560f87e5027,,clip_306.mp4,4.0,6,60,train
24c5bb6f-1dd7-467f-b7ed-be366632a559,,clip_207.mp4,15.0,234,288,test
95b392df-48fc-41d2-b7ab-d3cd7b066ea6,,clip_61.mp4,29.0,282,336,train
60858755-cab4-48c8-be2a-9dd54cbc6ed7,,clip_166.mp4,6.0,6,60,train
0e01465c-84b9-4324-a0a6-f995b2d11ff2,,clip_609.mp4,8.0,210,264,train
dd5d680f-b2c3-486f-8c84-f5a1e1e4969c,,clip_89.mp4,5.0,6,60,train
4f925ead-b77c-4a74-ab63-65bd312cef46,,clip_53.mp4,7.0,114,168,train
a1ab37e1-48be-4dd8-a493-37eb5967a5b3,,clip_553.mp4,13.0,246,300,train
174e836f-f801-4bb7-b580-6267ce28edb6,,clip_355.mp4,5.0,6,60,train
32dfcf12-fe3a-4421-b09d-f24783be4013,,clip_442.mp4,8.0,6,60,train
36761310-9e8e-4421-8d9e-f0dc5e779624,,clip_33.mp4,2.0,6,60,train
19475ac8-20fa-4656-939d-f2f9fc4af791,,clip_450.mp4,1.0,6,60,train
e9828392-0ef0-47fb-9f2f-7390a500ca04,,clip_109.mp4,12.0,6,60,test
b0440ea9-58a8-4bd1-a6c3-a511dbad4e39,,clip_618.mp4,1.0,6,60,train
d68b85fb-91d2-432a-b6b6-57886e8b993b,,clip_74.mp4,8.0,180,234,train
302f358d-9b2a-4f4c-991a-188e25c92fce,,clip_95.mp4,0.0,6,60,train
abb89801-12b0-438b-8bcd-2f12185b00b8,,clip_361.mp4,2.0,6,60,train
a47c428a-cc7d-4056-b470-7948acf433cd,,clip_205.mp4,4.0,6,60,test
55a04a1b-24fc-4677-b3b3-302ccc1063d7,,clip_186.mp4,5.0,6,60,test
bd1b4b2e-82ba-4f5c-81d6-d85c94330a09,,clip_684.mp4,8.0,6,60,train
d8b29c76-6b00-4ad0-bdf1-a3911f63624c,,clip_683.mp4,1.0,6,60,train
7fcdcc1e-3269-4a1f-8fb4-05a2285c2c5a,,clip_101.mp4,0.0,6,60,train
8eab10fd-b0e1-4c3a-a655-190b4cbbb2c2,,clip_114.mp4,0.0,6,60,train
2679180c-5017-4d5b-a0ae-9ca92d8351a7,,clip_604.mp4,4.0,6,60,train
e73aa5ea-7acc-4a08-adc0-060f44b14f94,,clip_413.mp4,9.0,162,216,train
fd930b39-2dee-47a5-8729-a200df492816,,clip_205.mp4,9.0,24,78,test
71748df3-b26a-4aa6-a974-f729b21c77be,,clip_332.mp4,3.0,6,60,train
07cf094c-ce6d-4e8c-9dd0-eb6fed950fa7,,clip_437.mp4,7.0,6,60,train
d26b8010-b3c9-49e9-9b05-7cdd1b0d7008,,clip_60.mp4,16.0,228,282,train
8dfd7a36-303b-4a99-a7ad-06148d479a07,,clip_499.mp4,14.0,240,294,train
47eb2b69-c6fb-4305-b95e-975fe9f26a15,,clip_80.mp4,20.0,258,312,train
a138ef8e-a9e6-4d17-92bb-cb8755b31af6,,clip_781.mp4,12.0,66,120,train
e5b6e896-8814-4cba-9b63-487a375c3428,,clip_70.mp4,3.0,132,186,train
fb07b4ee-3fca-4319-bca5-a02257f44d35,,clip_206.mp4,2.0,6,60,test
8525f0da-1fec-4f6c-a3e3-9a676a8fccd4,,clip_4.mp4,3.0,6,60,train
b285994d-1476-4f7e-845b-4d8c45e6d62b,,clip_437.mp4,13.0,6,60,train
1862b68a-d5d3-41ec-b342-677b440ea287,,clip_96.mp4,6.0,6,60,train
ad531c5f-45b0-4612-a26a-7d4b39e3cebc,,clip_243.mp4,7.0,258,312,test
0d3d2b20-2395-4d3c-bb06-abd4130669be,,clip_669.mp4,9.0,390,444,train
24ac3cdc-7ed9-45d5-9070-ab141e9c77d2,,clip_102.mp4,6.0,6,60,train
000dae40-12c6-492b-950c-c92c77f330a5,,clip_776.mp4,4.0,6,60,train
2c31b1ea-4a00-424e-b2cb-695a60520a0c,,clip_117.mp4,13.0,258,312,test
dcd573fa-2c3a-45b9-9c2c-9e632d708083,,clip_440.mp4,13.0,408,462,train
97094150-2bc3-4b84-84b7-dabc3c17a0e9,,clip_443.mp4,11.0,144,198,train
6c5f0b69-faf7-423a-8d5b-3fedc544ec87,,clip_94.mp4,9.0,72,126,train
283cfe14-a28b-4f8e-b94c-ffbf544c2e7f,,clip_288.mp4,10.0,6,60,train
a132fae0-3a5a-4aa6-b3d6-cb65a0d725e7,,clip_433.mp4,8.0,6,60,train
6df6a72a-fbf4-4edb-b153-e032b43bd489,,clip_426.mp4,8.0,6,60,train
1ace1336-3fc5-4d5d-a0b7-3c1c0fe18083,,clip_421.mp4,1.0,6,60,train
a4acba9c-7167-43ba-a15b-e02063ec6510,,clip_57.mp4,2.0,6,60,train
2d670dc3-2787-4031-b9df-7177f6091da4,,clip_42.mp4,2.0,6,60,train
0b5ee841-8d29-4d11-85f6-e5ea6eabd0a9,,clip_310.mp4,2.0,6,60,train
5b07f2c0-050a-40d2-ae7b-d99964c6df17,,clip_564.mp4,0.0,6,60,train
3ebbbf0c-de4f-4ab6-aee5-123c055f37d6,,clip_238.mp4,11.0,288,342,test
989f4dd4-18ab-4112-b4ab-4e88c2e68bef,,clip_739.mp4,0.0,6,60,train
bc356f51-ba2b-4d3b-a4e3-39ad455f976b,,clip_382.mp4,7.0,6,60,train
f170f186-fc5f-4e78-b359-0d5de4941b30,,clip_165.mp4,0.0,6,60,train
1a087cd4-7f72-45c1-9383-d95fd91cc1e8,,clip_559.mp4,2.0,6,60,train
5e7c3adb-3554-4171-a122-44c07901239b,,clip_249.mp4,6.0,6,60,test
e9f142d3-e2cb-470f-b596-0a759667ae91,,clip_568.mp4,32.0,378,432,train
c9b8728e-2141-426b-9ac9-b6f0ff9c2c00,,clip_379.mp4,8.0,6,60,train
a507cd68-6f5f-44fe-92ca-38d8843b1d5c,,clip_305.mp4,11.0,84,138,test
be887569-06d2-4177-98e8-2e6457634cea,,clip_757.mp4,3.0,6,60,train
b643d427-e779-4dbd-bcbc-e64e9bbb2ef7,,clip_131.mp4,8.0,6,60,train
dffb1b5e-ee5a-4217-8936-50d80355e432,,clip_269.mp4,13.0,150,204,test
c9be7d9f-04b6-4ef6-8597-ec20e105bb5a,,clip_685.mp4,19.0,378,432,train
3ae90f38-0672-4ad3-934f-a536ef3a255c,,clip_59.mp4,8.0,54,108,train
aaee8ed8-e1a3-41c2-b759-97fccf268c72,,clip_129.mp4,9.0,222,276,train
16a3fdf1-36f0-4f64-b357-12228af8cc20,,clip_356.mp4,3.0,6,60,train
41f2e9ce-611b-4dac-b072-afe04e592a43,,clip_25.mp4,4.0,6,60,train
ca6abfea-2bfe-45ec-9dac-86d1190813d6,,clip_378.mp4,4.0,6,60,train
9ad17573-1529-468a-baa1-47e3dd39c25e,,clip_46.mp4,40.0,378,432,train
48e2ee57-fb85-472e-a47d-e28415716ebd,,clip_157.mp4,13.0,12,66,test
235f907f-1981-46ab-ab74-eca7815f04d8,,clip_376.mp4,23.0,594,648,train
f1aa1130-aa97-4940-8fa7-3cb21bfc8625,,clip_440.mp4,2.0,6,60,train
83784519-ecba-4363-a7a2-8ff4e2498f26,,clip_36.mp4,1.0,6,60,train
7426d868-7f5b-45c2-842e-e84ea37d7e7e,,clip_24.mp4,8.0,6,60,train
b73580ad-20b8-465a-930b-20ee224d4ac7,,clip_345.mp4,6.0,6,60,train
2d8b144e-f23f-4b12-96fc-ea8b8fa50465,,clip_548.mp4,18.0,420,474,train
5f57a772-7e56-42a4-b401-864bebc1941a,,clip_721.mp4,14.0,174,228,train
5502c44b-48b8-4ecc-8fb0-70ce4f1bba0c,,clip_608.mp4,2.0,6,60,train
ad98817f-38a7-44b9-a576-1060a7edf993,,clip_216.mp4,15.0,204,258,test
f132a351-8d69-463a-b417-f3b5afb1f844,,clip_134.mp4,25.0,198,252,test
c488b08b-9fcc-41bb-8814-7c634c8d35e1,,clip_27.mp4,18.0,408,462,train
ea09591b-494b-4915-aa3c-8523e2f707b1,,clip_226.mp4,19.0,222,276,test
2592700b-5c4c-4751-9c41-16d669021d1e,,clip_577.mp4,5.0,6,60,train
41ff7c1d-6bf3-48fb-b012-753bc8498854,,clip_35.mp4,21.0,288,342,train
560d7e31-9288-41e9-9a19-d88278612983,,clip_70.mp4,0.0,6,60,train
f475a8ee-cc5f-47ba-a0f4-40597812f3fc,,clip_65.mp4,0.0,6,60,train
dc0df4ca-efbe-406e-856d-4be70aec980d,,clip_785.mp4,2.0,6,60,train
b541a1d8-e0b0-4612-9080-540e99aba3dd,,clip_61.mp4,10.0,6,60,train
10168b41-1e56-45dc-8ad5-869bfa756a17,,clip_673.mp4,1.0,6,60,train
aadca14a-f409-4016-b35a-71756d54a96e,,clip_229.mp4,16.0,156,210,test
e8b3e3f1-10a9-4dc8-b1d7-bc8dbd3688b2,,clip_579.mp4,9.0,6,60,train
80765d54-3321-4872-8ca6-4b8bcd1e985c,,clip_44.mp4,7.0,6,60,train
60cf0cc3-75a8-4bb4-9d36-7fc638e80b50,,clip_173.mp4,14.0,222,276,test
5475abc7-e1d1-4ae3-bbdd-7a824ec77cc2,,clip_57.mp4,4.0,78,132,train
0f0704eb-31ca-4cb9-9254-7bbb71422d4f,,clip_322.mp4,0.0,6,60,train
1d75d6a0-8dc9-43a3-a056-63d297430d84,,clip_272.mp4,17.0,384,438,test
3eae5e62-0e03-4936-bd36-eb73c2facc3b,,clip_177.mp4,26.0,90,144,test
cc510d98-7c54-4989-aff0-85ce3fe70a07,,clip_548.mp4,14.0,90,144,train
1838fef1-b175-4cba-ad9f-07cf0476fffc,,clip_435.mp4,7.0,96,150,train
81e05dd8-2ab2-464b-a240-9dbda877a150,,clip_347.mp4,19.0,276,330,train
4f521ca5-6d4b-4e64-b11d-f381db85c075,,clip_364.mp4,1.0,6,60,train
52bd5d91-e485-41e3-90fb-6d5f12f5b09a,,clip_228.mp4,5.0,6,60,test
f799c9ee-da5c-4889-ae82-ec406dd9e653,,clip_103.mp4,23.0,324,378,train
bcf13bde-2bfd-49b1-9e5f-71e1138bfb19,,clip_614.mp4,7.0,6,60,train
75b91122-72b0-486f-b5cb-dbf7aecaafa5,,clip_209.mp4,24.0,396,450,test
bf965035-c810-4887-a371-6484d69c42aa,,clip_104.mp4,3.0,6,60,train
dced969a-492a-47f6-94c3-b0e6ac5865f9,,clip_59.mp4,7.0,48,102,train
3190a112-0ec9-4b68-8d88-6b7b69ee4c85,,clip_447.mp4,22.0,168,222,train
948b5679-256e-4314-9112-2195fe9e7154,,clip_568.mp4,6.0,6,60,train
0c131faa-2b6e-4a85-af64-f8fac0e7d97e,,clip_419.mp4,0.0,6,60,train
cb79e92e-9137-49b2-9151-1a8a48e34620,,clip_48.mp4,29.0,384,438,train
9bf48dcc-906d-41d1-a078-3cfc7a31dfe7,,clip_101.mp4,10.0,114,168,train
c25b90a7-e75e-43b7-84bb-cb5fcce5c138,,clip_47.mp4,1.0,6,60,train
0d2e7760-00ea-41ab-ab15-24d0f29855b5,,clip_40.mp4,8.0,6,60,train
a7327c5c-13d7-4188-a8e2-64af8fba7cd2,,clip_270.mp4,9.0,24,78,test
f49feb6b-4cfa-45d2-9e43-3632398edaaf,,clip_216.mp4,1.0,6,60,test
adc18e1b-01bd-4af2-b354-ccb5f79ae6b3,,clip_673.mp4,5.0,66,120,train
de0c2f4c-bd09-4e3f-b995-f8d8b768ddf5,,clip_291.mp4,4.0,6,60,train
3d738833-837a-494e-9543-968e661f4395,,clip_1.mp4,0.0,6,60,train
cc11bffe-51c5-4fb4-a923-1a87d17a912f,,clip_423.mp4,11.0,306,360,train
5d6ed520-912c-4fe3-899c-d5f438ba73a9,,clip_445.mp4,10.0,66,120,train
04d347aa-fd76-4585-b843-2fbbffc0b487,,clip_112.mp4,5.0,6,60,train
c99ccb9f-9ede-47b2-be15-f27758d718a9,,clip_605.mp4,8.0,6,60,train
6d338d9f-4768-4def-8034-1e9ef0bfb714,,clip_685.mp4,4.0,6,60,train
40e780ac-b569-4686-b82c-3faf3b03b192,,clip_180.mp4,0.0,6,60,test
f147e157-df2e-4ee1-9c98-59c37c82e16a,,clip_35.mp4,18.0,288,342,train
3176c688-915a-40d1-a7b3-cd98e07b1228,,clip_608.mp4,9.0,36,90,train
3b61ef8c-4138-4ddd-b74a-e03aa66d3b5c,,clip_124.mp4,21.0,168,222,train
9af617b5-afb6-42d7-8830-e6177febcd9a,,clip_636.mp4,6.0,6,60,train
718a7a46-8122-4f0a-83f1-1c38a798eee1,,clip_588.mp4,5.0,6,60,train
0e0af170-d5eb-4742-bbbb-4a197464e235,,clip_243.mp4,6.0,240,294,test
d896df3b-9686-4e6a-b6de-997e0bfa89e3,,clip_621.mp4,31.0,300,354,train
fc51343b-91b3-43e6-a34c-bf983a86ecc0,,clip_685.mp4,14.0,204,258,train
e4e194c7-f842-48af-b0ec-86d0b1389b94,,clip_61.mp4,16.0,12,66,train
bcfd8446-b607-4fa7-bfc3-de06599b5e61,,clip_443.mp4,4.0,6,60,train
25d2c564-8888-4d65-92a4-521d3497ca67,,clip_772.mp4,19.0,276,330,train
76f8dffe-fef2-4d97-a997-3b0506c5db3c,,clip_1.mp4,8.0,90,144,train
d7c4938b-59ac-4cca-9a67-833dce292a0f,,clip_210.mp4,8.0,138,192,test
e3225adc-fd6e-45b4-8fc2-01feaabaa34c,,clip_238.mp4,10.0,270,324,test
90ff8b23-48c3-48e9-b17b-4caa76b5329a,,clip_490.mp4,9.0,6,60,train
3d60ffff-a2a3-4c42-9edd-8f22228c9363,,clip_387.mp4,4.0,6,60,train
2db0d17c-41ea-41b6-8829-24ce767ce026,,clip_424.mp4,10.0,282,336,train
84cc2219-7178-4492-8c65-7bd20c42adc1,,clip_270.mp4,17.0,330,384,test
35f9e5bc-4a74-48d6-af23-e7c2f71c8993,,clip_549.mp4,1.0,6,60,train
01b6d0e3-34d7-494a-8ac3-5aadcc0a26e7,,clip_104.mp4,9.0,360,414,train
08d7a01d-c58f-41c4-b822-8048b06039ec,,clip_628.mp4,13.0,6,60,train
3c03cfbb-399a-4e94-9c30-02ffc536e9f1,,clip_378.mp4,21.0,270,324,train
22e8a3c4-5749-404e-89db-55b8a324c1fc,,clip_295.mp4,14.0,276,330,train
5da559ff-1da3-478f-8f87-dc67a71793ee,,clip_155.mp4,1.0,6,60,train
cee9fe98-babe-46b5-94bd-7552aaa9ebe5,,clip_463.mp4,30.0,444,498,train
04b41957-80b9-482d-a05a-cf403660bb8d,,clip_40.mp4,28.0,354,408,train
0f5bf548-f058-4c5f-85c3-9cea264e092c,,clip_98.mp4,16.0,12,66,train
1deda5e3-a120-4b22-bdb7-ec0a244a8f19,,clip_15.mp4,5.0,6,60,train
e3fc8633-29c7-4bab-be9d-2b4ba3a10ae4,,clip_290.mp4,1.0,6,60,train
2387d599-d4dd-48d4-adf4-c5b9a42569fc,,clip_92.mp4,0.0,6,60,train
fd8fca26-9b83-40dd-8cfe-f9f6c7234624,,clip_44.mp4,14.0,360,414,train
c1afc188-5acb-447e-ba57-d72a5b1e0c36,,clip_156.mp4,10.0,12,66,test
35dae2b3-4a1a-4937-84a4-62d2e1adebc5,,clip_548.mp4,11.0,6,60,train
ad620365-7970-412d-a429-c9d2a5d967bb,,clip_223.mp4,3.0,6,60,test
7cac52a8-003f-40c5-88d7-8bec02a9025e,,clip_445.mp4,8.0,6,60,train
268743f3-bebf-42cc-bbdc-db4254c6e717,,clip_692.mp4,35.0,54,108,train
d406dddc-0f60-4132-b6bd-3d06d452b122,,clip_698.mp4,7.0,120,174,train
4b8cde74-d0d3-4775-9122-2fcc1dc9aa80,,clip_706.mp4,9.0,384,438,train
4aea1a0f-f092-43f2-b43e-7e1b7d25492f,,clip_589.mp4,0.0,6,60,train
d079c6fe-10f4-447d-a2ee-0dc55b7c5ecb,,clip_243.mp4,10.0,408,462,test
7128af5e-cf14-4524-9dd1-f48270895d6a,,clip_560.mp4,10.0,6,60,train
1c0a38a2-7869-43d7-a7d5-45c7ebab8263,,clip_314.mp4,4.0,6,60,train
8c60e312-85d3-4f61-8cda-aaf509a1b53b,,clip_560.mp4,6.0,6,60,train
419a2b2a-b690-4612-a314-8b4d5aa38c26,,clip_72.mp4,3.0,6,60,train
a7262279-220a-4aa6-8c88-54992fd635c8,,clip_584.mp4,10.0,48,102,train
35536312-cb34-41bf-a611-b6c9da38a303,,clip_37.mp4,4.0,6,60,train
7a92c04f-530c-4518-a66f-db858f962898,,clip_457.mp4,10.0,228,282,train
084ace5c-e8ea-4ab1-9d29-432b40ffc52c,,clip_469.mp4,5.0,6,60,train
67b620d6-c092-43d7-b7cf-537b1d5e16b3,,clip_122.mp4,40.0,384,438,train
e8027e13-3752-47c9-b41d-6c81c90a1b8b,,clip_135.mp4,15.0,282,336,train
966f21cc-aebf-4ce9-9142-e9252489f230,,clip_2.mp4,9.0,240,294,train
6da45b62-e320-4600-b4e0-065aab854034,,clip_193.mp4,29.0,354,408,test
ef4c6fd0-7e63-48e9-b293-3f4d64f3f32c,,clip_703.mp4,2.0,6,60,train
9d7736ee-cb39-42e2-9494-91b879ecc762,,clip_716.mp4,2.0,6,60,train
44a86ef6-4657-4eb5-870f-43f37ed1f790,,clip_153.mp4,16.0,270,324,train
a4e89e6d-f5cf-420a-b087-375f0f44e61b,,clip_409.mp4,4.0,12,66,train
387f3a63-4e7d-468e-ac44-37d2d64c7792,,clip_141.mp4,24.0,354,408,train
98b13404-76a6-4bc2-99b8-62c0934cb44f,,clip_28.mp4,18.0,114,168,train
8eda4d17-72c8-4c94-abf9-4790bf605c8f,,clip_266.mp4,4.0,6,60,test
dd30dbe5-e67c-4282-bc4b-3ee17177746d,,clip_45.mp4,2.0,6,60,train
bc80b7f7-b137-4dfc-87f5-2f1ec3fe2d7e,,clip_598.mp4,16.0,162,216,train
7bfdf01a-ee86-40af-908d-99223d04eba3,,clip_433.mp4,1.0,6,60,train
02fe4ee3-d492-4668-a319-38ba755759dc,,clip_426.mp4,1.0,6,60,train
4b39fa82-ea90-4687-aa19-822f614d5963,,clip_48.mp4,21.0,264,318,train
04896c56-37b0-4549-aea8-bdb5fa63950b,,clip_196.mp4,27.0,612,666,test
8fdd012c-f2aa-4bcc-9d91-496d955ea8c8,,clip_244.mp4,15.0,204,258,test
bb1d38bf-c4ee-4aed-b275-dc4075656797,,clip_18.mp4,16.0,126,180,train
862bd719-8b12-49e3-881d-1f3458d46d48,,clip_229.mp4,0.0,6,60,test
0400aaaa-78f0-4a89-88f3-bf708088453e,,clip_358.mp4,6.0,6,60,train
37b81787-62ed-4502-b6a8-e87a1a613803,,clip_442.mp4,15.0,414,468,train
0d610efd-58a9-4ff6-831d-07e7d1ba801f,,clip_103.mp4,16.0,132,186,train
b8069722-c265-4f36-8d35-ec1f9e4a2d8b,,clip_102.mp4,11.0,198,252,train
adccdc6b-fb12-4626-a0f8-43e3470e70af,,clip_628.mp4,0.0,6,60,train
5d5d584c-f2f2-4a25-a782-4061abbe58d2,,clip_35.mp4,10.0,30,84,train
77586e31-7e17-46ab-8791-bd518a11bee8,,clip_74.mp4,12.0,270,324,train
9c8e359d-ae9a-467c-a5c2-7a062a06e80b,,clip_596.mp4,3.0,6,60,train
56fda760-9f72-4e6e-a964-8e118b88e946,,clip_744.mp4,22.0,348,402,train
fad74c8a-7555-48cb-bcb8-84d9a606760d,,clip_201.mp4,2.0,6,60,test
8647a634-d347-4793-8415-9d1cf147d658,,clip_214.mp4,2.0,6,60,test
8cb01777-834b-4f77-a1e6-3ec2e2ecd1c3,,clip_406.mp4,14.0,24,78,train
a43e89c1-5fd8-44ed-a1e4-f00c8609bc68,,clip_387.mp4,1.0,6,60,train
5c453290-9c90-40b3-a187-9749ebd67d75,,clip_141.mp4,25.0,360,414,train
153f5745-e539-4ad5-a2be-9985ecf18d1f,,clip_444.mp4,11.0,402,456,train
c8bdc565-9f86-4c66-8699-0515233d420d,,clip_451.mp4,11.0,66,120,train
988dd3c9-a3c3-49c1-8165-a3cf4c122e5a,,clip_701.mp4,4.0,6,60,train
9d141a44-7be3-4eab-8d3c-95977e8c77a4,,clip_175.mp4,6.0,6,60,test
e9dc446d-5a02-4bc0-a496-f621bb580632,,clip_300.mp4,23.0,390,444,test
83bbaeaf-223e-4f37-9d33-8c6d500a2626,,clip_786.mp4,1.0,6,60,train
5a322524-8b54-4296-b62d-8963a87baa94,,clip_781.mp4,8.0,6,60,train
473ea135-eff8-418d-9fc5-5f8f90e95a41,,clip_549.mp4,4.0,6,60,train
9cbc653b-23d1-4bf4-b642-44b71521b11c,,clip_37.mp4,8.0,102,156,train
19ea1334-4873-4625-bcbe-bb211bff85e2,,clip_466.mp4,13.0,108,162,train
6e0b07de-a4ab-4541-adc0-4eadae284231,,clip_405.mp4,16.0,6,60,train
57652ab0-1dac-4339-a2a6-6349225a4815,,clip_133.mp4,7.0,6,60,test
c9c7b8df-c157-41dd-967e-c13ac0df13fe,,clip_42.mp4,10.0,6,60,train
00270774-a08f-4a61-bd8e-336f903729e3,,clip_35.mp4,2.0,6,60,train
2e7d4700-52cf-4c33-b3e8-3f0a65132ae7,,clip_353.mp4,5.0,6,60,train
be361984-830b-4b72-a8df-c8d35279b694,,clip_48.mp4,11.0,48,102,train
29ae3db1-23a7-49cf-bdcc-3662e96b56e1,,clip_103.mp4,10.0,6,60,train
f9b754ea-1dd1-4e03-95c3-567a4204fcbc,,clip_179.mp4,7.0,30,84,test
7144f930-f456-4ea3-baa7-71986b9316f6,,clip_14.mp4,5.0,6,60,train
ce2478d0-67fb-416d-aeb8-a0218fd08310,,clip_124.mp4,24.0,258,312,train
cf3fb993-802d-4529-9a46-97f52a239da4,,clip_216.mp4,4.0,6,60,test
df692a57-2bdd-41e3-962a-e262448667b8,,clip_291.mp4,1.0,6,60,train
818e4182-f3a4-4d81-9bc0-c4b70bee9961,,clip_739.mp4,6.0,144,198,train
a4531b58-a3bb-4192-afa7-598e7a129bfd,,clip_628.mp4,18.0,30,84,train
96172e5d-1e46-4be7-b5e8-db46af23714d,,clip_134.mp4,26.0,198,252,test
2b6bc2a3-26ce-435b-911f-1f6d7a85bff5,,clip_100.mp4,9.0,6,60,train
73c1fe97-c114-4fba-bd0e-9aa898016272,,clip_112.mp4,0.0,6,60,train
bdb4dfdc-5f8d-4fd8-b5f7-421e5731247c,,clip_728.mp4,4.0,108,162,train
80c1e1ea-d4a1-4717-ae1e-c9ff546430c8,,clip_685.mp4,1.0,6,60,train
aa7780e4-e739-401c-abbb-d17bcd518920,,clip_690.mp4,1.0,6,60,train
e329f621-92b7-4cf0-9c3c-25a1765baa8f,,clip_309.mp4,1.0,6,60,train
7a86f2ee-38ba-4434-bc83-68d6e660c597,,clip_456.mp4,23.0,264,318,train
ba9f054f-0b2e-4122-8017-ae407181e9a7,,clip_278.mp4,7.0,6,60,train
575bdf57-23dc-4df9-9a4b-7ae1097e0c48,,clip_568.mp4,3.0,6,60,train
a02801db-980b-4f71-b753-aa7bd1547ffb,,clip_245.mp4,10.0,6,60,test
16983b49-549d-4c4d-8160-69cd70f902be,,clip_154.mp4,1.0,6,60,test
4b758edd-7961-4ab6-919f-7e0e431c5ef4,,clip_421.mp4,9.0,48,102,train
b3a044fe-d3c7-4469-a742-cf50c3267f0a,,clip_244.mp4,14.0,150,204,test
d2435b3a-e10c-4479-b0a0-516e1707298a,,clip_190.mp4,19.0,318,372,test
44c5a6ba-3013-4a15-b584-68ee780e4823,,clip_424.mp4,7.0,6,60,train
f8b1b810-4a9d-4778-97cb-c72efa6ecf36,,clip_20.mp4,14.0,204,258,train
abb3235d-77a8-4598-831a-de2dd8d21733,,clip_32.mp4,9.0,36,90,train
2cc2922e-dbea-4b45-9577-c72857eb866a,,clip_40.mp4,30.0,402,456,train
26517a9a-ddfa-4119-8c31-66dd8ec819ac,,clip_19.mp4,32.0,96,150,train
d6d1e189-c9d4-4f25-8df2-d5d6dddb7210,,clip_198.mp4,1.0,150,204,test
8f28acfc-01b4-4510-b3c1-6749e6426cc0,,clip_127.mp4,25.0,324,378,test
4a782024-dd1b-4b3d-ae24-c34c3b2b9ac3,,clip_200.mp4,2.0,6,60,test
68ec720a-36dd-412e-a428-77940f68b105,,clip_80.mp4,17.0,192,246,train
0a54a81d-5f69-4483-bc23-662937bc2f5f,,clip_237.mp4,12.0,216,270,test
5629c7f5-4eae-46dc-97d2-50e4c4d5b198,,clip_621.mp4,10.0,6,60,train
d9cf01d6-ecd6-4207-9038-afd9cdef3ba6,,clip_141.mp4,23.0,354,408,train
896e2804-1da7-4207-b355-0d74f9ca9bca,,clip_229.mp4,17.0,228,282,test
89c65036-4406-4ce1-9f6d-30ced300d7c8,,clip_44.mp4,2.0,6,60,train
13a7ae7a-d58b-4871-9ce7-872a0a53cc1b,,clip_337.mp4,5.0,6,60,train
fe9f9b51-4a7d-4c1b-a424-f89bfeaf8965,,clip_87.mp4,2.0,276,330,train
e6fcdd54-7194-4403-a9b1-8741c78c25ca,,clip_148.mp4,11.0,276,330,test
8b068458-e9b7-4b31-9f62-e7d4c79719a0,,clip_140.mp4,7.0,150,204,train
ddbae36e-99c6-4f79-b2ac-e2f14bd6b1bb,,clip_83.mp4,13.0,198,252,train
473da096-0d32-41b4-b5cc-eea3385821e5,,clip_272.mp4,4.0,6,60,test
eb63db3c-2e38-4620-a940-617dc12dd6cb,,clip_81.mp4,15.0,78,132,train
bbef84f0-d963-4570-b270-0bf14067296b,,clip_163.mp4,0.0,6,60,test
df477a17-8957-48ca-be36-f717f49e0f9d,,clip_85.mp4,12.0,168,222,train
8d123a80-fe04-4560-82ff-9edf082828cc,,clip_744.mp4,3.0,6,60,train
b73c584c-6f0f-45d6-b76b-faa9d4c070a1,,clip_122.mp4,8.0,6,60,train
6199a737-46b1-4cde-904f-7cd91441ba05,,clip_722.mp4,5.0,180,234,train
c6a26a3c-f030-4362-94d6-772db878e00e,,clip_308.mp4,10.0,222,276,train
fa753a9a-9888-4234-9a8f-55755083216c,,clip_155.mp4,12.0,312,366,train
25382872-8d4c-45fd-8e2d-87809ce6f884,,clip_103.mp4,21.0,222,276,train
f8fee26e-a0dd-4af1-92d4-44722f62368d,,clip_468.mp4,5.0,6,60,train
6b791627-0e5b-49fd-8893-5d5e576d4648,,clip_455.mp4,7.0,6,60,train
fbb5b2f1-c4bc-4c96-a393-775e2cf7f6f2,,clip_345.mp4,3.0,6,60,train
bfed4b2f-d8d8-43b2-afb3-907ee0a0fce8,,clip_350.mp4,3.0,6,60,train
47c6a640-35ca-40e4-a36f-00d062d0ab01,,clip_586.mp4,7.0,150,204,train
d7610cc1-c64d-490a-ae32-0b2c2e8c14bb,,clip_356.mp4,15.0,420,474,train
40e9804c-6ea6-4e87-93a6-b7f22b631830,,clip_177.mp4,28.0,144,198,test
75d785ce-5976-45e1-8966-4347b1858be8,,clip_681.mp4,18.0,174,228,train
3857c5a6-4a69-44af-8f26-cfa316e8b52e,,clip_105.mp4,13.0,42,96,train
a6862978-5c3e-4465-bff7-211634d32dfe,,clip_182.mp4,6.0,6,60,test
ce3ce957-2cb8-4969-be2c-74ce98b79407,,clip_280.mp4,14.0,102,156,test
8ebf34b6-63eb-4d1e-95c5-2b99da4f6438,,clip_415.mp4,12.0,378,432,train
e7996ad3-0fcd-4430-bdf0-eef265fd462f,,clip_447.mp4,23.0,258,312,train
00363530-334f-44b8-9b53-e2c1d66950b4,,clip_85.mp4,16.0,378,432,train
06afa032-27a7-4a7e-b762-f9783e9d932b,,clip_776.mp4,8.0,6,60,train
37bab89e-3cc7-4b0e-8cdc-d18a87dd7ef5,,clip_763.mp4,8.0,6,60,train
4dc70b7c-9100-4be4-99d5-60248ff3e6d1,,clip_91.mp4,3.0,6,60,train
9207a6ae-3f95-467e-a2c8-1548843b7d6e,,clip_452.mp4,10.0,180,234,train
75c1b4f8-b6c6-400f-bb53-000c24f5786d,,clip_549.mp4,19.0,534,588,train
2af1cbf6-b4eb-42ca-a69a-69587024c744,,clip_126.mp4,6.0,102,156,train
bcf9059a-2be5-4015-90dc-25d626fc5d62,,clip_426.mp4,4.0,6,60,train
affae4a7-9585-44f6-8bb6-9ac102ac6f70,,clip_331.mp4,9.0,6,60,train
15d65219-4e02-47cd-8865-57ee7251916e,,clip_45.mp4,7.0,6,60,train
902ac372-212c-4b16-8eb7-e7ee26d3f87d,,clip_434.mp4,13.0,114,168,train
9b1e44f6-8a77-4e4e-a8a7-69e43bdbe109,,clip_609.mp4,10.0,252,306,train
4d70e5f7-c43d-4dc6-9b6a-debc5c43f101,,clip_108.mp4,11.0,18,72,test
75247969-1593-4d4c-8119-906be063e3f1,,clip_374.mp4,12.0,150,204,train
dfb33f0a-57b8-4df6-ae93-763351e6921e,,clip_63.mp4,6.0,342,396,train
3a1d3a61-d7dd-4641-9a5d-25f2251afd6b,,clip_156.mp4,2.0,6,60,test
abb1d3ab-73c5-40c9-b7bf-e7a58b1fa1fd,,clip_101.mp4,11.0,120,174,train
1f87b0b2-edf0-4497-a863-9a937f0aeef1,,clip_42.mp4,21.0,270,324,train
382169e4-27d8-4cfc-b08a-43c632cba7b0,,clip_171.mp4,15.0,102,156,test
08597ef5-593e-45e1-9eb6-aafc999552eb,,clip_209.mp4,26.0,612,666,test
3e9bda44-5dbe-4af5-82d3-9ee5723c5165,,clip_215.mp4,17.0,204,258,test
e1187cb3-db79-47dd-8fd6-37b2fd3be236,,clip_101.mp4,13.0,246,300,train
807c07db-181b-4d26-868f-4954634ce676,,clip_50.mp4,2.0,126,180,train
c9b8a4ee-a9b8-4a08-bd21-89ae2e478811,,clip_385.mp4,2.0,6,60,train
e6f75258-4da5-43e6-a687-67ccaf694a27,,clip_383.mp4,17.0,378,432,train
70cc1afd-a70e-4804-8d2e-68c18ff13a3d,,clip_407.mp4,3.0,6,60,train
2ffd188f-8e7b-4af2-90f8-a02e2acf8f0a,,clip_37.mp4,1.0,6,60,train
f6c801ac-650b-4c2e-b54d-480a5f35f366,,clip_454.mp4,2.0,6,60,train
24cca0ea-1e46-43ab-91c4-618cd80c7e79,,clip_154.mp4,2.0,24,78,test
c6ae0a15-9242-4923-9203-467cff7763a6,,clip_385.mp4,11.0,384,438,train
cf828acd-fe39-4eb7-8162-6d4c113c133b,,clip_136.mp4,11.0,216,270,train
176aef5c-0a35-4291-a1c4-a84fbc61ab5f,,clip_131.mp4,4.0,6,60,train
87a72d44-ead8-4bf9-a107-9cb4c9f69aaa,,clip_91.mp4,10.0,228,282,train
232d26ee-c024-4297-9e44-075a63f702b5,,clip_139.mp4,15.0,6,60,train
ca2db04d-3c65-4727-8c1b-b6a063411777,,clip_469.mp4,0.0,6,60,train
ec114fda-c81b-47ff-af56-f2076d676272,,clip_379.mp4,4.0,6,60,train
4dbaae0e-28ef-4427-83e0-0662ace0f1c9,,clip_14.mp4,15.0,342,396,train
23fbd84c-2b71-4881-bb98-6f4b0b58e400,,clip_439.mp4,7.0,6,60,train
f56f6c01-4c15-45e7-a3e9-0100129fe04a,,clip_270.mp4,7.0,6,60,test
2db32d1e-0667-45b9-bcc1-aec74abbb33a,,clip_314.mp4,1.0,6,60,train
6b8f4caa-b183-4946-9a47-f18a057a05c5,,clip_303.mp4,6.0,18,72,test
b019ca19-195e-407e-b859-38ac417e8c78,,clip_24.mp4,17.0,6,60,train
f7549de9-23b2-459d-970d-97f314781fd3,,clip_726.mp4,11.0,90,144,train
14c18ae3-07f5-4907-8e5b-aedd81b2dcfa,,clip_456.mp4,33.0,570,624,train
e6cafd13-8d48-402b-8321-8cad7bd9f069,,clip_347.mp4,0.0,6,60,train
582c46bc-aeb0-42dc-8f90-51ebe86bf6f4,,clip_450.mp4,10.0,300,354,train
4c358924-6fd4-4473-941e-eaab677b46c0,,clip_25.mp4,15.0,48,102,train
540d81b6-16af-426e-b5b1-c48c1c551bb7,,clip_549.mp4,22.0,636,690,train
5c1aa5eb-7911-4d45-81c6-88e80191fe0b,,clip_30.mp4,6.0,30,84,train
884961a0-f149-45f5-8eb0-22537db2b2cd,,clip_684.mp4,4.0,6,60,train
44bef021-211d-41c6-b7f3-75309920c875,,clip_34.mp4,17.0,294,348,train
3c6cd5a6-4a9c-430e-abf4-fbf641bfcc01,,clip_290.mp4,4.0,6,60,train
2b4a4bff-ff00-4f8a-8a2a-ba82d9e56db4,,clip_26.mp4,13.0,114,168,train
51632535-746d-42de-a815-6bf622fb24ea,,clip_288.mp4,14.0,150,204,train
f3a32feb-8d79-4170-a617-e00b3ce25bd3,,clip_680.mp4,27.0,228,282,train
76755ed1-fec9-4511-a2a0-9a31173d01b6,,clip_744.mp4,5.0,48,102,train
3a42863b-046a-47e7-ae15-ddc0163dd097,,clip_277.mp4,20.0,108,162,train
98fdf940-66dd-46fb-90e8-a0b4e3b975d2,,clip_125.mp4,11.0,180,234,train
da51f863-b33a-453a-9ec5-6697f5f5641e,,clip_565.mp4,3.0,12,66,train
08ddad42-edd2-4f74-861d-40c6f74595dd,,clip_140.mp4,4.0,6,60,train
13bcb3d1-63c6-4b8b-b72a-021c9d4a0307,,clip_565.mp4,12.0,276,330,train
e94df2ae-c42d-47cb-a5aa-91f58f5fb13b,,clip_155.mp4,4.0,6,60,train
db3197c1-6d24-4413-bdb8-124f0ed6a295,,clip_196.mp4,14.0,252,306,test
2518c56c-bcd6-468f-a2c2-47db34bf7b21,,clip_61.mp4,20.0,42,96,train
a8b241b2-2eae-45e1-8ca7-15884ee0d9fd,,clip_188.mp4,6.0,54,108,test
0446c20d-044f-4047-ac22-0d8542fd799a,,clip_456.mp4,14.0,60,114,train
f089e97b-9de7-49e9-8c77-1817bd70e2c6,,clip_448.mp4,22.0,396,450,train
15e4b4e7-5e55-4933-afef-27e47f6734d1,,clip_62.mp4,14.0,6,60,train
414a7833-a1ab-466c-8f9f-c04ff30310e8,,clip_763.mp4,12.0,6,60,train
c743816b-c97b-4c49-a3f1-56c019b0cf8e,,clip_690.mp4,8.0,6,60,train
d26b0515-d5df-4b8f-8598-7320afe38e0a,,clip_192.mp4,5.0,6,60,test
6f9a5378-5235-42d4-998e-6b91585d4f48,,clip_185.mp4,5.0,246,300,test
ca96dedf-17c7-4d08-9388-26fecc60180c,,clip_605.mp4,4.0,6,60,train
8e35f6f4-b3a2-4676-9937-72e8c3686ad1,,clip_115.mp4,0.0,6,60,train
3c699efc-62ba-4f59-b20b-c6f077f22b0c,,clip_117.mp4,8.0,114,168,test
2babe1de-1aa9-4bbf-8c14-a3cff1f709c6,,clip_6.mp4,5.0,6,60,train
5c3b3807-2468-448a-9606-537b28ec6ab7,,clip_85.mp4,10.0,120,174,train
bf0dfe26-ff4a-4a21-a79b-5b0c78ee5242,,clip_465.mp4,6.0,6,60,train
65368704-6397-4c66-8371-4b889d9020b5,,clip_204.mp4,4.0,6,60,test
ba982475-4595-4d4c-977f-a6e10006d726,,clip_223.mp4,13.0,330,384,test
793c77a9-4638-444a-80c3-44766f245d17,,clip_169.mp4,9.0,30,84,test
655efb7b-97c1-483a-a86b-e61d22b728f9,,clip_32.mp4,2.0,6,60,train
b9322a79-b352-4bb0-a60d-8571afea9ef9,,clip_443.mp4,8.0,6,60,train
4882c0e6-d2c4-4325-90ce-290f5c57b827,,clip_189.mp4,9.0,6,60,test
02f4a395-6801-4cb6-9d3c-60f04df402ad,,clip_736.mp4,9.0,234,288,train
a174a43c-4c1f-4dda-8db8-b1d021f0998a,,clip_245.mp4,17.0,234,288,test
b162d0dd-3433-4918-a61b-d8bd5f131abb,,clip_451.mp4,14.0,240,294,train
4b9df6db-480b-408b-bd80-2f014d0992fe,,clip_8.mp4,9.0,6,60,train
49d5a2c3-f262-47d4-b7a0-250661f3c107,,clip_38.mp4,23.0,186,240,train
0de8922c-4dd5-4697-9ba6-9f31bfc120da,,clip_141.mp4,13.0,66,120,train
d9eb2afb-b457-4ce4-aab7-cc9bcc432747,,clip_684.mp4,28.0,294,348,train
bb41fd2a-6410-441f-be74-7ea401098394,,clip_168.mp4,16.0,300,354,train
773a9e11-8e0d-47f0-a682-8ab31d75b686,,clip_171.mp4,25.0,228,282,test
1b95ea1c-a1c8-4519-af46-02e4c6ca1fde,,clip_781.mp4,1.0,6,60,train
964d623f-3bd0-4d02-ba1e-4940bc1d64db,,clip_229.mp4,10.0,6,60,test
850a9ae8-792d-4fce-a6ee-22181a643dc0,,clip_387.mp4,8.0,6,60,train
61141bc0-0f15-4f8c-8ee2-2d79c6234305,,clip_402.mp4,0.0,6,60,train
2fc6d9c7-b13f-4888-a10a-a03d80b3bb5e,,clip_133.mp4,19.0,78,132,test
5c83650b-25c0-4f74-9164-be4268ebd07a,,clip_357.mp4,3.0,6,60,train
3d7c1ea0-0ded-44d6-981d-9152e9880ee7,,clip_401.mp4,13.0,36,90,train
28c0e79e-4182-4300-bb89-b34b80c266a9,,clip_39.mp4,26.0,420,474,train
6c9dd04a-cda4-46ad-a4b9-1604e39dc7ca,,clip_462.mp4,12.0,6,60,train
38a32eea-e7d3-41e5-91e1-4b23a66471dd,,clip_130.mp4,8.0,6,60,train
f0c2f9ee-a921-4a75-8651-cc3674519853,,clip_137.mp4,1.0,6,60,train
57a0940f-67d0-435e-8938-dbbe38c63ba1,,clip_208.mp4,10.0,156,210,test
de7ffd75-117c-428e-beee-5fe3b064d3bd,,clip_35.mp4,11.0,30,84,train
df7f8c78-943f-435a-9f5a-b2dd817ef5f8,,clip_164.mp4,0.0,6,60,train
e3c6a880-ece3-4d93-b469-798f8fe92282,,clip_355.mp4,16.0,132,186,train
bc2add10-4ae8-4124-86f1-2215609d0fb3,,clip_226.mp4,17.0,198,252,test
a040ecaf-3584-4af4-b632-0e768f213f4e,,clip_558.mp4,2.0,6,60,train
83b2831c-276d-4960-8000-d956435cc96e,,clip_414.mp4,13.0,12,66,train
1bed7fc5-bc44-4300-84cc-678f93c21326,,clip_408.mp4,8.0,240,294,train
0c88ed4c-4b16-42dc-a511-f04f300096d8,,clip_309.mp4,11.0,6,60,train
6585261f-bc49-4fb0-9c37-31613f346e33,,clip_401.mp4,6.0,6,60,train
5bab1337-4619-4016-8786-c09df59dc57b,,clip_577.mp4,9.0,6,60,train
6a1b1ad3-ea65-4066-9a58-5f3141d50881,,clip_758.mp4,12.0,390,444,train
e1f52f55-adde-4e7a-a98c-9d94d9b6a9a8,,clip_313.mp4,6.0,42,96,train
3d1c161f-f37c-4c8c-b2fe-b7f40e19447b,,clip_184.mp4,5.0,168,222,test
ceebf889-63bb-45b7-8707-096a9db01c53,,clip_435.mp4,1.0,6,60,train
ffb1f4a3-8e89-4cd5-a9e2-90493abee54b,,clip_465.mp4,16.0,150,204,train
6f0b4bce-f8ec-4631-a3bb-d782c06c8477,,clip_408.mp4,3.0,6,60,train
acc92626-b2f1-4c5a-9d71-153d881a9cf9,,clip_309.mp4,25.0,402,456,train
85045a2c-da4f-4b79-b2d5-6935f4844895,,clip_323.mp4,11.0,402,456,train
24c585b7-02a9-4fc1-8d9c-f949ac0cd411,,clip_145.mp4,7.0,6,60,train
b7249c01-bcbb-4bf7-b64d-a790af077163,,clip_116.mp4,6.0,6,60,train
0f84a1b9-5005-4079-bd83-799711fbf732,,clip_133.mp4,12.0,6,60,test
115c40f1-e8ba-4bea-96de-b9699303ff84,,clip_48.mp4,16.0,96,150,train
052c6603-ac50-442b-b161-0eb266807fbc,,clip_18.mp4,25.0,186,240,train
b919ac78-5b7a-4bce-af1b-2e8fb3eaf744,,clip_93.mp4,8.0,102,156,train
bbb34247-ef56-42f2-a48f-3e713d9b3e83,,clip_466.mp4,0.0,6,60,train
68bb6cb9-7484-4458-b5a0-9f7af617ef2b,,clip_376.mp4,4.0,6,60,train
71291408-2f05-4bd1-a745-f3f43b7e48ac,,clip_248.mp4,8.0,36,90,test
0a9d7500-370a-43e0-b46e-6178d14f096d,,clip_97.mp4,6.0,6,60,train
9bb12a72-3f1b-47ff-851f-7c0a6e01b09d,,clip_41.mp4,11.0,6,60,train
a9123a7e-91e6-4793-9182-ed3fab898542,,clip_465.mp4,14.0,126,180,train
2fc3e816-70f5-4251-a5ea-13375280f947,,clip_716.mp4,9.0,420,474,train
278c5c08-f371-4e10-b820-efab8b94cc41,,clip_136.mp4,4.0,6,60,train
2daffa7d-11aa-4e92-ae5a-06fcc3f4fbf4,,clip_598.mp4,3.0,6,60,train
ddc395f1-8367-4a37-a34f-a177e233dcf6,,clip_288.mp4,7.0,6,60,train
5ba4f962-9fe3-4a88-961f-a2646e6b2fdf,,clip_633.mp4,0.0,6,60,train
d869c193-3e54-42cf-8449-c9a907b96416,,clip_730.mp4,9.0,360,414,train
f28066c3-6e9a-4b98-a91d-097d1235ab69,,clip_45.mp4,20.0,390,444,train
18bc2d21-ac61-4ebb-a648-21c9c6e0cfd7,,clip_356.mp4,6.0,6,60,train
6cc8b977-8112-4acf-80bb-1850c5db73e2,,clip_248.mp4,10.0,132,186,test
92701353-7068-4947-8f02-c38fb13aede7,,clip_199.mp4,3.0,6,60,test
c515b5a2-9cb8-4d0d-8ed2-6b323cc94a8f,,clip_370.mp4,4.0,192,246,train
a8793a91-895e-4533-aa96-174adc663b15,,clip_375.mp4,8.0,180,234,train
116325f5-262e-42c6-ac56-09deeabd01ca,,clip_305.mp4,7.0,6,60,test
79ba89ac-faea-420e-b5f2-41c8b89ba0ec,,clip_400.mp4,3.0,6,60,train
ac13edc7-bcd7-4214-808f-c1293549f1f6,,clip_415.mp4,3.0,6,60,train
eb004565-c3bc-461d-ae52-b80cbba29ee0,,clip_76.mp4,0.0,6,60,train
b40328b0-cf11-4851-8e02-5de81f3f24a4,,clip_249.mp4,3.0,6,60,test
e10d565b-c73d-41e5-b25e-1160d5296bf2,,clip_237.mp4,18.0,420,474,test
7fafa00c-dd50-473d-bf15-4d12292db00a,,clip_551.mp4,59.0,306,360,train
61752ef0-6f19-4cd2-b891-d93c55fc4118,,clip_197.mp4,21.0,306,360,test
259fe5c5-3016-4936-a928-44c01db35121,,clip_445.mp4,13.0,342,396,train
66f2f929-8fb3-4886-8358-200250ce6d01,,clip_119.mp4,11.0,6,60,train
2755e89d-c5d1-4882-8479-5dd225132d89,,clip_434.mp4,4.0,6,60,train
42c8894f-d851-42d1-94f3-4ba18f663931,,clip_362.mp4,1.0,6,60,train
93093846-5798-466f-b52e-8782b1411942,,clip_689.mp4,7.0,132,186,train
8c862cf7-1a0e-444b-9009-1ab1478d30e3,,clip_83.mp4,3.0,6,60,train
afd2b9bb-47cd-49f8-83f3-18868d6bdc63,,clip_310.mp4,7.0,198,252,train
b30d33dc-89df-49b6-94c0-53b6ab10e340,,clip_98.mp4,26.0,348,402,train
c6ba619b-b02a-4ec8-9541-225c3f959e08,,clip_4.mp4,6.0,6,60,train
4b17c209-8861-479e-ba22-2c95d8cc5f3a,,clip_56.mp4,12.0,6,60,train
83248f1d-b1c4-4c16-a280-c8c44ee8ca04,,clip_158.mp4,11.0,72,126,test
c77844ca-242a-45d2-9189-1b9f4d838d6f,,clip_400.mp4,7.0,78,132,train
73123140-4df5-4926-8f4f-bceff756c0da,,clip_498.mp4,5.0,6,60,train
9b41f77a-06c0-4665-b75e-06c79fde1823,,clip_706.mp4,8.0,30,84,train
4320d50d-3a52-401b-99aa-2377628841fe,,clip_20.mp4,11.0,36,90,train
f871e909-6935-4d08-a25b-c41b487f4647,,clip_99.mp4,21.0,264,318,train
49d000de-4366-4c96-86ee-da16a9e75d15,,clip_207.mp4,11.0,18,72,test
daa306da-05b2-4f0f-ba79-0425aef38add,,clip_243.mp4,0.0,6,60,test
86dfcb07-9a2b-414f-9b45-dd6f34fe5fc2,,clip_49.mp4,4.0,36,90,train
e0eed2ac-eda3-4ad6-af1b-534f0c04192b,,clip_138.mp4,6.0,78,132,train
a92a5ce7-fe29-42dc-902e-e9d7454d1161,,clip_361.mp4,7.0,6,60,train
1650e34c-b90d-4bcf-bda8-66cfcf84f9f1,,clip_205.mp4,1.0,6,60,test
2408010f-48ab-40e1-add2-6d7f4cc919b8,,clip_15.mp4,9.0,6,60,train
68f4c1dd-efc7-4e6d-940b-b2f3d4c2754b,,clip_12.mp4,0.0,6,60,train
20b43800-81bb-476d-b697-0d7a4bf764a0,,clip_497.mp4,10.0,252,306,train
6cc09241-5343-4666-90c2-86af19e245f8,,clip_744.mp4,15.0,30,84,train
9208c3f3-b3e2-471d-8430-0adf7e7dd83d,,clip_101.mp4,5.0,6,60,train
84a81767-9d53-43a5-b9ff-5cd030f3fecb,,clip_230.mp4,10.0,6,60,test
756f9751-1dfd-444e-87dd-e42fa93038c9,,clip_151.mp4,14.0,348,402,train
b52ef3df-3550-4582-8456-2bfd79c1c46f,,clip_109.mp4,24.0,216,270,test
df91320f-b8d8-495b-b9ea-ecc3d785b250,,clip_82.mp4,20.0,432,486,train
505a1e05-ec27-47f8-aee0-2ac7bd5ace79,,clip_408.mp4,7.0,84,138,train
5d9989c7-1ed1-46c4-8465-2c7a7b94e3ed,,clip_761.mp4,10.0,6,60,train
5e117eaf-529a-4ed3-aa41-c4d7f7cc7893,,clip_384.mp4,17.0,306,360,train
308c532d-6c2e-4d7a-8581-3dc640b911c0,,clip_274.mp4,8.0,150,204,train
8d0bbc32-729c-46af-b5b3-79ad7c755779,,clip_355.mp4,0.0,6,60,train
25a8ac24-1e0a-4d84-9dbd-d6167f0d0202,,clip_784.mp4,18.0,354,408,train
9d3ef1b2-4284-49ca-a83f-2de20d8d7059,,clip_347.mp4,9.0,6,60,train
621c3745-7217-4032-b56d-42d07fad72a3,,clip_33.mp4,7.0,6,60,train
d8873b7b-dbff-4cbe-8829-8421ccfda0be,,clip_337.mp4,13.0,204,258,train
c95ddbf2-3efd-464f-93d7-9d185a1ba3cb,,clip_226.mp4,22.0,288,342,test
ecc7fca3-cc48-4d73-a69a-839f12178e92,,clip_347.mp4,14.0,36,90,train
23f77966-f6a3-4490-b6f0-bad1fc2de329,,clip_30.mp4,9.0,174,228,train
8b031829-8e34-436d-89c7-55e7f77f18b2,,clip_175.mp4,10.0,198,252,test
518e2139-052a-45ac-8e01-eb87368fe9a6,,clip_102.mp4,15.0,342,396,train
c4b6851f-c263-45ef-8a64-87494158c91a,,clip_46.mp4,14.0,6,60,train
65e57714-34ac-42aa-a5d8-2cd8ba4bec97,,clip_382.mp4,10.0,30,84,train
e83cbc87-1495-4e95-beaa-2fa93f8f9def,,clip_416.mp4,5.0,6,60,train
44c20705-6c56-4124-a404-7114ba281a1e,,clip_226.mp4,12.0,60,114,test
b63a6997-ed76-4d03-a54a-630f2804c2c1,,clip_127.mp4,27.0,462,516,test
ee01f3d6-61b3-49f4-aa79-32321842834f,,clip_66.mp4,10.0,198,252,train
7b91c16c-e95b-47c7-9843-2ffacdd40082,,clip_159.mp4,10.0,30,84,train
2133384f-e727-416b-84cb-2df85cc04455,,clip_353.mp4,16.0,210,264,train
154c7ee0-811b-4e51-a2f0-a90f9c6d0b59,,clip_729.mp4,7.0,210,264,train
80eac468-a2a2-43ec-ba1c-f7c5e453b4a4,,clip_568.mp4,10.0,6,60,train
ee68fa41-4f8d-4c5e-b91e-dadc855e265e,,clip_402.mp4,9.0,150,204,train
0785977a-8e07-4e0f-a53f-e82eb5fe39a8,,clip_441.mp4,16.0,198,252,train
ac8855f8-1103-44de-b4e7-01694b0a0732,,clip_192.mp4,2.0,6,60,test
4c02aa1a-b242-4c12-9e7d-bc40a05633a1,,clip_568.mp4,11.0,36,90,train
24990a31-303e-4b1e-a165-89d320439313,,clip_36.mp4,8.0,30,84,train
1e37e735-d24e-4966-945a-773ec595ca35,,clip_13.mp4,2.0,6,60,train
6f2360de-88ab-44de-b7f8-fea23a430826,,clip_429.mp4,13.0,336,390,train
c1841fc9-6188-4794-82f3-8fdcb0cf874e,,clip_638.mp4,1.0,6,60,train
6772dc74-3bea-4091-8d68-b1c289b9eb36,,clip_81.mp4,7.0,6,60,train
107d439e-b909-46ce-8e20-785021afb586,,clip_37.mp4,14.0,186,240,train
39c0645f-fc9d-4eb4-b38f-9f1d28354a05,,clip_6.mp4,2.0,6,60,train
5b04e53a-ecec-4322-8a26-afecfcd3a787,,clip_37.mp4,12.0,156,210,train
4daea631-6b38-45fb-a42b-9313ded58ca9,,clip_125.mp4,10.0,180,234,train
8da1c272-bd64-4698-948a-36a1b3beb4b2,,clip_40.mp4,3.0,6,60,train
71cea0e1-1b0a-494d-9356-b38c303e7b5a,,clip_436.mp4,0.0,6,60,train
bcf5428a-db4f-46d1-9456-2dc4cf1b061b,,clip_564.mp4,5.0,150,204,train
ae97ab63-257b-4107-ab22-2fabb95cc856,,clip_110.mp4,10.0,6,60,train
061c5f3d-6176-4e30-be5a-d6ac5a8b0d11,,clip_499.mp4,7.0,6,60,train
6c41e9b3-3c06-4df2-8ac9-612c361b63ec,,clip_300.mp4,20.0,342,396,test
9896fdc2-1bd7-475b-834f-67cc1bc00efa,,clip_167.mp4,1.0,6,60,train
ce692563-5239-4478-b90e-29317e16751b,,clip_172.mp4,1.0,6,60,test
b4c15daa-dd70-4a2a-ba80-8af2d19741a6,,clip_309.mp4,18.0,66,120,train
4e5c917b-6cd5-4df2-bd50-0d631c0d3211,,clip_604.mp4,9.0,90,144,train
4ba0216a-b225-44fa-98f5-ae6be1492735,,clip_706.mp4,3.0,6,60,train
93b4ba9f-4ccd-47dd-b1d3-a3dae66f23ee,,clip_384.mp4,18.0,324,378,train
2bc840af-a3ae-4837-91c1-fd49bc584fa7,,clip_331.mp4,11.0,6,60,train
9b8c6764-623d-487b-86ab-e5b27ecdeff9,,clip_781.mp4,6.0,6,60,train
a3af36e8-ca05-4a8d-9d38-da46f051d005,,clip_19.mp4,48.0,366,420,train
2e405079-3e3a-4b4c-8bef-b7705ae448f0,,clip_48.mp4,19.0,240,294,train
595d415c-b745-4690-ad83-ad6af6c00ef0,,clip_417.mp4,7.0,6,60,train
c16a1a09-8aa7-49ae-aba4-c8e0c867efe6,,clip_300.mp4,16.0,144,198,test
ebedc40a-7dee-4745-8929-7de8d82abfad,,clip_173.mp4,16.0,372,426,test
647f9138-db8f-4d39-ae07-ef978e69bdef,,clip_226.mp4,16.0,132,186,test
34b00389-5899-44f2-9935-b45264d380c1,,clip_405.mp4,18.0,6,60,train
2a43f1e9-c10b-427c-a90e-9446064197f5,,clip_402.mp4,13.0,294,348,train
b32ae41d-1fbe-44df-a095-03cd8f6924a5,,clip_121.mp4,0.0,6,60,train
421dd341-4ec3-4e9c-ac36-75a782fecfad,,clip_151.mp4,15.0,390,444,train
ad672e67-eea5-473d-af0c-b89129e39073,,clip_624.mp4,4.0,6,60,train
6a6ed3c5-ae9d-449c-b00f-a34e7c3e2bc8,,clip_384.mp4,14.0,150,204,train
739f6e12-6d3c-4123-94fb-e7d081863a2f,,clip_782.mp4,0.0,6,60,train
41c054d6-f6fc-4e34-9d97-e2b9109b46b7,,clip_38.mp4,31.0,414,468,train
4aaa79c5-798d-4aed-b4d9-0ad0175f4f97,,clip_171.mp4,7.0,6,60,test
6b60cbf4-b933-4641-b349-2b63898eece4,,clip_150.mp4,10.0,54,108,train
909bc011-3ee7-4a6d-aab7-daa6d38bc27d,,clip_36.mp4,11.0,210,264,train
4c6ca050-9d50-41ca-af18-e94ecf5d4fb7,,clip_125.mp4,9.0,174,228,train
8c1ac7e1-59a9-45db-9ba6-54cefad20ed5,,clip_577.mp4,21.0,258,312,train
2d5b50d7-b533-467a-bddb-c2fc517d4354,,clip_414.mp4,1.0,6,60,train
ab7d1058-a30b-49ff-8348-04a4126f44d2,,clip_357.mp4,4.0,6,60,train
1ea1ea8e-d8b0-43b1-a3c3-7ffbd54f60c7,,clip_171.mp4,12.0,6,60,test
92d43e34-6c74-438d-ab47-d1c6f777184a,,clip_318.mp4,14.0,222,276,train
11d8f491-1a54-4836-b658-6cc6d06c87c9,,clip_282.mp4,7.0,222,276,train
15fd5b03-0135-45d6-b6f1-d36dcffbf4c0,,clip_151.mp4,16.0,402,456,train
db9d4b53-f07d-48e5-9003-e4fb3b49460f,,clip_771.mp4,10.0,12,66,train
508a44ac-bc7b-4bdd-b231-556c7e462838,,clip_88.mp4,4.0,96,150,train
83997a77-e701-4dd8-815e-dc5f1c7c0b3e,,clip_38.mp4,6.0,6,60,train
6a0c738f-df76-4be3-823e-cb2c4a1ec1b8,,clip_681.mp4,0.0,6,60,train
e6da62c7-c71b-41a3-bbd4-dc571b04bf94,,clip_90.mp4,8.0,6,60,train
68dfabbe-de28-4a71-a147-b1e822d0d5f5,,clip_82.mp4,1.0,6,60,train
e63aed9b-6fdc-4f05-a7f8-0dc2d62e21f3,,clip_287.mp4,9.0,6,60,train
c16b41c1-9949-4e83-bc26-38c4040b2de4,,clip_207.mp4,5.0,6,60,test
c33a3913-8750-4b27-8ff1-282f95661c34,,clip_133.mp4,15.0,42,96,test
8a337a52-6c09-4394-a4a2-e7882d807f0b,,clip_24.mp4,23.0,282,336,train
bb578d7a-785d-4f07-b087-46e1aae083b1,,clip_147.mp4,22.0,234,288,test
866359aa-6734-4ada-8bee-487dd0c6d9e5,,clip_178.mp4,2.0,6,60,test
ecf08ab5-b220-48d1-b0cc-0c781b45c090,,clip_724.mp4,2.0,6,60,train
44ab65b1-d4b5-4429-b438-59d09cdb5188,,clip_385.mp4,12.0,48,102,train
17553f54-82a6-4fa6-8135-a7d440ad36d0,,clip_84.mp4,16.0,120,174,train
0f5f7047-641b-46c0-9e29-2a1eb3864b42,,clip_293.mp4,11.0,450,504,test
83ee3f88-a27b-490f-b237-6292c6a91ba1,,clip_382.mp4,5.0,6,60,train
29e75a6a-fe8b-437f-a601-fba384855762,,clip_451.mp4,6.0,396,450,train
3bbb641b-23d7-4699-966b-1c5087255da0,,clip_310.mp4,0.0,6,60,train
dadee932-498e-4f77-b5cf-4246953d7743,,clip_420.mp4,9.0,270,324,train
8d96ee00-9cfc-4069-a7cf-f2986737ef0d,,clip_568.mp4,31.0,354,408,train
aae7f4f6-547c-4669-950b-84f3c5f3d086,,clip_249.mp4,4.0,6,60,test
74bfbc16-9bce-448c-9813-2daf42267dbc,,clip_559.mp4,0.0,6,60,train
0b48b03b-d781-4213-8ab1-55023db160a3,,clip_133.mp4,16.0,48,102,test
41d02392-4771-40d0-92a5-9ab7f4a658b7,,clip_288.mp4,0.0,6,60,train
208e50f1-5433-454d-ae31-c31e5de7e981,,clip_560.mp4,15.0,36,90,train
d5b5f5a9-50c4-4612-94f0-f94b697b524a,,clip_199.mp4,4.0,6,60,test
3588f987-13e4-4384-9dff-edf50d803285,,clip_689.mp4,0.0,6,60,train
fc294caf-f9cf-4733-acf1-b2c37a6e7294,,clip_424.mp4,6.0,24,78,train
8e808571-932c-4a0b-8ddf-c02e0296631f,,clip_55.mp4,33.0,348,402,train
036d9817-63d0-4175-b4ea-01fde4b3677f,,clip_422.mp4,10.0,6,60,train
13e4dcbb-697f-4077-b8d5-5fded2c0df70,,clip_621.mp4,47.0,168,222,train
289dfd72-c5fa-424a-9572-4a43ea598a35,,clip_568.mp4,14.0,72,126,train
b7798512-6b8e-4747-9f91-32554574f067,,clip_356.mp4,13.0,282,336,train
a678791e-e05b-42cc-bb95-fc1679b28e62,,clip_138.mp4,8.0,150,204,train
e125581a-472b-4d8d-8c2d-f7f5b896c275,,clip_269.mp4,17.0,306,360,test
e69b7598-3134-483d-adca-18fd9e7127f4,,clip_4.mp4,1.0,6,60,train
1d3ebd55-1f07-4d51-a228-96bfffdc4545,,clip_216.mp4,12.0,42,96,test
cdf00d06-60b2-46ff-a4b4-5b5fc90b382a,,clip_11.mp4,1.0,6,60,train
24b1c81d-9ea8-4ce9-8b6a-1c1008ec6b56,,clip_352.mp4,8.0,330,384,train
cbf48b64-b8ae-4bc1-811a-644efb849eb7,,clip_226.mp4,18.0,210,264,test
cec78f9f-92f0-44dd-b70f-24e4c0d71af7,,clip_22.mp4,15.0,114,168,train
2fcdd471-5554-456e-b8fd-2a9a08ae0e7b,,clip_39.mp4,20.0,138,192,train
d7aa6385-813c-40c0-8afc-6f4e81146ffa,,clip_612.mp4,0.0,6,60,train
f983f77c-3001-4fa0-9b69-f96c8aedd4ba,,clip_776.mp4,6.0,6,60,train
e7976d9f-c806-4361-adb0-612252b86ca3,,clip_763.mp4,6.0,6,60,train
c3eef1b5-b4f1-4f4a-8499-198a1e1ead79,,clip_414.mp4,17.0,360,414,train
8a78f2ad-70fd-4794-a789-0ce30fe0e213,,clip_102.mp4,4.0,6,60,train
bb7823b0-d16d-4553-99bd-eb25b3de69e9,,clip_54.mp4,14.0,114,168,train
736cc2d0-9a21-4cd4-a32e-b9e044a47bf6,,clip_199.mp4,6.0,144,198,test
f3ff316d-4bfc-4812-8f4c-515c36d4c5c2,,clip_1.mp4,20.0,828,882,train
8a327836-8b84-4c2b-be42-33415415f33c,,clip_48.mp4,10.0,42,96,train
01922872-d364-400f-98b5-c04f5540b52f,,clip_57.mp4,0.0,6,60,train
6b18d014-3a48-48cf-8090-78ee2949a6f5,,clip_331.mp4,7.0,6,60,train
6aa11fe6-772c-4c38-b986-33c04604a87d,,clip_206.mp4,14.0,330,384,test
759444bd-f716-4cf2-9048-192dde3295ce,,clip_466.mp4,30.0,528,582,train
e3d6a867-e5bd-45ba-b808-94ab50c278a2,,clip_113.mp4,5.0,108,162,train
deaa4561-4fe1-4995-95ef-2a60147359a2,,clip_452.mp4,12.0,246,300,train
95be5563-5d74-4451-b8a4-b6d8f29dc03c,,clip_688.mp4,14.0,306,360,train
03c562e7-106a-4122-9b80-e33773520af0,,clip_238.mp4,4.0,6,60,test
0a555076-cda2-4481-90f0-dc6fe99999d4,,clip_459.mp4,6.0,6,60,train
cf9b039f-ed11-40a3-926f-e9a412ba34b9,,clip_205.mp4,16.0,396,450,test
0d66f2f0-feb9-466f-a104-819e321e15dd,,clip_126.mp4,8.0,120,174,train
42a1c518-167b-4cc4-b544-2debbb61a0ef,,clip_498.mp4,2.0,6,60,train
598e3de3-d3cc-4256-960e-3f2721c3a3bd,,clip_147.mp4,3.0,6,60,test
3a89e6f2-34ca-4c82-a4e9-83be23b97e43,,clip_125.mp4,16.0,384,438,train
e09ff597-7ac5-4c79-a137-0845c3123c5b,,clip_320.mp4,8.0,6,60,train
165dfe41-81f5-47d9-88ad-a87daa049f9c,,clip_612.mp4,9.0,318,372,train
60714aca-6194-4b58-baf5-fb6c987d5269,,clip_437.mp4,5.0,6,60,train
7aab88d3-376d-4710-bd16-e3da87e7a25d,,clip_332.mp4,1.0,6,60,train
a532382f-24e2-4b57-a87e-ec71f3a4b8a3,,clip_153.mp4,6.0,108,162,train
2c57d810-de82-465d-aed9-eb5976af2378,,clip_403.mp4,2.0,6,60,train
d7ab8738-22ec-46db-a946-25fe930739b2,,clip_499.mp4,16.0,306,360,train
fd55fd7d-9b8d-4af2-b2fe-01e65cfd9a92,,clip_238.mp4,5.0,42,96,test
4755c341-881b-40f7-ae82-ad5d5f3794ac,,clip_277.mp4,0.0,6,60,train
8ad8c274-bffa-4280-a767-a0398601334e,,clip_114.mp4,13.0,228,282,train
88f21155-7483-4d3d-a241-b941b2c46a47,,clip_134.mp4,42.0,678,732,test
d4e6cbf3-2cff-4657-b889-e1e9b8dfab01,,clip_127.mp4,20.0,144,198,test
d08e0cf7-07d4-4a6e-af66-0d198bebc6db,,clip_381.mp4,3.0,6,60,train
155c5058-8f2e-4729-8e19-d0d7e471454b,,clip_48.mp4,27.0,372,426,train
500fb43d-a9ac-48fe-8d5c-5c1ee422292f,,clip_604.mp4,3.0,108,162,train
39fa5f62-fbd2-47ee-8114-b377398b168c,,clip_166.mp4,11.0,228,282,train
feee17a9-d768-47f9-bd1a-c6fc37f6d859,,clip_761.mp4,17.0,6,60,train
3ae09c17-53c6-4cf0-9cec-e52f15fa8d4d,,clip_441.mp4,19.0,78,132,train
9f8b0f7f-7844-4ea6-ac57-0440f83faede,,clip_135.mp4,5.0,6,60,train
a08923ac-d16e-470b-b68e-51271b53351f,,clip_400.mp4,6.0,282,336,train
333c2968-cc23-424e-a83e-069aaed51a91,,clip_108.mp4,7.0,6,60,test
d06bc0bf-4dac-4908-b72d-ebf1ffdfd3bf,,clip_5.mp4,11.0,6,60,train
fc8f419d-0a12-4ac6-9da5-a572d53fdec4,,clip_445.mp4,3.0,6,60,train
233008fd-1e63-41d4-ad95-4400004b0c24,,clip_34.mp4,9.0,6,60,train
6efe9cc6-1992-4984-9bd8-39134014c136,,clip_147.mp4,31.0,456,510,test
fc458a1a-1e0d-4a69-aa44-d08b1fab692c,,clip_231.mp4,1.0,6,60,test
efbb289a-449a-4bb8-9e20-0ce2d8cf8ad1,,clip_355.mp4,7.0,6,60,train
457cea6f-4a73-47ca-b047-ab91e9c110bb,,clip_272.mp4,10.0,6,60,test
9cdb00f8-36e4-434b-beba-9eecee7ad302,,clip_215.mp4,15.0,174,228,test
16b18dd4-308f-481c-ae67-e59e82426f4c,,clip_8.mp4,7.0,6,60,train
04ab4d96-d8cc-459f-8d34-d729be39a66e,,clip_108.mp4,21.0,312,366,test
9840003e-7137-495c-a612-ee0b96921ab5,,clip_726.mp4,17.0,102,156,train
d63117ff-e37b-436e-8950-9db1286afef5,,clip_636.mp4,4.0,6,60,train
9283efa0-3c01-40eb-b713-43e680a520c8,,clip_180.mp4,10.0,60,114,test
6c64a5ed-89ce-46ba-aa99-0d260d34999e,,clip_237.mp4,4.0,6,60,test
ef787f80-0224-4562-b3cc-1044bd80d33e,,clip_40.mp4,24.0,276,330,train
78e362da-5aec-471c-869e-c256171c1dd2,,clip_189.mp4,7.0,6,60,test
fca936aa-49a9-42c2-bed2-814d9e723524,,clip_456.mp4,6.0,6,60,train
4497e0ee-027a-45bf-a0fb-220d8b1e28c8,,clip_675.mp4,9.0,390,444,train
8c7c1869-9244-4fc7-8ff9-81e0d082ba18,,clip_42.mp4,17.0,6,60,train
529ccbce-d7e1-42c6-b1dd-008a1df2108b,,clip_200.mp4,8.0,78,132,test
1a18fc25-3839-4a82-a951-7cb8f9dfd5c5,,clip_387.mp4,6.0,6,60,train
751a460f-8a13-4a6e-8bba-587d90ed53df,,clip_304.mp4,4.0,348,402,train
59cd9ac1-1b69-4e80-8c50-3de70fe9ba72,,clip_148.mp4,3.0,6,60,test
2ee4e09c-1c2a-4423-807c-75dd70e63ea2,,clip_499.mp4,12.0,60,114,train
cffd094f-6803-4ed5-8316-4468d6815132,,clip_438.mp4,5.0,6,60,train
a6aaf939-cffe-43cc-9674-27e404177454,,clip_181.mp4,5.0,216,270,test
63acd1a1-f46e-47b9-aee7-ff39515bdc72,,clip_160.mp4,1.0,6,60,train
5e2685a1-2669-42b4-8caa-6195abcbaa7b,,clip_201.mp4,13.0,354,408,test
318e547c-70bf-4c5d-b1db-5234a4d12be4,,clip_490.mp4,12.0,6,60,train
f731411b-5966-4ae6-a62c-2b4da03d4fa0,,clip_419.mp4,2.0,6,60,train
d1e90c2c-f433-4044-abc5-6f8ee5abf4be,,clip_138.mp4,7.0,78,132,train
5c2420cf-88a9-4914-a88d-28abc6a5a8fe,,clip_278.mp4,0.0,6,60,train
5df91741-e18d-4291-844f-58ad0bd6c466,,clip_410.mp4,6.0,180,234,train
55980161-3061-4ee8-a2f9-4787802d2cb5,,clip_555.mp4,6.0,6,60,train
018a8a8a-f0e2-49fb-b1b7-204423f3a747,,clip_47.mp4,3.0,6,60,train
4384f14c-9b92-436f-a421-b8bb8abb9415,,clip_38.mp4,19.0,156,210,train
5e7689b9-fd51-4cb2-9c8e-2acaddf08aff,,clip_284.mp4,6.0,6,60,train
7c0da525-78b9-4695-9626-86c8de9be22d,,clip_204.mp4,6.0,306,360,test
f5ee1e84-339b-4c7d-923e-a9d8439900c6,,clip_465.mp4,8.0,6,60,train
336147e1-a2d5-43d7-87e0-543314baac7b,,clip_145.mp4,20.0,186,240,train
95e83ea1-81fb-44fe-8e55-0a41adb58fdb,,clip_216.mp4,3.0,6,60,test
93f532c6-280a-4d26-b211-b4a8e4567f16,,clip_19.mp4,36.0,120,174,train
6a91a78d-dce2-494d-9372-64006e4c5434,,clip_29.mp4,0.0,6,60,train
6997dc1f-1397-46c7-9a89-c6faa8028247,,clip_758.mp4,10.0,204,258,train
0873619b-262b-4640-aa1b-f1f6be234a8f,,clip_37.mp4,13.0,180,234,train
1bc398c2-d4bd-4eba-96df-8efdd02ee556,,clip_318.mp4,9.0,6,60,train
21fbddaa-1637-4d58-abaa-efc78b2c269b,,clip_437.mp4,17.0,234,288,train
4d5b8cd2-8a61-4a1d-8b42-df08d4656e7c,,clip_79.mp4,7.0,6,60,train
ac107c03-75e3-4080-9972-1c6443420cb6,,clip_332.mp4,10.0,6,60,train
b36d92c3-bcbe-4e46-8c93-948c828281f4,,clip_142.mp4,0.0,6,60,train
f2a6d6c1-d5be-4d09-ab57-bcc228be0e1d,,clip_736.mp4,2.0,6,60,train
a4e93a9c-3c39-4e6f-a75b-e15ea91ae3c1,,clip_701.mp4,12.0,288,342,train
2622e337-66d5-4877-9b30-6f20795b0f66,,clip_697.mp4,5.0,66,120,train
4bd88f2e-8a45-4d25-87ee-e5d9f98f58bc,,clip_575.mp4,16.0,150,204,train
0d8f2b75-2b21-4ce5-a584-dea8fd1bd8cd,,clip_246.mp4,4.0,6,60,test
1bb0635b-c0de-444d-a521-6e63c6a35a04,,clip_13.mp4,11.0,414,468,train
a3d0c214-47b5-48be-bcbc-5fa471dff6df,,clip_556.mp4,0.0,6,60,train
ce7b838d-2794-44d7-ae81-3c2d4fda40d4,,clip_51.mp4,5.0,6,60,train
7c341162-8259-4287-ab96-fb6441ef7757,,clip_200.mp4,5.0,6,60,test
e471849f-ff70-4ef7-bf8b-75d98d84ebc9,,clip_364.mp4,3.0,6,60,train
7c0b0e7c-5100-4d4b-ab13-5be971cc3db0,,clip_418.mp4,6.0,138,192,train
5c39a115-b994-4a14-b95b-80c891de4a38,,clip_582.mp4,4.0,6,60,train
8a688fe3-20ba-4f43-9514-0e118462f18d,,clip_160.mp4,6.0,96,150,train
2fc35139-5649-4358-a318-67b7fe6f0206,,clip_103.mp4,8.0,6,60,train
eb339dae-78d2-4af6-b065-d94907bb7d50,,clip_116.mp4,8.0,6,60,train
24b6dfc8-3ef4-47c8-9fb8-328a6598fbe7,,clip_213.mp4,10.0,372,426,test
fa8a181a-0792-45c6-8724-035a391ab114,,clip_681.mp4,9.0,6,60,train
8496f550-672c-4f61-b0b5-9d939af24d18,,clip_196.mp4,4.0,6,60,test
8fea9de3-8e39-4b98-a299-cc6d90e86c53,,clip_692.mp4,36.0,54,108,train
b95ac30f-9862-48c7-8d2a-83de54f56090,,clip_99.mp4,4.0,6,60,train
548acaa0-63fe-4445-a778-c0743602f6cb,,clip_744.mp4,4.0,6,60,train
729ab0c2-30ed-4f5f-8d08-184298503eb4,,clip_350.mp4,4.0,6,60,train
c136faf1-77b0-4e61-a69d-f437aa5dd0e2,,clip_455.mp4,0.0,6,60,train
3e108053-dba8-4abe-893f-f62452c1e4af,,clip_440.mp4,0.0,6,60,train
6651d7bf-d9ea-4571-8cec-3822f3fa667f,,clip_10.mp4,13.0,258,312,train
4622d5c2-365c-4f3d-9e7c-37cb34c0a61d,,clip_414.mp4,8.0,6,60,train
4e5e2428-7eed-404b-8413-db70ca777ee9,,clip_316.mp4,5.0,6,60,train
e55cd71a-8ed2-4736-b127-1fd4ccb6e003,,clip_70.mp4,2.0,6,60,train
613a0d53-99c1-4871-b2c2-ce0e9d259db9,,clip_140.mp4,23.0,198,252,train
43159118-f9be-441f-8196-3700ddac0004,,clip_406.mp4,1.0,6,60,train
e70a60d6-8fdb-4abf-b3aa-d7aa49c08409,,clip_293.mp4,10.0,360,414,test
cc80ca4a-a9d6-4f2f-96d7-79ea9002e086,,clip_312.mp4,6.0,42,96,train
d7132afb-6ab6-45b7-be9e-faee85ab88eb,,clip_702.mp4,5.0,6,60,train
57344e8a-3303-4e9b-a880-ccb82e0f92d9,,clip_58.mp4,0.0,6,60,train
1b08ae29-ae9c-462a-bd63-9dee863562ea,,clip_565.mp4,18.0,414,468,train
a212e6ff-4789-42e7-9fbd-afd0a390f945,,clip_82.mp4,22.0,786,840,train
9b2359f4-94d7-4b03-9e63-1bfdc5d59102,,clip_548.mp4,17.0,408,462,train
0446ca3a-c993-4a98-8135-e2bc5643e876,,clip_554.mp4,5.0,360,414,train
0ff44447-6de3-4b08-805d-c8537227e08f,,clip_104.mp4,7.0,198,252,train
a6e4aad0-d9ac-47bb-ab44-2f04d059baa9,,clip_32.mp4,5.0,12,66,train
62db7945-3b3e-4f17-a896-4638f28afc55,,clip_426.mp4,3.0,6,60,train
968cc53d-2253-4ed8-a720-7955f8e7f032,,clip_50.mp4,0.0,6,60,train
22e92ef6-b534-4680-a5dd-d4eb00e94ca5,,clip_42.mp4,9.0,6,60,train
5bbfac46-ded9-4e58-95f8-84904ea53273,,clip_195.mp4,6.0,84,138,test
c6cf6de2-e958-45f3-8f51-1fc7b925ab1e,,clip_20.mp4,15.0,348,402,train
76c532f8-293d-410d-8eb7-33407b6ec1a3,,clip_322.mp4,8.0,96,150,train
6560df9f-3eb5-460e-ac16-b209a0f78667,,clip_80.mp4,12.0,138,192,train
9805e899-087a-407f-8bb7-eaa9bce29728,,clip_457.mp4,8.0,150,204,train
5445d5dd-d71a-4852-b441-ac7b79a09b51,,clip_358.mp4,4.0,6,60,train
dd9fa2a0-13bb-48c6-aa47-f15c8afe47af,,clip_403.mp4,8.0,54,108,train
4b688523-023d-4fe3-9ea4-12ebf040cd3e,,clip_127.mp4,26.0,426,480,test
25bd2468-f93d-4818-9b35-8947bdf320e3,,clip_107.mp4,34.0,552,606,test
6cf555be-1e7a-4718-b4af-88cacb7edc99,,clip_460.mp4,2.0,6,60,train
28e2a5b2-ae6b-46ba-93f7-237eea0f9c9b,,clip_48.mp4,17.0,96,150,train
94cae078-8a05-4740-91bf-5eff20094560,,clip_781.mp4,22.0,690,744,train
90d2f86b-5879-4316-b8de-736f7a2a7a3d,,clip_201.mp4,0.0,6,60,test
42216cab-c822-4a05-a920-2c2dee2de913,,clip_4.mp4,8.0,6,60,train
81c9c79e-c400-45f7-9b42-521ea64bd5e4,,clip_141.mp4,27.0,378,432,train
df768722-c563-4466-98e1-4781920df14f,,clip_38.mp4,26.0,228,282,train
5d355124-0bfd-47ed-a78e-cebd2c44c270,,clip_49.mp4,6.0,102,156,train
4d5a7890-fe2a-45c6-a1ae-f277c16b0319,,clip_290.mp4,8.0,192,246,train
4296eafe-7f88-4daf-98d3-4c34c5384839,,clip_206.mp4,9.0,138,192,test
ba9c2fb7-0527-441c-8742-a1f909fff7ac,,clip_27.mp4,14.0,192,246,train
d8f21868-0b0a-4399-89a3-8b2b8a10f1e3,,clip_38.mp4,29.0,276,330,train
ea6a4a2e-cae8-476c-bdb2-611eb8782cce,,clip_750.mp4,1.0,6,60,train
629e42d8-c25d-4a5e-b055-0b033aff0e7e,,clip_92.mp4,4.0,126,180,train
6f875978-551b-4343-a29d-7d5b91b14f53,,clip_669.mp4,8.0,240,294,train
aa6032ca-edd0-4c85-91c9-e3d0c6048dbe,,clip_575.mp4,14.0,102,156,train
c53c260b-cc1c-45a4-bc0f-adc5d6cd4454,,clip_45.mp4,15.0,54,108,train
b3496a6b-8b31-407e-bee8-80faf0e16ed5,,clip_589.mp4,20.0,144,198,train
f6258fd2-e7e3-4ec0-b6d2-d017229d7d8c,,clip_377.mp4,15.0,120,174,train
d98105d8-e510-4162-a44c-fc3d15e644dc,,clip_784.mp4,5.0,6,60,train
c4b433aa-03a4-4b33-adbe-824f0b54453a,,clip_576.mp4,2.0,6,60,train
b12eb40c-3bad-4cc6-b9f8-9289b305c8f7,,clip_407.mp4,4.0,6,60,train
35cdba39-5e86-45ee-bc21-63cca9d97884,,clip_266.mp4,6.0,6,60,test
5cd9bd08-151c-41af-afef-479347d86dc3,,clip_302.mp4,0.0,6,60,train
0ea27c56-eab5-40c1-8973-5292881225bb,,clip_495.mp4,1.0,6,60,train
4d1d0d19-a2fd-4282-842d-c658594f7276,,clip_54.mp4,13.0,96,150,train
fc1d1722-715a-4a8a-b2b4-789b95118f51,,clip_376.mp4,9.0,102,156,train
83c5e651-72f4-4925-b143-8d73534aaf0d,,clip_206.mp4,19.0,708,762,test
4dcd538d-7f0d-4933-b1d9-57bbfcc51ace,,clip_347.mp4,7.0,6,60,train
d67bffdb-cdbb-4eed-80cc-b6cd9afb2e5f,,clip_319.mp4,2.0,144,198,train
5d5b1e78-e290-497c-a648-4948b5260436,,clip_155.mp4,11.0,306,360,train
c5fbe7cd-00ae-45de-bb2c-fbac4035474a,,clip_83.mp4,14.0,204,258,train
02bebde7-c60f-4e4b-a195-86322ed5c871,,clip_24.mp4,10.0,6,60,train
cfecd9cd-5a73-43f5-a1fe-4d3fbecb6251,,clip_434.mp4,10.0,6,60,train
6e088a1a-4ec6-41ae-8886-01c6b90ae1bf,,clip_465.mp4,18.0,414,468,train
dd547fc9-1628-4d27-ab81-3daf58448338,,clip_565.mp4,16.0,372,426,train
cc31b8f5-e2c1-4d4c-ab84-a15138012e26,,clip_439.mp4,0.0,6,60,train
4fc08df0-3335-4b33-83a7-fac2a9bd23c1,,clip_314.mp4,8.0,192,246,train
19f7da99-e03b-4705-a796-78e96d2581c2,,clip_549.mp4,14.0,132,186,train
1f2bbdd3-5faa-4478-883c-6519b2a0c48b,,clip_355.mp4,15.0,102,156,train
92e62e8c-68d0-41aa-b7ea-62d8d9eb1a66,,clip_386.mp4,3.0,6,60,train
31a54290-565d-47eb-b3fb-c6e60ee8c2d1,,clip_72.mp4,1.0,6,60,train
fdf122b6-091b-4266-b068-08ad983713b6,,clip_461.mp4,6.0,288,342,train
777582b4-f43a-4911-8dbc-c7150ea532ee,,clip_270.mp4,0.0,6,60,test
74c3ded5-eda9-478b-ba5b-227958209bee,,clip_60.mp4,8.0,6,60,train
64812316-5007-423f-84f2-f2b1d52c6cbb,,clip_577.mp4,20.0,240,294,train
c4862897-4bda-42f9-8803-b586ea8b840b,,clip_456.mp4,27.0,486,540,train
58996fdc-057d-4e7b-b93f-b11e872b2868,,clip_628.mp4,11.0,6,60,train
1a851ab1-c39a-4946-8fbd-8794b866e68a,,clip_445.mp4,16.0,576,630,train
7222cc3e-7040-41d9-ac6d-493d0fccdbd1,,clip_448.mp4,5.0,114,168,train
6c56e760-f109-4c5a-9950-4af7eca9a995,,clip_450.mp4,11.0,348,402,train
b4b9f087-5d38-4a4c-aa3b-855b9a5d5323,,clip_308.mp4,3.0,6,60,train
931ac194-ed89-475b-8c90-4172151a3ffc,,clip_426.mp4,13.0,600,654,train
b54d0d89-81bf-447f-91ef-21599d563b32,,clip_113.mp4,2.0,6,60,train
f252c3ce-ed46-4bea-8ce4-48232c797571,,clip_568.mp4,28.0,276,330,train
3a5b0801-e364-4b7e-b7f2-7aaa4900e8a4,,clip_377.mp4,12.0,6,60,train
6e0b6870-85c9-4d27-838e-3142ba1bdb7d,,clip_48.mp4,9.0,24,78,train
b095f6b8-5627-4bee-967c-1b36394ce996,,clip_596.mp4,9.0,30,84,train
d6a8b98b-597a-451e-92f2-c094b09063e0,,clip_361.mp4,9.0,6,60,train
ba3e0e7d-57de-469f-85e9-21742bd357d0,,clip_15.mp4,7.0,6,60,train
3aa62e15-cb2b-4b6a-94e6-ac1a5f1c4a1c,,clip_159.mp4,9.0,6,60,train
bd4d9494-6d7a-4add-bb13-c476329a2efd,,clip_376.mp4,12.0,348,402,train
c0aa5a70-4ec5-4ed1-bb0b-976dbfccad8d,,clip_37.mp4,9.0,84,138,train
ce5f9207-53de-4f73-9c50-687160a23c47,,clip_705.mp4,9.0,6,60,train
6c8ca495-0d2c-4a71-b34d-19dacb07dcac,,clip_702.mp4,0.0,6,60,train
40e68578-120c-4992-8efd-8b312f72b4de,,clip_41.mp4,18.0,390,444,train
5e5c2aa1-9c4c-464c-9d63-d05f35441980,,clip_1.mp4,25.0,1104,1158,train
698b3780-c0b6-46f4-93eb-3b87a52966fd,,clip_26.mp4,11.0,78,132,train
6a1cc195-803a-445a-8372-7110431a33d1,,clip_39.mp4,17.0,30,84,train
ab256462-008d-483a-8f66-f6a121566c30,,clip_41.mp4,9.0,66,120,train
8b5e168e-4d06-4270-9fe7-b8735bdba79c,,clip_684.mp4,23.0,210,264,train
4883896f-3786-4973-b1d4-4cfc47d3bf0f,,clip_66.mp4,8.0,168,222,train
832ec6f6-a651-4559-83b7-bccb1c017331,,clip_129.mp4,8.0,222,276,train
53f28446-1308-4beb-bb20-8235836bea35,,clip_628.mp4,39.0,420,474,train
11e47d73-c58f-4d9e-845d-441144309e86,,clip_491.mp4,18.0,84,138,train
4476067d-d4e9-41f0-9483-71c55e4afde7,,clip_454.mp4,4.0,120,174,train
cfabc524-10d3-4cea-b51c-8f6c07405682,,clip_440.mp4,5.0,6,60,train
b2b83e48-45e5-4339-9090-2a6c7e7cb83f,,clip_357.mp4,8.0,6,60,train
98fce851-7742-46b0-85bd-2109436d954d,,clip_455.mp4,5.0,6,60,train
46fe6d36-99b4-4292-987e-5f46b3c3a91f,,clip_76.mp4,2.0,18,72,train
97868b35-9fbe-450f-bbb4-00f66d6f117c,,clip_37.mp4,15.0,222,276,train
f47efe81-66bb-42b0-9921-530fb1ab8af1,,clip_207.mp4,9.0,6,60,test
c8791b74-45b6-48ce-bf00-90ebd974d7e0,,clip_41.mp4,12.0,54,108,train
172dcda1-afd1-4b3d-a160-85613024053b,,clip_31.mp4,19.0,246,300,train
983a3b9e-49cb-44dc-9d21-06232c92a477,,clip_211.mp4,9.0,366,420,test
ce0b8019-3bcd-4d72-a6fa-f9adc4369968,,clip_112.mp4,12.0,294,348,train
130df3f8-b11b-414d-8e1e-fb86d4886749,,clip_5.mp4,8.0,6,60,train
df2e5071-35c5-4056-966e-437f14791661,,clip_162.mp4,5.0,144,198,train
2236c0f9-7903-44d0-9895-dbcc60add6aa,,clip_228.mp4,2.0,6,60,test
0faa436d-b13c-473b-b079-7c749ccca113,,clip_763.mp4,21.0,306,360,train
c5a66a4c-9b4c-4aa7-8451-210703d74674,,clip_3.mp4,25.0,222,276,train
d4f30431-5771-4414-b8cc-74e5c6fcc592,,clip_29.mp4,9.0,312,366,train
2958505b-db1d-42df-8493-7255493294a3,,clip_690.mp4,13.0,300,354,train
daccc77a-d288-4f73-8be2-1e522501d5fe,,clip_312.mp4,3.0,18,72,train
606d952e-c363-4033-8ee3-9b937161043c,,clip_215.mp4,16.0,174,228,test
61a9dc2a-11ee-4bce-993d-07a59b66afd2,,clip_337.mp4,7.0,6,60,train
d34988b2-e39d-4707-aea0-355bd350758e,,clip_736.mp4,7.0,144,198,train
4ce65ffd-94ca-46e5-8f25-09605f0bfc47,,clip_284.mp4,3.0,6,60,train
aa50cfa8-8dcf-476d-b2ce-695a5a62f087,,clip_291.mp4,3.0,6,60,train
a980d035-500d-4e7b-b00b-f09aa4dcd676,,clip_14.mp4,7.0,6,60,train
2bc85fee-1e1c-4a18-b3f6-1c5b6a4072ea,,clip_462.mp4,4.0,6,60,train
d2b6e797-e059-4e04-bbea-7ab85ab48699,,clip_209.mp4,27.0,642,696,test
4634ba75-13c1-4a87-82cf-915f18eda36b,,clip_690.mp4,3.0,6,60,train
628b024e-d55b-40be-95f6-eee79a1507e0,,clip_728.mp4,3.0,72,126,train
f0072d9a-d767-41a0-94ef-4fb4090c31d8,,clip_761.mp4,9.0,6,60,train
c442a3a7-ea25-4c7a-a427-116d68383850,,clip_449.mp4,19.0,192,246,train
d458b328-9f5d-4cc3-965e-c01a9bd6aace,,clip_419.mp4,7.0,6,60,train
086c1c59-c8de-4559-a983-5895dbd0bfb3,,clip_278.mp4,5.0,6,60,train
b2b4d468-5882-4cd5-be07-1867d633dd68,,clip_134.mp4,20.0,150,204,test
65604285-4147-4966-a40d-39fb561ce9ce,,clip_412.mp4,9.0,114,168,train
251b1fd4-c5a9-447e-b3e0-38b51e74eb96,,clip_21.mp4,24.0,192,246,train
f98a24a6-3611-47c9-9638-a4e0eb95bcb9,,clip_459.mp4,13.0,390,444,train
8daf419a-8501-473e-b9f2-36263e12699e,,clip_729.mp4,4.0,6,60,train
a16310a2-727b-4337-91fe-47cba7e79885,,clip_125.mp4,13.0,396,450,train
e8893734-28c3-4b9d-ba10-186d9d0ee54f,,clip_405.mp4,2.0,6,60,train
7444b089-638c-4df6-96af-9940aefb7099,,clip_319.mp4,11.0,144,198,train
e6a531e0-c650-4c57-8ca8-6ccf70fc2491,,clip_549.mp4,6.0,6,60,train
6e3e442b-89f8-46f4-9c2b-6563e6b15e21,,clip_114.mp4,18.0,342,396,train
38f4b49d-8508-4745-acf9-f7ac5b08d46b,,clip_160.mp4,4.0,6,60,train
49848445-b0f2-470d-adc0-9644c4ea0636,,clip_577.mp4,14.0,6,60,train
24ab65e4-83ea-4119-8ed1-b3142713da81,,clip_763.mp4,14.0,222,276,train
97369baa-7e5b-4167-9ada-f36adc88710f,,clip_588.mp4,2.0,6,60,train
30f84bb0-2ba8-421e-ae51-da7baf1d9db2,,clip_698.mp4,8.0,258,312,train
7cfe0ee7-9bdb-46a9-9db2-414964f7ee9e,,clip_405.mp4,14.0,6,60,train
20a8176f-bd84-4806-9c9e-43ee8f618c63,,clip_554.mp4,13.0,258,312,train
7296c39c-7aeb-441c-bad1-7c8d2a1eb852,,clip_353.mp4,7.0,6,60,train
db0ac537-5f5a-4563-8e30-aa0607b8fe6f,,clip_230.mp4,8.0,6,60,test
158e8124-cf65-460a-842e-b14d59f32b86,,clip_35.mp4,0.0,6,60,train
45c6bedd-de7f-4789-b839-0b469f683b16,,clip_95.mp4,5.0,90,144,train
5b422029-0bc4-4115-b113-60506b20ce0e,,clip_549.mp4,20.0,576,630,train
cf0a60f3-c563-4e06-84c1-b9417a33b1a4,,clip_42.mp4,12.0,6,60,train
872c1616-4819-4cac-a024-22f8a9056f63,,clip_128.mp4,36.0,372,426,test
eedb4c3b-27a8-429a-b0ed-5e1051848ada,,clip_684.mp4,6.0,6,60,train
d5efc4b8-071e-446c-a49d-90111a289454,,clip_181.mp4,2.0,6,60,test
2ed8788e-bc0f-499f-966b-bf2d0bb10dea,,clip_407.mp4,12.0,372,426,train
5af23b0d-c21f-4f4b-8dfa-6316a95effc5,,clip_37.mp4,20.0,300,354,train
3e9cc057-ec7b-4c7d-bca5-9b5a2eb0e3e2,,clip_314.mp4,7.0,102,156,train
de73d280-5a54-48d8-a0da-cd874c00e400,,clip_422.mp4,27.0,378,432,train
589f315b-9144-4ae7-9371-e0b30e09868d,,clip_92.mp4,10.0,258,312,train
97426895-a331-46e7-9644-deaa640e4860,,clip_40.mp4,10.0,6,60,train
47842ab1-98bc-41df-a774-b5b42d22f546,,clip_34.mp4,15.0,216,270,train
80e68f76-4094-4443-9cfe-80cc162f7cd1,,clip_202.mp4,3.0,6,60,test
a5469314-9406-483a-b7ea-41dec6daa4e1,,clip_380.mp4,10.0,246,300,train
b9d47887-da8c-401e-b701-0ce199350415,,clip_628.mp4,38.0,360,414,train
e852dc43-041b-4ba7-8f85-34221dcf4eaf,,clip_425.mp4,0.0,6,60,train
c28eb9f1-e224-492a-b614-4ebdd0feffc4,,clip_422.mp4,9.0,6,60,train
b49bd0c4-62c3-44be-80f9-9536933d6250,,clip_117.mp4,9.0,144,198,test
733ee6f9-2e02-4e0c-bf16-e1b13fdca7d8,,clip_38.mp4,15.0,60,114,train
1a13f3da-502f-4b4a-aaed-04e38793bbab,,clip_387.mp4,10.0,24,78,train
ebca5c16-be7b-4c92-a2dd-9a61abe16a1d,,clip_549.mp4,18.0,516,570,train
44a127b6-0c83-4690-9bab-e1b55a2083b0,,clip_40.mp4,25.0,306,360,train
e04e70bb-6d8d-4d42-bcee-41db4ac27423,,clip_451.mp4,12.0,126,180,train
4c120f05-8fa6-4032-92f7-503086ccad38,,clip_279.mp4,0.0,6,60,test
aeabea0a-c649-4755-8670-6874a9777608,,clip_40.mp4,15.0,42,96,train
9a64229e-2b0d-416f-89b6-678161d731f4,,clip_375.mp4,10.0,204,258,train
73ce04ae-b5ce-44da-b9b4-6773024ffcfc,,clip_548.mp4,3.0,6,60,train
f9400feb-eae1-49e9-941a-c67fd297feff,,clip_152.mp4,23.0,342,396,train
3097fbea-1def-4f3d-94a2-cfe9a16bc353,,clip_19.mp4,15.0,6,60,train
ef619397-2bc1-409b-9957-d27cea4487ed,,clip_496.mp4,2.0,6,60,train
03812c09-17ce-4c5a-9478-8e929f10eca8,,clip_568.mp4,16.0,108,162,train
e7c90a09-9bc1-4552-b184-d749a5527f77,,clip_67.mp4,4.0,6,60,train
ea24e12f-384e-484d-984a-2cf37be50e56,,clip_72.mp4,4.0,6,60,train
c3d37d36-1f64-41b9-8310-8af9c8f87532,,clip_314.mp4,3.0,6,60,train
60e513ec-6905-411f-bf95-f91b0753cc8d,,clip_442.mp4,6.0,6,60,train
5fb83614-f005-4f42-92ee-81cf7f4ad570,,clip_223.mp4,4.0,6,60,test
7227606f-30c1-4be6-846e-b7cecfacb967,,clip_236.mp4,4.0,6,60,test
b0c4a113-4ea7-4cd2-adba-89ce36f62b78,,clip_692.mp4,42.0,66,120,train
5dbcb8e5-635e-40f9-83f3-cdf633b95317,,clip_609.mp4,17.0,360,414,train
f1ba3048-8970-4a0e-911b-8e9f52a71d6f,,clip_384.mp4,13.0,108,162,train
a8f86af2-c408-4da6-84d8-3d9e7b49efdf,,clip_132.mp4,0.0,6,60,test
1fe50e50-8b04-4769-91a0-0e2bad871d4b,,clip_2.mp4,5.0,186,240,train
aab89bda-3efe-4fbc-84bd-53ec5779b00f,,clip_9.mp4,7.0,6,60,train
4b3a30a9-e7b8-4c2b-bf9c-c034fb18b66b,,clip_438.mp4,10.0,60,114,train
908574f2-eb16-4681-8fe9-8310a8437feb,,clip_703.mp4,5.0,6,60,train
66498fff-0ccf-48a2-85aa-c77c99305472,,clip_215.mp4,20.0,264,318,test
58949879-2f8e-424f-966e-e8b84226d207,,clip_773.mp4,16.0,156,210,train
9d9e0552-3de6-402e-b672-24f12eccae2c,,clip_423.mp4,5.0,24,78,train
a2ce7856-1395-4dbb-91c8-99f93d100342,,clip_35.mp4,22.0,354,408,train
f5ae95e4-0ab1-45fc-8180-52bc13afecbf,,clip_103.mp4,18.0,186,240,train
c7d26d15-f8d3-440e-9050-72e8793ab96d,,clip_48.mp4,18.0,198,252,train
9f158cf1-9703-4fc4-a68c-1fd0e8295ad1,,clip_64.mp4,2.0,6,60,train
290520ed-3b69-4627-a342-ea644acd94c6,,clip_608.mp4,18.0,330,384,train
aee0dd18-57fd-4c6d-8799-ab2e8986df1e,,clip_468.mp4,7.0,48,102,train
37dad80e-72e8-43e0-8ec5-d5dee052110a,,clip_208.mp4,0.0,6,60,test
5ec34246-1468-446e-8ed4-c2876bf6232d,,clip_469.mp4,2.0,6,60,train
5b8d1ae5-15ce-42a9-be36-852667368ce9,,clip_177.mp4,3.0,300,354,test
af8d2138-4047-4a18-921b-d7b513f3bd55,,clip_446.mp4,20.0,60,114,train
552033dd-af9a-406c-bb47-6a0c92fb5100,,clip_131.mp4,6.0,6,60,train
f1b78260-e7d2-4b46-a4b4-bd71c24d683e,,clip_763.mp4,18.0,30,84,train
36bf0e0e-2af9-4d59-986d-4337f6027ecd,,clip_212.mp4,20.0,396,450,test
20de7be6-9c0b-4564-8b97-23fe94a14ee1,,clip_771.mp4,3.0,6,60,train
aec9e4ef-ac4b-4e8b-9d81-27bb49eca297,,clip_48.mp4,12.0,48,102,train
32111678-0635-44ce-a601-df94fb74c557,,clip_229.mp4,7.0,6,60,test
dacdd8f0-56d4-4716-9301-71812447bcd4,,clip_331.mp4,18.0,300,354,train
a5bee1a1-8b0c-40af-a9d8-7bbf59528965,,clip_680.mp4,9.0,6,60,train
87505215-70d7-414d-82b2-a882943fd0d4,,clip_69.mp4,10.0,120,174,train
a2bd2798-2ce6-41aa-8b33-b35e42da7876,,clip_128.mp4,29.0,252,306,test
956ef5ac-47aa-4312-89c9-f95d8c9e2547,,clip_549.mp4,16.0,264,318,train
eef84418-db4e-4ca1-bd1c-328197173c22,,clip_91.mp4,1.0,6,60,train
29562cca-754c-4274-b416-00822c56bbac,,clip_628.mp4,7.0,6,60,train
44b829e0-84a2-4393-88e7-9dfad9435d2d,,clip_744.mp4,18.0,120,174,train
8b3fd3a4-5b91-4702-bf2d-1f43f6b11a64,,clip_128.mp4,24.0,366,420,test
dfb81b29-dd02-49ff-842e-380129e2be9f,,clip_45.mp4,5.0,6,60,train
701a630a-e124-48fe-9221-f9c48ae83c8a,,clip_182.mp4,9.0,258,312,test
f391b534-67fe-4bbe-98d2-f794962cad2d,,clip_433.mp4,6.0,6,60,train
29ab328c-515a-463d-808e-edac16fc5dfe,,clip_323.mp4,2.0,6,60,train
09e995ff-5b8c-48cc-8793-44c916c0df38,,clip_252.mp4,4.0,6,60,test
20088203-b53b-4afa-87e2-ab28b4166aee,,clip_61.mp4,30.0,300,354,train
326f9a0a-930e-45e1-b104-93f22fd2fc81,,clip_133.mp4,13.0,42,96,test
7a9a2e75-5ff9-4c6b-b8ab-6c5b8030966a,,clip_462.mp4,16.0,186,240,train
1d1e9c1e-6b23-465d-857d-645277973bf3,,clip_124.mp4,6.0,384,438,train
e37353b7-6706-4556-8cb2-73fd4f58eeed,,clip_698.mp4,2.0,18,72,train
d87d60c7-2510-4a7b-840e-bf7aa31051bf,,clip_138.mp4,14.0,396,450,train
00c8566b-d671-4569-8357-a89fd79bb87b,,clip_43.mp4,0.0,6,60,train
e4d4ee77-2774-40ae-9b76-6c8d73f6e289,,clip_237.mp4,7.0,48,102,test
071e4756-4320-40e2-9992-4307992d707d,,clip_48.mp4,20.0,264,318,train
54259657-aefc-4f8f-9380-7dce3c466230,,clip_408.mp4,1.0,6,60,train
4dee3181-f3d7-418e-8f06-b6c47a1efd4d,,clip_184.mp4,1.0,6,60,test
932671f6-5370-453f-a502-be60380d9f80,,clip_196.mp4,8.0,6,60,test
a1cde3e5-745f-4824-b44f-bf0ef3ef1fd1,,clip_681.mp4,5.0,6,60,train
2c0cb0be-fa71-49ff-95e6-489ea66ea8e6,,clip_226.mp4,11.0,24,78,test
7cecc42d-cb0b-4aa9-8881-375da0729845,,clip_280.mp4,5.0,6,60,test
c074e466-353e-4a12-9ebc-9fefe4389107,,clip_177.mp4,1.0,372,426,test
a59e8d0b-1223-4989-a42c-3170ccf8e854,,clip_207.mp4,0.0,6,60,test
37829f8c-a5b2-469c-8923-783ff5753cde,,clip_10.mp4,1.0,6,60,train
d6ff8fff-379b-4245-87e1-9aabbad65e2d,,clip_24.mp4,6.0,6,60,train
ebfb5705-a581-43eb-a589-12d6b78b34a7,,clip_345.mp4,8.0,6,60,train
3a6b499a-46a2-42fc-b6ba-b877ca2692a0,,clip_124.mp4,19.0,390,444,train
939bf2ca-862e-4aae-b992-032d39c4dd57,,clip_447.mp4,5.0,6,60,train
e4dea2a1-7e7d-415a-8db1-ab9c7703443e,,clip_273.mp4,20.0,210,264,test
8d716b7c-164b-41f9-897e-c9217eabc644,,clip_565.mp4,11.0,168,222,train
77af484d-7a57-4718-8247-f27154cb16f1,,clip_157.mp4,15.0,6,60,test
47770476-15d6-45d3-9287-ef9db48aa9f2,,clip_46.mp4,26.0,114,168,train
e1077a78-928c-4954-9c33-b6bdd06e7cd3,,clip_466.mp4,21.0,240,294,train
1de886dc-926b-45e0-bc33-254a9ebfa180,,clip_90.mp4,17.0,120,174,train
4e83d214-1266-4fba-8de9-ecae58ba139e,,clip_558.mp4,0.0,6,60,train
a411f76a-a0a5-4801-b2c0-24f2a2e61a66,,clip_380.mp4,8.0,18,72,train
95f725cc-0564-4efa-9bc8-89c1500f3800,,clip_546.mp4,6.0,30,84,train
c96283ef-0b8f-4c00-9796-057f27c0db8f,,clip_412.mp4,10.0,126,180,train
707ba907-00f0-4a1c-a436-687f417a43cb,,clip_159.mp4,0.0,6,60,train
ee60c745-a507-4b9b-a38a-faeb10200105,,clip_493.mp4,1.0,6,60,train
45b33eca-440e-47fd-8db7-f22d345cfdbd,,clip_118.mp4,10.0,318,372,train
fbe8ff4c-f0b1-4cda-9498-ded3dd6a92d4,,clip_102.mp4,18.0,396,450,train
79cbfea0-c7ba-4f82-8fba-90c783d58e27,,clip_304.mp4,0.0,6,60,train
79bad8eb-fbcf-43ee-8e6a-13260dde2552,,clip_44.mp4,11.0,180,234,train
3377de50-f3cf-4b33-afce-20d2220fce2d,,clip_311.mp4,0.0,6,60,train
5b38e586-e93a-40c0-8df3-6feeb7303999,,clip_675.mp4,5.0,138,192,train
456040d1-8108-4802-8f80-cd73e5e4c0a0,,clip_109.mp4,7.0,6,60,test
9a83f3a7-c9ae-4e76-9599-c8ee490955c9,,clip_195.mp4,14.0,390,444,test
c0ed0cad-26db-41fb-8979-490965825c6a,,clip_141.mp4,21.0,282,336,train
5e2ab2ee-7511-4c8b-9e76-d808bbbb71fe,,clip_547.mp4,1.0,18,72,train
2b68e0ab-d642-450f-bc56-7523957a2435,,clip_32.mp4,0.0,6,60,train
bf28fa1f-eaa7-4c9d-993e-954f84e89168,,clip_147.mp4,24.0,264,318,test
175eb374-3cb6-4d7b-a9f1-765289128c97,,clip_146.mp4,7.0,366,420,train
eeb63050-2fe9-4f22-aae1-edb108d4d742,,clip_196.mp4,23.0,444,498,test
640213db-3747-4cb5-bbd9-f6d6afa7a245,,clip_376.mp4,28.0,828,882,train
80ff3184-6fd1-4679-970f-c802629f0fee,,clip_172.mp4,4.0,6,60,test
9189e746-1a59-4fce-92d2-06d4c69a14e1,,clip_706.mp4,6.0,6,60,train
94b3cebf-e752-4820-a4a2-774b5cc7cfe4,,clip_40.mp4,27.0,330,384,train
13f5c227-4879-4082-b1cc-441bc4dda576,,clip_49.mp4,3.0,6,60,train
066735cf-cffa-4930-9671-05d951c5de7c,,clip_638.mp4,17.0,288,342,train
603481c5-4972-4f88-a3af-18f220f43ee2,,clip_42.mp4,24.0,354,408,train
01eceed7-2b7d-4262-b236-ae7ace646fb7,,clip_9.mp4,15.0,6,60,train
40478928-05a4-45e9-9071-f88a4dc87d5e,,clip_684.mp4,22.0,186,240,train
bea74940-a96f-4cd4-8492-09f8141f9fc7,,clip_276.mp4,0.0,6,60,test
7d037d06-a41f-4498-9f61-064e8b41ff6e,,clip_74.mp4,1.0,6,60,train
8289fead-c14a-4b10-b5a7-e4dcb7d3301d,,clip_380.mp4,3.0,6,60,train
cb1f2465-d5c0-47ae-b9b7-b93326327eac,,clip_490.mp4,7.0,6,60,train
1262dba9-4e14-4b39-8871-41d034613f30,,clip_205.mp4,18.0,480,534,test
6f36a6db-91f0-485c-a242-460029a287d9,,clip_90.mp4,18.0,126,180,train
15bfb0ae-7f92-43b8-beef-54a8b5ccef25,,clip_124.mp4,25.0,408,462,train
1df749ca-16f1-429f-9ad4-fca932baf186,,clip_40.mp4,6.0,6,60,train
55cd483d-a5b8-49e0-8ca4-833d2d801e7c,,clip_688.mp4,7.0,48,102,train
ed11f4b7-b3e1-4a14-a86d-8b89a8c81a70,,clip_82.mp4,19.0,414,468,train
83e0c872-78c0-4147-9ac6-a024e3c61e7c,,clip_90.mp4,20.0,294,348,train
82ffc96f-1052-469a-9d4d-12648f6140d8,,clip_38.mp4,16.0,90,144,train
9737f179-3314-400b-bf2c-7d510a9b9c4e,,clip_318.mp4,15.0,246,300,train
982db00c-bbb3-4b34-80ff-9dd647b835e1,,clip_133.mp4,27.0,192,246,test
49d90009-d438-4621-871b-4429051fc485,,clip_605.mp4,6.0,6,60,train
c97e783d-fddf-48c1-80ef-1dc8016d3a53,,clip_466.mp4,27.0,456,510,train
60e82a66-eba3-413a-aafb-fe739e745932,,clip_465.mp4,4.0,6,60,train
0d01a6ff-307b-46b5-88a5-7c62948e9b38,,clip_103.mp4,15.0,102,156,train
a6e18b7b-a9a2-4dfa-8124-d3da2506f302,,clip_123.mp4,18.0,36,90,train
3526b90e-1194-47d2-8e7b-c4a3acd51cb0,,clip_59.mp4,9.0,60,114,train
0908acbe-2fc3-47b1-9ae0-6df815a93177,,clip_135.mp4,0.0,6,60,train
2ad4fa96-5a05-4076-b9fb-46450157d4ee,,clip_208.mp4,14.0,414,468,test
bdfcb8df-d806-4818-85a3-69e6aa9f5c8d,,clip_618.mp4,6.0,6,60,train
96d02c0c-f9d5-4ff9-a201-942f8a83094e,,clip_231.mp4,4.0,6,60,test
49941068-824e-4048-82dc-f55370342c14,,clip_355.mp4,2.0,6,60,train
acb0f6d9-dae1-407e-9689-ac0f452b5046,,clip_781.mp4,19.0,546,600,train
ff7db06b-0a7a-43f7-bb49-0e6ac84f2e76,,clip_60.mp4,4.0,6,60,train
105a4d97-ff96-4ba8-ae25-717c5e3c4988,,clip_201.mp4,6.0,36,90,test
88b25c00-5aac-4d91-9adf-eb96061105b1,,clip_375.mp4,1.0,54,108,train
94e79b9a-a4e5-4cd7-b074-6aa6738244b8,,clip_560.mp4,8.0,6,60,train
7579644e-1335-4e1a-87dc-be8c7695db95,,clip_549.mp4,10.0,66,120,train
ebfe1f5a-938b-4c8b-91d9-f0b81792b8e9,,clip_381.mp4,6.0,6,60,train
c32d0e1f-ea5b-44f3-b30d-a5a016c162ea,,clip_676.mp4,5.0,6,60,train
c1b4472c-b807-42c0-9183-c686af9a63f7,,clip_458.mp4,8.0,330,384,train
77144a76-e304-4241-9a6e-b14f194481ef,,clip_401.mp4,10.0,6,60,train
ad7b54b1-f5df-417b-8f54-2aa6c4185648,,clip_96.mp4,16.0,204,258,train
cf17b1bc-3b1b-4533-a21d-8a35d32c5e88,,clip_27.mp4,13.0,138,192,train
34503b44-f8d4-4681-a92e-91ab4f0c8e79,,clip_247.mp4,21.0,198,252,test
d33a2d88-5aec-470d-9eba-21941b295cc9,,clip_414.mp4,11.0,6,60,train
844aea29-ce68-4ed7-80e0-ec94a1ceb152,,clip_685.mp4,15.0,240,294,train
5ce813e8-f7a1-4e29-b23f-20874366295f,,clip_62.mp4,24.0,180,234,train
ebe32fec-2b53-4b7e-8420-fe865d273989,,clip_48.mp4,28.0,384,438,train
63e4a819-4077-4bc7-b82d-b35e47b4f19f,,clip_118.mp4,8.0,282,336,train
cc4a8e45-88ce-4c5d-98dd-d8d74b497c1e,,clip_48.mp4,15.0,84,138,train
3aa1c63e-f296-4ec5-a649-04ad41804f30,,clip_147.mp4,23.0,240,294,test
0aff8ba4-943b-4b67-8561-b5ab989363dd,,clip_456.mp4,24.0,312,366,train
46a581a2-dd89-4bcd-b216-cc54919351dc,,clip_332.mp4,4.0,6,60,train
f8026fce-a9c0-479d-9967-676ff2103f42,,clip_216.mp4,10.0,6,60,test
1bd00b2a-6e65-40bf-bdb4-cb76c6aeb01f,,clip_39.mp4,11.0,6,60,train
61cc3c56-7e6d-4903-8a38-7485812182ba,,clip_290.mp4,14.0,390,444,train
3dcd8119-8aaa-4768-a852-b284ba3e9127,,clip_205.mp4,3.0,6,60,test
b415d4a1-1c73-44be-bc32-8958cfdae6a4,,clip_739.mp4,10.0,360,414,train
51fddf4c-596d-40ec-bee5-cb69caf8887d,,clip_18.mp4,32.0,222,276,train
84b00ace-a755-4bc9-8888-ec1b17a98b92,,clip_35.mp4,19.0,288,342,train
9c18f1ba-b644-40da-9f01-d66fe794e382,,clip_4.mp4,16.0,282,336,train
8733d281-5988-4332-aa4d-1fa4d4769448,,clip_355.mp4,20.0,156,210,train
8ba8b479-3fa9-4fcf-89ce-aec4eb575050,,clip_101.mp4,7.0,6,60,train
5923d762-a773-4b0a-bad3-0d24baa3f6b4,,clip_34.mp4,18.0,354,408,train
73fe618e-299c-4ba8-b155-765007e28dca,,clip_683.mp4,6.0,6,60,train
78eea354-d982-4d37-a3c2-02ab300086a0,,clip_722.mp4,6.0,270,324,train
07ff49c4-c42d-4a3c-8d22-59c09fba307d,,clip_730.mp4,2.0,6,60,train
8da11ca8-d056-4d06-981a-c74e7548f9c3,,clip_34.mp4,10.0,126,180,train
e1298604-9c3c-48db-9d18-f6671f09f53f,,clip_309.mp4,16.0,78,132,train
89f51a9a-c964-4e2a-897e-760b33b896e0,,clip_81.mp4,14.0,6,60,train
4df29473-10e0-47c1-92d2-27b7cd89e17c,,clip_319.mp4,0.0,6,60,train
71952f8b-7f51-4858-8548-61c0e967c4f6,,clip_268.mp4,6.0,6,60,test
fd7ff362-33ca-4476-906e-5821288476a8,,clip_203.mp4,8.0,192,246,test
49e20948-25b3-4afd-a4c9-d85364809c59,,clip_36.mp4,16.0,384,438,train
3ad14599-e28e-4379-9e25-ed8b6ef6917c,,clip_376.mp4,20.0,390,444,train
3423b4fc-2693-4dfd-9c63-9b8b346e6f9a,,clip_48.mp4,22.0,294,348,train
50cfd01e-4134-4c9e-ae4c-7aebc3a14238,,clip_434.mp4,6.0,6,60,train
4ae14ed3-dfd5-43d3-855b-94d6b4d3f17e,,clip_433.mp4,11.0,306,360,train
92cf2ed6-890e-4436-a436-24a4c7308a9b,,clip_708.mp4,5.0,138,192,train
d6f92273-0ee1-42be-8e5e-dbd579b21ed1,,clip_462.mp4,14.0,84,138,train
f9e582ed-6e64-4bcd-a4bd-672a6e42753b,,clip_120.mp4,6.0,180,234,train
73518dc1-bd65-4316-93cd-6ef9aa66985c,,clip_584.mp4,4.0,6,60,train
af15c14e-4c73-4c0d-a479-425914d4ceec,,clip_294.mp4,0.0,6,60,train
b1e830d1-fd4a-4662-b034-0221c6b5d799,,clip_7.mp4,9.0,84,138,train
0452b590-aefc-44a1-b928-ade2f65af47e,,clip_59.mp4,6.0,42,96,train
e4a87e92-4469-427a-a975-2d4dfa003222,,clip_467.mp4,7.0,6,60,train
3610fbf9-ab0d-44be-b704-a4a47be48013,,clip_377.mp4,3.0,6,60,train
ef6bd403-a0a8-4246-8373-41cc53870406,,clip_213.mp4,5.0,6,60,test
bc04ee45-db6e-4d2e-b5de-b422d0f34992,,clip_375.mp4,9.0,186,240,train
efa36177-7f8e-4dbd-a5ae-e4c9cdc40c04,,clip_272.mp4,13.0,18,72,test
32bcc428-1b48-4086-b825-fa5afb637547,,clip_763.mp4,3.0,6,60,train
fb6eec60-9818-4701-b7cf-7cb0e0868d5d,,clip_105.mp4,8.0,6,60,train
a0da626a-618d-4dfb-8cc6-585fb354675c,,clip_681.mp4,19.0,420,474,train
6885ed68-16e7-47cd-ad77-a12ce6bf2404,,clip_757.mp4,4.0,6,60,train
40225fb5-51ba-4d46-8659-f2ed51db75ce,,clip_633.mp4,2.0,6,60,train
533b3bf4-03b0-4158-9998-b2895e07264b,,clip_136.mp4,6.0,6,60,train
68f44549-d734-4a1b-a22b-c8daf6a2595d,,clip_680.mp4,23.0,156,210,train
f8832274-c998-48ce-9054-d1563bfbe591,,clip_744.mp4,16.0,66,120,train
777dab36-fa14-4b76-a215-3756cbe6eb33,,clip_689.mp4,5.0,6,60,train
c32812af-5c79-4931-9257-8432fae41405,,clip_356.mp4,4.0,6,60,train
5c4ac5a2-16fe-469e-b630-02da681ead5a,,clip_377.mp4,19.0,306,360,train
f679910f-38e1-4f50-81ac-c1dc05f5ab80,,clip_332.mp4,12.0,72,126,train
db062675-523b-4174-a3b6-7d0feb3ea18c,,clip_492.mp4,4.0,6,60,train
9de429f9-02aa-4486-b032-78063d6de7c4,,clip_577.mp4,15.0,24,78,train
4b28c9da-10dc-4c05-826a-db3035ba73a3,,clip_98.mp4,25.0,330,384,train
d132b88e-e3b8-4201-a605-d3a46085352d,,clip_400.mp4,1.0,6,60,train
a9a603fe-105b-47d4-b60b-74e649742814,,clip_249.mp4,1.0,6,60,test
1fc290f1-bba1-4c4c-bbb2-773000054367,,clip_784.mp4,9.0,6,60,train
58cd606d-75ca-4e88-9ee1-fc821f8234a3,,clip_35.mp4,20.0,288,342,train
30a68010-28d4-4942-ac14-31c807c6ef3e,,clip_249.mp4,10.0,108,162,test
767f854d-50b4-406a-804a-22b77160fcde,,clip_499.mp4,17.0,318,372,train
9d0d6b8f-62c3-46ba-af6f-71509f2eb4d8,,clip_117.mp4,2.0,6,60,test
56a60779-4b4e-4dac-9cee-485bba8cb09c,,clip_771.mp4,9.0,6,60,train
a96917e7-308a-4e68-9ec1-8dff34c93230,,clip_117.mp4,7.0,96,150,test
a35c492f-d899-4b91-b3d3-3b080dceedb9,,clip_44.mp4,8.0,18,72,train
dd00deb4-48a0-4d39-a244-7f6df6de399a,,clip_83.mp4,2.0,6,60,train
4e72098d-e4c6-4a97-87a2-6809608fad9e,,clip_281.mp4,3.0,6,60,test
0158f275-5ff2-46cb-adbd-5053dab4fab6,,clip_31.mp4,17.0,186,240,train
52167006-37cf-42a9-b0b8-1f655ea2a0ae,,clip_467.mp4,4.0,6,60,train
8779b599-10a2-49fb-976f-864c590cdd92,,clip_206.mp4,6.0,6,60,test
530c9add-8cc7-43d0-9be8-9e5dfc9aa48a,,clip_119.mp4,10.0,6,60,train
16e83927-21df-4471-8f4c-fe8953c3567b,,clip_445.mp4,9.0,18,72,train
a078a081-785e-4762-a58e-0c7321840007,,clip_6.mp4,7.0,36,90,train
e70971b9-5188-4e76-b54c-293328ea3f51,,clip_268.mp4,5.0,6,60,test
dcd1a9b3-486e-4bf3-8ce6-e4a90a922b95,,clip_589.mp4,11.0,6,60,train
849c2330-1b4f-4e57-82f5-bea97fdd21d6,,clip_410.mp4,2.0,72,126,train
696d00be-e007-4209-885c-1f1142536928,,clip_1.mp4,26.0,1194,1248,train
d540ce95-a0fb-413d-b0c3-dd8ec54f2430,,clip_120.mp4,5.0,54,108,train
e696f840-4360-4623-be98-bf586e592a6a,,clip_492.mp4,7.0,6,60,train
2ab03528-148b-46c0-8bad-878c88279b36,,clip_382.mp4,3.0,6,60,train
29af0455-c86b-4ba4-acad-c22ec2129c7a,,clip_184.mp4,6.0,210,264,test
55efb8f1-afa0-4b8e-84e2-66ad210505b8,,clip_564.mp4,4.0,6,60,train
cd979f74-ee51-4f53-9f20-847d50a9961f,,clip_62.mp4,32.0,366,420,train
3c94d0b2-fef8-4385-8d0c-93637a95c8a1,,clip_277.mp4,11.0,6,60,train
a5dbae67-64bb-436c-b3f4-e7b7b60b8792,,clip_356.mp4,7.0,6,60,train
664136e2-6cee-45b4-a8f9-877b9d456a81,,clip_680.mp4,28.0,396,450,train
347af237-41f3-45be-9e5e-c09032090d43,,clip_4.mp4,21.0,354,408,train
0e2b8cd3-b16a-41ea-8c39-ace8936cd49c,,clip_418.mp4,3.0,102,156,train
b6ff3928-4681-487e-8854-7347e18f3afa,,clip_136.mp4,5.0,6,60,train
ebb214cb-22df-47ca-a530-415a820f06d3,,clip_123.mp4,5.0,6,60,train
c5ad020e-5b31-47be-a315-d2d3582a13a4,,clip_548.mp4,9.0,6,60,train
70cf662a-981c-4d5a-825e-c0d9334b813e,,clip_62.mp4,22.0,132,186,train
127f45bd-6832-4835-85f1-199c44cefcae,,clip_416.mp4,4.0,6,60,train
a206a1a8-d7ab-46af-b7b0-878f8e343696,,clip_403.mp4,4.0,6,60,train
3fead38d-dfd5-4426-b2f3-9600797fdc9a,,clip_28.mp4,10.0,12,66,train
ae25308a-3c4a-4f8c-84c7-0eb6c6ff13e2,,clip_313.mp4,0.0,6,60,train
532e2266-08be-44da-8873-552d8d99071c,,clip_316.mp4,0.0,258,312,train
0d73c1ae-3719-4c6a-99ed-d5225774a58a,,clip_36.mp4,17.0,402,456,train
39bda0e8-3fde-4191-81d0-eb34e03d8a56,,clip_612.mp4,5.0,186,240,train
cf179cd6-4ca0-4472-841e-75842a28e43c,,clip_422.mp4,22.0,150,204,train
d20b5f18-9b5f-4095-882e-972448734f7f,,clip_26.mp4,6.0,6,60,train
48dbe2bd-1db0-4e79-950f-ba2b9f1cdcc0,,clip_456.mp4,29.0,528,582,train
8a46d4ca-e9c7-4d26-9cc8-c1696badae0b,,clip_361.mp4,12.0,96,150,train
c3c71cd3-2ce1-497a-bdef-120b13f7bc4b,,clip_422.mp4,20.0,126,180,train
1d45089e-47fd-4354-ad6b-3944d90e60b1,,clip_761.mp4,11.0,6,60,train
b572c016-9e96-4cf1-aa73-799852b6953b,,clip_193.mp4,32.0,384,438,test
a6f3d03f-8003-42d1-a659-48513de500fa,,clip_120.mp4,3.0,6,60,train
b26474e1-72a3-47dc-9ab4-2c3631ce7b6e,,clip_36.mp4,6.0,108,162,train
1cc5bd9e-bc20-4bfb-94bd-4b7c4d31b616,,clip_775.mp4,6.0,6,60,train
ad1ad2b9-f3c4-4f7d-80f0-9fba3730b083,,clip_230.mp4,11.0,72,126,test
6385729e-11b1-4e40-a382-425f7701caba,,clip_186.mp4,1.0,6,60,test
a9df917d-bbb1-46a4-94ef-7ed89d94c779,,clip_464.mp4,2.0,6,60,train
09070331-5215-4673-80d8-568023a2ff96,,clip_80.mp4,16.0,162,216,train
6ea3c3ba-3472-48ad-8117-74071bfa76be,,clip_210.mp4,0.0,6,60,test
aaf5d9be-1698-4fb1-bce8-d106ef52d48a,,clip_205.mp4,0.0,6,60,test
f9983d63-8629-4fff-80ac-11f9aa25a2a2,,clip_39.mp4,12.0,6,60,train
d5847865-de76-4467-8005-7dbbf728b6de,,clip_95.mp4,4.0,6,60,train
5640dbd3-b103-41d7-89b8-325e48f91d4e,,clip_199.mp4,5.0,120,174,test
cbace5e4-d029-4a04-8307-df21dd363a90,,clip_84.mp4,21.0,174,228,train
9a298e9a-4f10-45fb-a720-e66f06071dd5,,clip_41.mp4,0.0,6,60,train
070d8e65-e9cf-4315-9d4e-9ad0f268e9a4,,clip_144.mp4,0.0,30,84,train
a12d4826-d536-46ca-a86f-6c3c2d0b937a,,clip_34.mp4,16.0,282,336,train
46c5d61c-b722-4e6d-8cbb-7e1c2b2be12a,,clip_358.mp4,11.0,84,138,train
5b9cab0d-2c46-40e6-bf7e-91387f0381b2,,clip_761.mp4,26.0,102,156,train
b640a152-261c-410b-89e2-ad1da9ae587c,,clip_726.mp4,7.0,6,60,train
ce49aa20-8057-442a-889b-8ec5d975a8b0,,clip_115.mp4,24.0,414,468,train
a24b100f-3cd7-49bd-ae5e-77cfe625e3e9,,clip_205.mp4,10.0,66,120,test
bc11e656-d93a-4601-9386-cce07c658910,,clip_573.mp4,7.0,6,60,train
b993c39a-b5a9-48be-8480-fee76f01c6ec,,clip_402.mp4,1.0,6,60,train
6e204ed3-29d0-481f-8b9f-f596aa619215,,clip_103.mp4,24.0,330,384,train
d1c0333f-f7df-4473-952e-464aeae9d1dd,,clip_380.mp4,0.0,6,60,train
29a69690-bc23-4860-892c-e38d98de4790,,clip_87.mp4,13.0,54,108,train
777bd110-1f38-4f7c-8172-4fac8a2fba36,,clip_73.mp4,9.0,258,312,train
7371f9f8-c330-4421-975a-406cbf44b0a0,,clip_266.mp4,11.0,126,180,test
29241e35-8f04-4cdc-9ad7-e2249870914b,,clip_49.mp4,0.0,6,60,train
7f03a86b-ce19-4e57-9324-4d556953de13,,clip_781.mp4,0.0,6,60,train
fecb7f56-211a-47c5-81a2-11d35deb072f,,clip_229.mp4,11.0,6,60,test
1c63b476-b0ec-4c15-9bd0-dc596efcef3d,,clip_460.mp4,11.0,114,168,train
5c0888ee-8497-4425-af62-5c33a19bcc78,,clip_684.mp4,10.0,6,60,train
3999ec64-2259-4fe1-8a3f-16110618e802,,clip_67.mp4,8.0,240,294,train
c44022ac-16ec-44f5-9b2c-8602c329ad93,,clip_380.mp4,9.0,96,150,train
71be3673-7584-4548-8a08-3d46cb6bb637,,clip_230.mp4,2.0,6,60,test
a272ec5a-4bb4-46c1-89fc-c3e786524173,,clip_444.mp4,0.0,6,60,train
9d59db51-ad08-4b04-8e80-959a643cc368,,clip_211.mp4,5.0,6,60,test
66692e84-638a-43f3-9de1-e35183e77131,,clip_13.mp4,4.0,6,60,train
451b7be4-680b-49be-9308-e107f78e900d,,clip_551.mp4,55.0,204,258,train
89c0e278-c3e8-4a48-a543-74d2af934a04,,clip_465.mp4,7.0,6,60,train
32191061-b9ca-4339-9174-44f5596ff423,,clip_57.mp4,3.0,66,120,train
26dbb775-6d47-46a9-8f15-048d5adc2b08,,clip_500.mp4,10.0,312,366,train
59e6f47f-13d9-4af4-9e98-c95e8af05d0c,,clip_166.mp4,10.0,216,270,train
9f2dc696-7fce-4472-84a1-4bb8ca68b863,,clip_6.mp4,4.0,6,60,train
bdd05e76-cb50-4a4b-9c04-9845f912f2a0,,clip_280.mp4,18.0,402,456,test
546e78fa-aaa6-447e-9412-e039baaef609,,clip_605.mp4,5.0,6,60,train
a7d8ea11-1e71-4a69-9c30-d1bd76218180,,clip_690.mp4,9.0,6,60,train
cbf73b14-9241-4a09-a274-5372359289f7,,clip_192.mp4,4.0,6,60,test
51ba91fa-59a2-4c36-bee7-32ab8c2ed917,,clip_309.mp4,9.0,6,60,train
09d294a3-f0bf-4f82-a92c-7be029e48773,,clip_331.mp4,19.0,318,372,train
6dff67a1-bb17-4095-ae35-71fd7450e09d,,clip_59.mp4,11.0,168,222,train
b3f44791-3bee-40e1-946d-27315ced4dbe,,clip_146.mp4,0.0,6,60,train
46fa529a-5c9c-4a2b-a76e-bea220dd3c13,,clip_24.mp4,32.0,390,444,train
92b3b355-830b-4885-b3ef-78b956833d86,,clip_141.mp4,9.0,6,60,train
6ae0d712-bf3b-4a23-bed9-470671eae376,,clip_147.mp4,10.0,6,60,test
fa474ab3-5a14-4696-b488-5d88f88fe628,,clip_318.mp4,11.0,72,126,train
dccdb1ba-f782-4107-bab8-8df9cf7995ac,,clip_2.mp4,4.0,12,66,train
2ebb4989-aff4-4997-9ff7-6663b9dda02d,,clip_555.mp4,9.0,6,60,train
a6a3227e-ad28-4687-be8b-0f16cdcd3e05,,clip_40.mp4,5.0,6,60,train
b0d9a784-ab34-4336-85c1-b030faa1dab0,,clip_547.mp4,0.0,6,60,train
1445fa23-dfe2-440a-989d-668f25adda92,,clip_456.mp4,30.0,546,600,train
22b4c97f-8f2d-4894-ad1b-f61dc8411fe2,,clip_363.mp4,5.0,6,60,train
95c3dbae-a8b4-4b95-8bbe-f42ad4786d9e,,clip_376.mp4,5.0,6,60,train
e11803a3-6e3c-4b6c-812f-5364f583ad99,,clip_10.mp4,2.0,6,60,train
5370c1e6-427a-4169-b112-4a0f8316e9e5,,clip_559.mp4,10.0,96,150,train
5b05a747-75a5-4705-9a33-255d4c0d2c25,,clip_466.mp4,1.0,6,60,train
a839d7b3-8f1f-4530-92e7-42f5117a339e,,clip_115.mp4,11.0,6,60,train
43bcf0d4-adb9-4bf7-8ba0-62118c10d7af,,clip_38.mp4,0.0,6,60,train
e8a05dcd-7dce-4781-9760-cb87d0d36cf2,,clip_156.mp4,22.0,678,732,test
10d21d1d-2d7c-4395-9b3b-0d7b6ef07db6,,clip_148.mp4,21.0,444,498,test
925872a4-81c0-4ac3-8376-66746b28ec4e,,clip_116.mp4,7.0,6,60,train
96aa2c57-9cef-4fb8-ac18-d84a44744199,,clip_466.mp4,24.0,384,438,train
d5cf018f-241b-4da0-b70b-d49358940f1f,,clip_579.mp4,4.0,6,60,train
b79ea5dc-ece0-420d-928c-8ba656ff1a9d,,clip_435.mp4,0.0,6,60,train
4377d273-2553-40f5-a424-c06387fd033e,,clip_739.mp4,5.0,30,84,train
0831553a-f51c-4c9d-b7e8-4fc62e7bcc04,,clip_309.mp4,10.0,6,60,train
7a166152-b7da-40b5-98b8-27b79a910985,,clip_414.mp4,7.0,6,60,train
dc9455ce-b530-45a7-a0f1-a5e0cd43a4f4,,clip_115.mp4,20.0,246,300,train
8e594026-382c-4334-9ef8-bdb78de5d7fa,,clip_782.mp4,6.0,6,60,train
c7cc7852-8a01-488c-ba4a-2200763600b5,,clip_171.mp4,1.0,6,60,test
d9275439-88d3-4219-8ca7-5f1bda7d0d5f,,clip_15.mp4,15.0,42,96,train
2c1058dd-ec37-4b75-8440-8e635e088192,,clip_130.mp4,9.0,6,60,train
9944f8f5-1f09-4cf9-9517-97c7f85bd7b8,,clip_548.mp4,15.0,114,168,train
26712679-8610-4171-b5ae-f0c4accf9168,,clip_378.mp4,9.0,6,60,train
071b2a7e-f0a7-42fd-b816-e3fdbe274814,,clip_609.mp4,12.0,294,348,train
42607ac9-c2a2-400d-bd9a-b92a136b26a5,,clip_226.mp4,4.0,6,60,test
78e7386c-d4a1-41de-8442-1fa641365207,,clip_688.mp4,3.0,6,60,train
1fe8b7cb-0fac-42da-bb9a-d0b0fe3dbdaa,,clip_31.mp4,5.0,6,60,train
c0402ef4-d7c9-44d4-aa58-51fa49cf4aca,,clip_24.mp4,5.0,6,60,train
371560b8-fd99-495e-bd2c-3285482d0bab,,clip_188.mp4,9.0,408,462,test
7f7c0bf5-9215-4814-bc40-f7d7d0da5525,,clip_417.mp4,9.0,114,168,train
b04631f9-185a-41fd-9227-010a3efbb255,,clip_684.mp4,21.0,126,180,train
f10e78c6-617c-4dd3-9b43-79679c1143e6,,clip_496.mp4,5.0,144,198,train
97e8d6a9-b8d3-4f44-a486-88c2b4c1a0f8,,clip_279.mp4,18.0,936,990,test
3751c912-b13e-4013-a714-ed7d9566c468,,clip_30.mp4,4.0,12,66,train
7870a732-bc5e-49ec-9a6d-0cb5d34413cf,,clip_25.mp4,9.0,6,60,train
3ec8223d-7af5-4df0-b355-5e7d6769d4cf,,clip_160.mp4,7.0,108,162,train
c6c1bbec-505a-4bce-bbfc-ca90646a6132,,clip_266.mp4,0.0,6,60,test
9191f6cf-e235-4cd3-b975-b54cef3a4812,,clip_698.mp4,5.0,108,162,train
0992ed83-6adb-4217-bfc2-19949306fa68,,clip_385.mp4,3.0,6,60,train
ad9a876b-1284-4367-8c3f-46f82f6cacd3,,clip_122.mp4,16.0,6,60,train
b10a3def-8be6-4028-b84a-ce2d2ab9903e,,clip_703.mp4,6.0,6,60,train
644a908d-b978-4bd4-8dd4-1801c2df2dd8,,clip_59.mp4,3.0,6,60,train
c2fbf41e-0ecb-4b20-90be-7af8fbfbe691,,clip_781.mp4,21.0,654,708,train
fc2b8460-92ed-48f3-a601-8efb978ad422,,clip_246.mp4,7.0,306,360,test
52deb144-e3a3-4f71-b8a7-14db33138322,,clip_21.mp4,29.0,252,306,train
46cb1d74-1854-4120-8441-279e104f0e46,,clip_177.mp4,29.0,522,576,test
ed9bda66-d459-453c-841d-7769264d27ac,,clip_128.mp4,41.0,534,588,test
224fabae-d99e-4402-996d-b2c835cc6a92,,clip_444.mp4,7.0,24,78,train
c7ef1b83-4690-4bad-ae7b-7ab89643dab3,,clip_156.mp4,3.0,6,60,test
1827a778-9749-4b02-8a3b-5edad33338e4,,clip_408.mp4,9.0,246,300,train
8ec22ec4-67a6-43a7-a64e-decdf203e0b7,,clip_426.mp4,5.0,6,60,train
eab196d2-6895-43cf-a569-a0869e7c4709,,clip_433.mp4,5.0,6,60,train
5ef0fa00-0226-42b8-a459-58d6826a10d0,,clip_331.mp4,8.0,6,60,train
9e10285a-c96e-4e69-8a90-babe03b321c9,,clip_38.mp4,21.0,168,222,train
534660c1-1a2d-45dd-a3fd-949435796c8a,,clip_45.mp4,6.0,6,60,train
5e4d94e2-6b9d-4b71-8ac4-16a96d1d5d85,,clip_323.mp4,1.0,6,60,train
9f01c769-59bb-49be-a465-34182de9d08b,,clip_460.mp4,4.0,6,60,train
98770b9d-48e9-4f34-aff3-7ad2479cde07,,clip_377.mp4,9.0,6,60,train
405d6c6a-ebd8-4c28-a835-4939e03488f1,,clip_500.mp4,6.0,30,84,train
d20f7626-6dfe-46b2-8d72-560a9c0aeb6f,,clip_465.mp4,17.0,384,438,train
0193930e-f5af-4a2a-ac8e-d25447a99815,,clip_596.mp4,7.0,6,60,train
c17633aa-66c3-4b96-a9ba-ca296a21c2f2,,clip_91.mp4,2.0,6,60,train
625c4eb8-0894-4fe7-a53c-e53c25b8535f,,clip_628.mp4,4.0,6,60,train
9e16f7e7-7591-4e72-917a-9523dc76b8e2,,clip_337.mp4,11.0,144,198,train
cbe02219-9710-4ee3-b78c-09e03efb8563,,clip_442.mp4,14.0,348,402,train
9d7cde40-4f43-4a91-bd53-0aa91a17b47c,,clip_158.mp4,14.0,144,198,test
784661f4-1967-4d52-8189-d2e7d24c8bfa,,clip_771.mp4,0.0,6,60,train
a50578eb-021a-4f74-b5ef-cbdd4d9db5f1,,clip_763.mp4,9.0,6,60,train
506ea532-2101-43ac-bd72-fbfcea4dbcf9,,clip_229.mp4,4.0,6,60,test
7cce756d-0cd0-4cb4-a892-5c51bd8814a5,,clip_448.mp4,6.0,6,60,train
93baad67-65b1-4b53-ad67-c6a7866e3a6e,,clip_107.mp4,29.0,426,480,test
78b02e44-a331-4d16-b79e-48d2fd52fa35,,clip_215.mp4,23.0,324,378,test
fd39a218-9d61-4e96-81d6-23b94e9860aa,,clip_308.mp4,5.0,6,60,train
3fe76ff5-c8c3-485f-b1f3-5a68d337ba8d,,clip_151.mp4,12.0,228,282,train
0ef3af36-79f4-4a14-a21c-66911d67f802,,clip_40.mp4,13.0,18,72,train
4d2f8c43-cd67-45d6-8a79-c652a7384d7e,,clip_320.mp4,7.0,6,60,train
e4805fc1-c0c4-4c07-9a36-291cf1fd478e,,clip_148.mp4,10.0,120,174,test
3b2bf1bd-63c9-47b4-bade-1212b1f8cf63,,clip_357.mp4,14.0,366,420,train
8037b326-3d0c-41a7-a4f6-af3fe620a1ed,,clip_115.mp4,19.0,228,282,train
04b5ef94-9f8c-4184-8a15-20465745ba2f,,clip_402.mp4,20.0,900,954,train
bf59f8ac-55c6-4670-a28b-098d26ad33e2,,clip_290.mp4,5.0,6,60,train
27beecc6-b452-40af-bc65-12e39d223a63,,clip_23.mp4,11.0,372,426,train
d408ffb5-7e03-49a5-870f-0863db098889,,clip_15.mp4,1.0,6,60,train
5d0b6c59-7ce8-4f68-8f6b-b8b06eec5b3a,,clip_576.mp4,8.0,30,84,train
ff0e79b1-6cfc-485b-86d6-12e2c06eb410,,clip_684.mp4,5.0,6,60,train
296c6d95-a52b-4932-b66e-6e3acd81f230,,clip_193.mp4,8.0,6,60,test
b9e24635-a921-476c-ac6a-92639bd51abf,,clip_194.mp4,1.0,6,60,test
968a2fdc-f864-497a-b2e9-8b67f10a1c34,,clip_40.mp4,22.0,186,240,train
200b7f8a-23fb-4fc3-8e7a-6d1f51ce425a,,clip_28.mp4,3.0,6,60,train
731a18b4-1a7b-468e-a66a-bdeb44610d88,,clip_133.mp4,36.0,510,564,test
dc3376c2-5893-4e16-8645-0e0e160ceb2e,,clip_194.mp4,6.0,84,138,test
ecb78233-ad53-4bc4-866a-b9b4004fd238,,clip_132.mp4,3.0,6,60,test
808f6072-88f0-479d-be7d-a900007f3e8d,,clip_91.mp4,12.0,264,318,train
fcae8c1f-ca1d-4459-9ac1-f7b29bfd5392,,clip_443.mp4,9.0,96,150,train
95d880c5-6054-4c77-b063-c5bbeaa3f2e5,,clip_442.mp4,5.0,6,60,train
3fed2b60-c3d5-4241-a57c-f9bbdba387bf,,clip_24.mp4,16.0,6,60,train
4f2fd9e9-5f14-4cd1-ba1b-15da4640d346,,clip_139.mp4,23.0,228,282,train
c3a0e897-3e43-49f5-ac4a-d1fb4154f75b,,clip_201.mp4,7.0,198,252,test
b1c84bb5-4daa-4c80-8fff-9ea39338eaed,,clip_386.mp4,5.0,6,60,train
a94d9fa9-dcb6-4032-b190-23aff2a8fca9,,clip_133.mp4,26.0,168,222,test
c852f733-55d3-4d9d-a5f9-a0b069022c9b,,clip_270.mp4,6.0,6,60,test
268a39ed-0763-4836-8ea2-6591883f9bc9,,clip_134.mp4,43.0,780,834,test
8381dbda-3659-4e29-baa2-5f6e81f26279,,clip_207.mp4,20.0,366,420,test
1a2454c9-ec6f-473c-b853-0f2228119dd9,,clip_211.mp4,7.0,318,372,test
9886e62b-285d-44bb-804d-e0278eca5ac5,,clip_379.mp4,2.0,240,294,train
6cda65ff-a9f5-4ed9-8dad-7af77a6e3c10,,clip_548.mp4,0.0,6,60,train
94a4e032-a38e-4a91-a1d8-be5a29047c5c,,clip_439.mp4,6.0,6,60,train
1edb826a-b66a-42b5-8fab-7b88f9a88bd0,,clip_680.mp4,14.0,6,60,train
cc4fd59d-90ba-45c5-93f1-f077719bce00,,clip_43.mp4,8.0,96,150,train
c1a83a8b-5c36-4f81-9ba3-2d0d55569e7b,,clip_21.mp4,27.0,252,306,train
a154854e-6944-4afc-bc80-e4cbd922696f,,clip_708.mp4,0.0,6,60,train
b9a47df8-0a48-46fe-927c-0f97cf40694f,,clip_196.mp4,11.0,150,204,test
dea11f82-a568-45a0-96ea-9e3cd50fd72c,,clip_376.mp4,21.0,426,480,train
c018ae04-9361-40a7-ab57-73428749cce8,,clip_281.mp4,18.0,834,888,test
01ed36f1-882b-4e75-ad00-41ce463cc2c5,,clip_207.mp4,13.0,84,138,test
46f92fdf-ccdc-4c76-bed0-fbf7b5ccb424,,clip_377.mp4,20.0,324,378,train
7afa6bea-5214-4725-bac6-dedb76a48ef6,,clip_493.mp4,2.0,90,144,train
6e56d52b-a081-49c4-b1bf-eb3201bcb356,,clip_195.mp4,4.0,6,60,test
b68ea98f-0709-494d-af0b-359c32c494db,,clip_685.mp4,0.0,6,60,train
c434702b-c663-45d2-bbc7-27547df140c8,,clip_150.mp4,13.0,270,324,train
2a24ac59-8617-441c-87aa-c187b1af2439,,clip_379.mp4,12.0,414,468,train
6f3c4faf-fad4-43fb-9535-78fe159f6359,,clip_122.mp4,37.0,300,354,train
2ed335ca-2dbe-4e43-81db-5030c098fe06,,clip_384.mp4,16.0,228,282,train
587f282d-360b-4a63-9697-37a376339001,,clip_291.mp4,0.0,6,60,train
29bbbfd9-077c-4083-94a5-ed4ab4d83b3f,,clip_103.mp4,11.0,6,60,train
a6091541-43fc-4504-9aad-684e3d42f303,,clip_140.mp4,8.0,30,84,train
36c9f1cf-d934-4cea-944a-ac3811f7a022,,clip_203.mp4,5.0,6,60,test
4b2d0020-52ad-43e1-9a8d-7e76278763c5,,clip_216.mp4,5.0,6,60,test
16d1407b-55bc-4026-a0a4-346c33dbdc86,,clip_14.mp4,4.0,6,60,train
fb6566ee-ef8b-45c5-aa19-9244790c442f,,clip_135.mp4,18.0,396,450,train
2a0c36f3-2dfc-4814-a611-574d8c4216cd,,clip_54.mp4,8.0,42,96,train
0623d383-bd71-4e7b-8984-068e84066a99,,clip_421.mp4,10.0,72,126,train
f7e18a18-88b6-4e7f-8e5c-b2cf41c2b670,,clip_674.mp4,8.0,234,288,train
c8fc4919-0f75-4e51-8e4b-696b93e9d206,,clip_548.mp4,13.0,60,114,train
0cab5382-7dc7-450e-88a0-f4ebf567dd76,,clip_387.mp4,16.0,300,354,train
a78ed167-409d-4b6f-93c3-e8a802b474e5,,clip_405.mp4,17.0,6,60,train
b15a952c-69e6-4c27-9110-b02583146aed,,clip_355.mp4,11.0,60,114,train
8d2a91dc-1d78-4859-b8b0-21c5e7d9fa64,,clip_267.mp4,16.0,852,906,test
294b577d-95bb-48ba-b769-7017a6d99edc,,clip_549.mp4,5.0,6,60,train
c0a2d758-31d0-4c81-a9f3-f3ab09e6619a,,clip_786.mp4,0.0,6,60,train
445d7262-32e2-45d3-94b4-f49c3234bed4,,clip_122.mp4,25.0,42,96,train
5e8598f8-e492-4308-8118-8b43a8b2b5a5,,clip_40.mp4,19.0,156,210,train
2d39e49c-5c6a-44f8-97a2-c85053edb873,,clip_439.mp4,15.0,294,348,train
c5d58b59-a4d1-41df-8df0-e4c2262b2814,,clip_10.mp4,11.0,30,84,train
b7c04c18-3638-4844-928e-1b0f3afb844d,,clip_175.mp4,7.0,6,60,test
732758e7-7998-4f69-b759-2bc6116ef1d5,,clip_701.mp4,5.0,6,60,train
b6b07714-4eb8-4fd7-881d-3a0d5aefc5d6,,clip_772.mp4,15.0,18,72,train
a5d1b33e-6154-4d9c-9b8c-9b01a5bec5c7,,clip_292.mp4,12.0,408,462,train
48308f7d-2e57-486f-8944-491a00862d56,,clip_207.mp4,12.0,336,390,test
2e50d814-0bfe-41d1-a998-f7e7bdf692d1,,clip_345.mp4,2.0,6,60,train
5a220a10-7990-4d11-b1ae-0d4af0a2ad18,,clip_350.mp4,2.0,6,60,train
afaa94d5-e04d-4c32-80c1-8ac948672590,,clip_337.mp4,9.0,84,138,train
ef457984-8ee5-49c0-a9d3-a3aa39cd3ac5,,clip_468.mp4,4.0,6,60,train
673c82e6-5920-4bd7-94b5-aaf92f8b62cc,,clip_122.mp4,9.0,6,60,train
3c9d5713-49bc-4e3a-9014-a5e7060716f6,,clip_267.mp4,11.0,390,444,test
20657fa1-645f-4058-9539-ce20caf5bb8b,,clip_441.mp4,21.0,156,210,train
7268506b-6e85-4735-9d10-9d6c7a251eeb,,clip_445.mp4,15.0,384,438,train
93ce4de5-0365-4835-90d7-215c979558e3,,clip_171.mp4,8.0,6,60,test
65823575-951b-447c-ba6e-aaa2f93c0ee9,,clip_702.mp4,3.0,6,60,train
b3a8e41f-220c-4293-bf11-75d4ebff281f,,clip_669.mp4,6.0,90,144,train
c0079602-2794-404c-ae53-1deed5082cdb,,clip_168.mp4,10.0,156,210,train
d39e415e-3b81-4af9-9370-7f9285532fa0,,clip_364.mp4,4.0,186,240,train
18455a52-baa2-462f-a267-7ddcc018cac8,,clip_384.mp4,6.0,6,60,train
f89640f4-27fa-4bdc-a787-66a5adc3dd9a,,clip_425.mp4,3.0,24,78,train
1810a1e9-241e-4b92-9b38-a19f4cbe5737,,clip_692.mp4,28.0,18,72,train
1012511d-4586-4d51-b4d1-ceb595e76e9e,,clip_5.mp4,18.0,270,324,train
de7fe04b-0a17-4a0d-a292-7846f0c66cc4,,clip_177.mp4,12.0,6,60,test
a44194d6-e20b-45d1-aba1-fc98be78b5dd,,clip_337.mp4,4.0,6,60,train
0d09a071-c366-4aff-90b7-2d6f9e4305d1,,clip_427.mp4,0.0,6,60,train
7b2a68c7-f4e1-4e4b-b32e-2699e6cf407e,,clip_51.mp4,3.0,6,60,train
d5d75933-f312-4d53-a5e2-c7fddddb58e9,,clip_44.mp4,3.0,6,60,train
5559de89-ec71-4f8a-acca-b2ff41ab167c,,clip_215.mp4,14.0,102,156,test
6d2ea35f-7997-4672-ab0c-cd7975b27749,,clip_451.mp4,1.0,264,318,train
0b1a4cf9-214c-4441-a4df-7e7d69a1d97a,,clip_21.mp4,20.0,132,186,train
c368cb36-ff56-4375-a932-8a65a1066e45,,clip_157.mp4,6.0,6,60,test
f1bd27db-9ebf-4ab8-9f82-162610485d67,,clip_765.mp4,5.0,6,60,train
015dc361-73b9-43c2-a2e4-3a5f2c05699c,,clip_228.mp4,1.0,6,60,test
fbef2d21-df13-4a58-a435-5ddcd630f4aa,,clip_466.mp4,8.0,6,60,train
445a74be-85bd-416e-aae2-23ba9629d6ba,,clip_200.mp4,3.0,6,60,test
2c18619f-5a9a-4a25-abd9-9e03e972d3bb,,clip_194.mp4,7.0,144,198,test
6757bf5e-88a5-43fb-8cfa-5af994adcb93,,clip_287.mp4,6.0,6,60,train
16c89efe-1145-4b21-bf2d-6bce729207fa,,clip_139.mp4,5.0,6,60,train
9261050e-23ba-48c8-8380-5da6138f2008,,clip_133.mp4,37.0,558,612,test
3ccaee4b-b26a-4c3b-97e4-e383e7ea8563,,clip_386.mp4,0.0,6,60,train
9da56980-e19b-46a3-89f8-7c97b9cd699f,,clip_67.mp4,2.0,6,60,train
e22649a7-976f-4a54-babf-9842b29b82e9,,clip_72.mp4,2.0,6,60,train
d4f26011-72c7-481e-b8d1-0c3319fef64f,,clip_565.mp4,15.0,360,414,train
b621e0cf-6858-4846-aca5-6299e5bd11b4,,clip_772.mp4,13.0,6,60,train
68d83041-c24c-4935-bb71-81b200cc312b,,clip_560.mp4,11.0,6,60,train
4e8e314a-6c42-4f44-9454-eb417bfc892b,,clip_188.mp4,1.0,6,60,test
9a255978-2850-4ed8-b9bb-0e38833f68dc,,clip_34.mp4,3.0,6,60,train
57e382f8-1e7e-4674-9c59-a277bb3a4694,,clip_78.mp4,6.0,78,132,train
17f17283-8511-4020-82a3-19b688197035,,clip_24.mp4,13.0,6,60,train
138816b2-7326-42c7-aec3-1f1be642b7b8,,clip_273.mp4,14.0,54,108,test
8feba66b-13a7-480b-957d-d156e714e5f8,,clip_355.mp4,19.0,150,204,train
65e796df-abe8-4da4-bf9b-3801d653ac05,,clip_604.mp4,5.0,288,342,train
7ed222ae-7a05-4f56-b613-95a9b9f8f7c0,,clip_356.mp4,10.0,18,72,train
a7a23ba5-2ebc-4e40-a11c-c9bba86715dd,,clip_332.mp4,0.0,162,216,train
bd9b8e4a-7a53-461c-b6a6-bb5a8b05b60d,,clip_331.mp4,14.0,42,96,train
e1d0f564-bd53-424c-8ab6-444e768306a7,,clip_124.mp4,22.0,174,228,train
b2f22f63-1102-4088-93f3-e877dafb8c7e,,clip_332.mp4,15.0,186,240,train
2848ddd7-30f7-4580-85ea-39d5b4a26cb5,,clip_5.mp4,21.0,354,408,train
1f7c0fc1-74e1-41f4-bb8a-a94dcd26c750,,clip_320.mp4,2.0,6,60,train
17caae62-ea23-43f0-93a9-da4ac0d67159,,clip_273.mp4,18.0,84,138,test
c9120577-74e3-4852-8283-9876b7c8ff39,,clip_138.mp4,9.0,228,282,train
b5f67656-a6f3-4b04-ba90-b119c2e3b4cf,,clip_709.mp4,0.0,6,60,train
047a5fd6-abc8-47d0-9d1b-07f66aa8646a,,clip_628.mp4,12.0,6,60,train
96ae451f-1414-4403-9ae2-1ac683a7593a,,clip_460.mp4,1.0,6,60,train
54872f46-5b18-44fb-afcf-b64b647ad773,,clip_467.mp4,8.0,6,60,train
61ef531c-df5e-422b-80b2-fc3885140946,,clip_201.mp4,3.0,6,60,test
bc72a5e4-261c-4146-b647-9b1d71a10c9c,,clip_214.mp4,3.0,6,60,test
5b91f0c2-c2aa-4fad-b0da-e6f277d9c24e,,clip_5.mp4,22.0,420,474,train
18af7f13-b400-4803-8601-f3a1f0cb2a0e,,clip_546.mp4,13.0,306,360,train
c58b4a8c-4303-4331-9798-5307d022f989,,clip_771.mp4,5.0,6,60,train
416f8c44-9689-437f-b1e7-39be6631a9c4,,clip_179.mp4,5.0,18,72,test
674e9160-fa69-4e40-a7c4-88ef0eccd6d1,,clip_33.mp4,14.0,126,180,train
6b27f733-7498-4911-983a-2f517692f649,,clip_110.mp4,7.0,6,60,train
ccd74adc-4a63-423f-8979-14fdc3a92851,,clip_21.mp4,21.0,318,372,train
52a57b6e-37d3-4369-9687-345e1b6aed6b,,clip_105.mp4,3.0,420,474,train
58a69364-e3dc-47e4-92ea-08efe6cee6e9,,clip_229.mp4,1.0,6,60,test
67fe69ac-81c6-4092-be9f-67369088c0d3,,clip_39.mp4,9.0,6,60,train
294e4017-dd19-4a31-9ef0-45ee0d2cc738,,clip_83.mp4,15.0,222,276,train
76a8f60b-90bd-41ba-815e-e68fb56f70e0,,clip_182.mp4,2.0,6,60,test
a704015d-1fcd-4f18-8868-0bc547531bf1,,clip_19.mp4,30.0,90,144,train
75ca0194-542a-40b4-97a1-b1779fad93a1,,clip_148.mp4,9.0,102,156,test
54d03b77-00d4-466d-8868-ae60263fb265,,clip_555.mp4,11.0,414,468,train
e21bb969-05f9-4ca4-8b5f-79fbe7debe65,,clip_156.mp4,6.0,6,60,test
88d69c8c-452c-4035-8bbe-9eccd256eb7f,,clip_729.mp4,9.0,414,468,train
59e72269-9c98-4b8d-b9a8-30422c289231,,clip_194.mp4,5.0,84,138,test
63604e19-c0d7-44de-8c79-5922ef7c273a,,clip_455.mp4,11.0,6,60,train
88fecf04-6bad-4f47-9d31-8fdc0c34a9b7,,clip_45.mp4,3.0,6,60,train
6f5dc40e-4033-4874-b916-67aef8aa0d3b,,clip_50.mp4,3.0,6,60,train
a72ad9fe-2904-4dc0-ae44-87590edb3ab3,,clip_426.mp4,0.0,6,60,train
56a6aed6-3caf-4411-b776-9d418e9e9a48,,clip_323.mp4,4.0,6,60,train
30c1aa6d-07ab-439c-a78b-3e5384294347,,clip_460.mp4,12.0,186,240,train
c93b12cc-2add-46a5-bb4c-73bffb937af7,,clip_64.mp4,4.0,6,60,train
8352a744-b3fe-4519-b9d5-55d3e90fad77,,clip_266.mp4,5.0,6,60,test
6e4d33ab-4076-42de-9423-9725565bd972,,clip_8.mp4,10.0,6,60,train
188d5e5c-8101-46a6-b573-ab5bf3731f34,,clip_495.mp4,2.0,6,60,train
2da33747-4076-415a-9adb-7f3ba99c8736,,clip_73.mp4,6.0,114,168,train
9d68e538-d367-498e-83c4-f8a419bbee8c,,clip_385.mp4,6.0,6,60,train
3a2741cc-aaf4-47d9-99cc-59572f90b638,,clip_21.mp4,14.0,6,60,train
0170bfb0-817f-4404-938b-2729ac21fa15,,clip_784.mp4,6.0,6,60,train
adb8779f-d59a-4f88-af7c-1075169891a8,,clip_280.mp4,19.0,408,462,test
8658dceb-6160-4fac-8901-7ce05e2f1cb9,,clip_379.mp4,0.0,6,60,train
7db8318e-b992-42af-9d0a-ad99cb5df3c6,,clip_208.mp4,6.0,6,60,test
2b25a495-a3bc-4520-9847-60b986ce831f,,clip_469.mp4,4.0,6,60,train
4b1d05fb-012c-4540-b3cf-323b42c9e61d,,clip_135.mp4,14.0,258,312,train
82275fc6-6a73-4a01-b2e1-bc23ff049f39,,clip_441.mp4,6.0,6,60,train
92242fd5-83eb-4485-b039-20c3ca29fc52,,clip_374.mp4,36.0,408,462,train
773c14ed-3f68-4d5c-ae7b-2bde81050aa4,,clip_104.mp4,2.0,6,60,train
f3ca1d0c-01ff-47e0-b31a-ff4edcfc6732,,clip_614.mp4,6.0,6,60,train
66f6cd29-bca8-4265-bb91-b92d0ad406bd,,clip_765.mp4,0.0,6,60,train
b7ce25af-b624-4605-ba33-406cd7a464fb,,clip_200.mp4,6.0,6,60,test
6a04fb23-8027-43b1-9bc3-ea847f41e46a,,clip_758.mp4,2.0,6,60,train
059c92ce-1ce8-4f87-bd2a-eaa83ddd2164,,clip_287.mp4,3.0,6,60,train
20abd6db-bb9b-406c-a464-a4d82f54af38,,clip_491.mp4,13.0,42,96,train
39b8ff8f-7de7-440c-aaad-9a76af373c73,,clip_275.mp4,13.0,468,522,test
4fae828d-4447-472b-80fc-cd403a147a95,,clip_197.mp4,22.0,318,372,test
1942fcac-464b-4325-88d2-e4b1b05b4e37,,clip_572.mp4,4.0,150,204,train
e21c55bf-074c-4e22-9e2f-665640166678,,clip_439.mp4,16.0,366,420,train
554d1180-4c7e-4517-a259-a09455c8525b,,clip_32.mp4,10.0,36,90,train
4bb799c6-4634-4b0e-ad45-9786aef1982d,,clip_38.mp4,27.0,276,330,train
dd9b56e9-c92b-410f-beee-b3f9c2b3d052,,clip_758.mp4,11.0,270,324,train
dd30a356-dac9-49ec-bf96-1307ac903197,,clip_19.mp4,21.0,6,60,train
1d2da00e-9f11-4a06-9810-1a5d21669c3b,,clip_384.mp4,3.0,6,60,train
86d12bca-7933-44a4-8cae-80954545e27c,,clip_179.mp4,6.0,24,78,test
aa23ed70-5881-4261-9c05-de7e571e09c6,,clip_559.mp4,11.0,174,228,train
8db7b6cb-63be-494d-9a59-443717bef447,,clip_166.mp4,12.0,240,294,train
4646ddcf-341b-443a-8155-c11eee523e42,,clip_108.mp4,10.0,6,60,test
9323c382-986e-4fcd-a0dc-9287dbfaec12,,clip_440.mp4,3.0,6,60,train
d66571a3-073a-4500-8568-7462e14d77ec,,clip_23.mp4,0.0,6,60,train
a11bc984-9871-481d-a966-9abe2aa28206,,clip_468.mp4,1.0,6,60,train
72316268-24a4-4290-9d7e-2d822abcee88,,clip_82.mp4,21.0,474,528,train
85a2d089-2cf7-46ab-8044-61d634bc6d5a,,clip_93.mp4,10.0,120,174,train
36ad00c5-02e1-4975-8e56-f7c9a2684a62,,clip_125.mp4,5.0,6,60,train
57df08f5-b5ce-4a01-a3c6-3e75d83d675e,,clip_628.mp4,25.0,114,168,train
e8cd6dcc-e580-464f-9c55-42a3069f606d,,clip_295.mp4,8.0,60,114,train
abfdf442-5e89-492a-8f4e-c0b16e3a69e9,,clip_99.mp4,7.0,6,60,train
a23b7dd9-1863-4e8e-9653-07a7cdddda7d,,clip_744.mp4,7.0,6,60,train
df690f01-3582-4267-a0eb-59ace7b2600a,,clip_223.mp4,14.0,360,414,test
d14161ce-833a-416c-a514-c1dcee449b39,,clip_438.mp4,6.0,6,60,train
fde69d4b-6a65-4da7-b3de-7c819765f98c,,clip_549.mp4,0.0,6,60,train
a0cefb1e-af3e-48be-9f35-b65396311977,,clip_463.mp4,31.0,612,666,train
c100611e-82ea-4fdd-8314-722aff5b0b96,,clip_271.mp4,6.0,6,60,test
f98ef4e4-6903-46df-bbab-4454219a56d8,,clip_36.mp4,12.0,108,162,train
659b2efb-e282-4e08-a8e1-ca17ae969642,,clip_20.mp4,6.0,6,60,train
3afd3d2a-8fdd-48a9-be8f-5995a89e28c8,,clip_455.mp4,16.0,180,234,train
df59a843-36f1-4eff-83f6-3fdb95a7ea45,,clip_405.mp4,12.0,6,60,train
a1ed0666-2b11-484c-ab73-d6f913273467,,clip_15.mp4,12.0,6,60,train
7c53c3f6-c4d7-4a23-bbf2-a4f487c7cd7e,,clip_149.mp4,3.0,84,138,train
16b7e5e0-cbd8-4793-82da-2ef21ffaf1f5,,clip_690.mp4,5.0,6,60,train
c9239d90-baaf-4d02-9699-42f307f9e057,,clip_685.mp4,5.0,6,60,train
9040afaa-1583-4f50-a399-f41cfdff2000,,clip_238.mp4,13.0,306,360,test
e7a39636-03af-4ba3-92a9-7f1b6db8aa98,,clip_547.mp4,2.0,48,102,train
6884c942-a92b-4529-9472-9ac33d72fd03,,clip_112.mp4,4.0,6,60,train
e2fe570d-b0e7-4046-91f1-862c27c606a8,,clip_605.mp4,9.0,6,60,train
2c252ea5-b14b-4f68-8cd8-6f0fc3fab526,,clip_680.mp4,24.0,162,216,train
d86fc1cf-bf93-4715-8b78-b636a14e0548,,clip_41.mp4,15.0,300,354,train
2e243bd5-ac0a-46ed-a831-0aea2310337d,,clip_726.mp4,8.0,294,348,train
24785ae1-dfb5-4d5d-9d9c-54b47bf70516,,clip_467.mp4,12.0,102,156,train
c9004c18-70da-4bf6-96a8-fada9c44ec27,,clip_291.mp4,5.0,6,60,train
851daf75-5e58-47ca-8d9c-3cb2fe28c378,,clip_319.mp4,13.0,294,348,train
6b66b96e-1d29-49a2-99b7-e2b794344e25,,clip_248.mp4,13.0,336,390,test
b77e104d-bc73-4c23-9c16-9e88da20a750,,clip_245.mp4,1.0,6,60,test
2ca0c853-a377-4a19-bf1d-2c209dc7c95b,,clip_47.mp4,0.0,6,60,train
bd2b5170-7361-4160-880f-ed1083e64717,,clip_124.mp4,5.0,252,306,train
acc96779-0728-4c09-85d0-2412cfd3ce9f,,clip_555.mp4,5.0,6,60,train
1767f79e-3f7c-4d45-ae24-a8fd03eb25eb,,clip_108.mp4,6.0,390,444,test
2226bdcd-1b17-439b-822c-32d2a70936e5,,clip_353.mp4,15.0,204,258,train
aa5938f2-fd41-4ab4-81b9-386850fe34d5,,clip_419.mp4,1.0,6,60,train
e17952ec-7cad-446d-8152-4bf61de25490,,clip_309.mp4,5.0,6,60,train
0d644017-79e7-43a8-9305-7f01beeecf63,,clip_553.mp4,14.0,276,330,train
ea0eb73a-c877-42d4-9891-719cf046bd72,,clip_437.mp4,6.0,6,60,train
6854ea55-7fc6-4fa3-83aa-066d734f11cf,,clip_41.mp4,5.0,6,60,train
c27eeffd-324d-45bf-a7cb-c2906176220d,,clip_692.mp4,38.0,60,114,train
951b18f5-6c63-4270-ba1c-8677c850876e,,clip_78.mp4,10.0,240,294,train
b764e2bb-e6e3-4eb6-aa9c-81845175b52e,,clip_498.mp4,1.0,6,60,train
2577272f-c8b9-4d0a-92df-21800ab30e3c,,clip_779.mp4,6.0,234,288,train
ca245254-b9e3-4264-8105-00fe28f7d20e,,clip_548.mp4,16.0,246,300,train
0d0e41f1-df68-4feb-96b4-22f505d6854e,,clip_683.mp4,0.0,6,60,train
dce64556-644b-44b0-a47c-247b6d22c062,,clip_696.mp4,0.0,6,60,train
2d4b1ef8-5b29-4dff-a6c1-a2e6d783ebeb,,clip_684.mp4,9.0,6,60,train
d2e1fafc-0c37-4163-9452-07c587053b95,,clip_288.mp4,15.0,210,264,train
b496bfc8-551f-4d82-b7ff-170298b68d6f,,clip_162.mp4,2.0,216,270,train
9d567c15-27d6-4318-b99f-16c75f772407,,clip_124.mp4,20.0,288,342,train
2f42c700-8a71-4f12-98a1-a4cbaf36a28c,,clip_155.mp4,10.0,54,108,train
1977e84d-0d96-4e58-8c4b-2b740f16de23,,clip_318.mp4,12.0,90,144,train
181b4126-6457-4bcf-a617-55cdde317e8e,,clip_763.mp4,22.0,360,414,train
8c44d235-b199-464c-8889-647dfaa93e41,,clip_636.mp4,8.0,78,132,train
240406fa-c19c-40a8-b86b-d70ac0998804,,clip_383.mp4,12.0,168,222,train
970f3f99-4080-4cab-9a0c-8fb4d9b3a264,,clip_129.mp4,3.0,6,60,train
a283b225-7304-4133-88e2-18d39e73ba97,,clip_549.mp4,21.0,624,678,train
a13f5d2f-5eb6-4bf1-96e6-c74e714a8ddd,,clip_297.mp4,0.0,6,60,train
fde683ef-ca40-4ef8-ae25-9b5854500bcd,,clip_123.mp4,15.0,18,72,train
16020927-c31d-4c8b-bfc4-9557b17395e9,,clip_158.mp4,8.0,48,102,test
a6337489-f61a-4519-9084-883316ff29cd,,clip_387.mp4,14.0,108,162,train
b33b7d6e-4e28-4a2e-9893-43f06df51c27,,clip_33.mp4,3.0,6,60,train
265a268b-6b16-4256-a1cb-a57cbd585d15,,clip_26.mp4,3.0,6,60,train
54cb10be-afc5-4e64-917e-91e4a4e0f769,,clip_231.mp4,2.0,6,60,test
355123de-1d2d-443d-8384-14c228d65f42,,clip_444.mp4,10.0,180,234,train
501e170d-a0f1-4b12-87e8-00d55c15a9c6,,clip_42.mp4,19.0,162,216,train
9aac3b82-28a7-4b44-93f4-e4378d4c08b9,,clip_16.mp4,12.0,402,456,train
986a0e80-3bbd-454d-b132-0535ffbcb30b,,clip_135.mp4,6.0,6,60,train
2e6e035a-a515-4afe-9106-b6e0621bdef7,,clip_685.mp4,11.0,30,84,train
f470e9d8-470f-4a24-8328-0a2ffceef204,,clip_680.mp4,18.0,6,60,train
cce12c8e-3d17-4430-866e-28ac549f44b4,,clip_283.mp4,13.0,108,162,train
952e181d-6d2f-4b82-918a-9cfecaae03a7,,clip_91.mp4,6.0,24,78,train
c6204775-fe46-43fe-9c7b-191434880a2f,,clip_554.mp4,4.0,144,198,train
064b1848-e5a0-4441-b49b-7e0d18316693,,clip_355.mp4,17.0,138,192,train
9cfc6926-f8a2-420f-9db1-805a2a184400,,clip_93.mp4,6.0,66,120,train
51afb5a7-e4d3-4b65-9e24-7c36aadde31c,,clip_196.mp4,25.0,540,594,test
809730e0-e132-4818-9874-ee85b1ccf6dd,,clip_313.mp4,5.0,6,60,train
72f02878-5d23-41dc-9362-acc8753adb47,,clip_306.mp4,5.0,6,60,train
e1c8a538-cb43-4e78-872a-bec9fdc2693b,,clip_5.mp4,17.0,168,222,train
1ad8a8f6-c68a-480a-8a90-296311904502,,clip_381.mp4,0.0,6,60,train
e82dd51f-dcaa-49ae-9a0f-c32093d9a454,,clip_140.mp4,15.0,204,258,train
cbd90ac0-f55e-47cc-b132-8906b8415ea7,,clip_134.mp4,40.0,648,702,test
f40e7c27-d7cd-43b7-bf9d-d0de3b2a3802,,clip_689.mp4,3.0,6,60,train
8f2b571e-a7db-45bf-8583-3d46f3796261,,clip_422.mp4,13.0,6,60,train
3de59584-cd41-4b1c-a1f6-e6fb55376705,,clip_277.mp4,13.0,36,90,train
d46a3e93-4bf2-4cd3-b8f4-5fca3ae2bd97,,clip_757.mp4,2.0,6,60,train
132d7388-5174-4786-b85f-e4803849cdff,,clip_633.mp4,4.0,6,60,train
f8b01817-a2ed-4a1c-8c70-60d61e7e8be4,,clip_236.mp4,13.0,174,228,test
ffa2625e-4b6a-4167-8b25-33f6eb0ae345,,clip_559.mp4,3.0,6,60,train
0f53b900-f863-4255-808b-f35056dd3de7,,clip_136.mp4,13.0,318,372,train
d6797863-7921-4a05-8e51-76b00aafaae1,,clip_80.mp4,19.0,246,300,train
e53c2865-e32f-42e0-84c4-cd10ebdf9c5e,,clip_696.mp4,4.0,54,108,train
e4a04f91-9115-47fd-b2b2-cadcf735d68e,,clip_739.mp4,1.0,6,60,train
7eb6139c-cd8d-4f3b-8e99-3fea04b6ace2,,clip_382.mp4,6.0,6,60,train
0fd9049b-05c1-4910-a9a9-1a8ba458449d,,clip_20.mp4,16.0,246,300,train
152d456f-0014-4828-a2e7-05c17f74a730,,clip_554.mp4,6.0,66,120,train
17d25238-05f9-4187-bf80-3767748e1114,,clip_415.mp4,7.0,6,60,train
17ec555a-b30d-471d-9aa9-9b885ff93443,,clip_86.mp4,10.0,144,198,train
99d27628-e359-4c75-9d53-48b13f7c0c35,,clip_383.mp4,9.0,60,114,train
99fe8f38-8bd4-423c-9a96-7fc7f422aa55,,clip_564.mp4,1.0,6,60,train
039efd3d-6c0a-4492-b206-8d727b0b95c3,,clip_305.mp4,3.0,6,60,test
e1caf2c0-b2b1-4ea4-9512-3d204fbd266c,,clip_376.mp4,25.0,612,666,train
abfdb288-5fe3-459b-8820-c67a5914f0d4,,clip_21.mp4,30.0,276,330,train
03caa8f9-e8c1-4b81-b648-3dcc9a034524,,clip_310.mp4,3.0,6,60,train
c1c6e12f-1904-4ce0-a8d7-29aa745971a6,,clip_434.mp4,0.0,6,60,train
0a792e72-98bd-4bef-8930-1af36801641e,,clip_42.mp4,3.0,6,60,train
3f0efadf-d303-4684-8e41-8d405f681427,,clip_433.mp4,9.0,6,60,train
5e92a1de-a298-4f6e-8121-6b79744c2d64,,clip_426.mp4,9.0,6,60,train
eed4442f-c7df-490a-a11d-13cc71d7d4bb,,clip_288.mp4,11.0,6,60,train
2426e0c9-f291-4b50-9c42-70fe6bbffe8c,,clip_452.mp4,11.0,240,294,train
be3a9e72-06e2-4639-80eb-6e39dddbbec0,,clip_725.mp4,4.0,6,60,train
24a9fda6-48fd-424f-a650-7eb457f3c045,,clip_11.mp4,6.0,18,72,train
25cfc12b-8bbd-473b-ab1b-7f22aeb2148b,,clip_409.mp4,2.0,6,60,train
647014b4-5962-413d-b189-046da3c3eb3c,,clip_460.mp4,8.0,90,144,train
aad11e67-edb3-4350-ab16-e4de2983508a,,clip_229.mp4,8.0,6,60,test
1bbd8dc4-ed12-4f28-8418-64ca6b1116bf,,clip_39.mp4,0.0,6,60,train
2478d3ff-1782-419b-8cb0-a8c476495831,,clip_549.mp4,11.0,78,132,train
a9a1313b-f37d-491e-ad97-72b371c86165,,clip_607.mp4,3.0,6,60,train
2a86c68b-9cef-43a6-9ba2-256438693418,,clip_763.mp4,5.0,6,60,train
bcfe1e07-b1ff-4af6-b465-f57ca647b557,,clip_612.mp4,3.0,6,60,train
a3fce7e5-352e-420a-92b7-a5e580534ca1,,clip_413.mp4,4.0,30,84,train
2d277d9f-e6f8-4f18-9344-eeb6ec10a976,,clip_4.mp4,2.0,6,60,train
f7b7c60b-bcbd-4c77-b755-d09fe54832e1,,clip_417.mp4,10.0,186,240,train
4ffe0d0b-add9-4538-8e98-f132561f6712,,clip_467.mp4,1.0,6,60,train
040c3683-bbcf-415a-a787-edd288c3d78e,,clip_11.mp4,2.0,6,60,train
0f75ca0b-bd66-415b-96ac-e967f8ef9ad8,,clip_362.mp4,5.0,6,60,train
6d35aab8-ddeb-4838-8db3-2db76dd2242e,,clip_206.mp4,3.0,6,60,test
91b5c5aa-54a6-4748-95d6-00ab6001ddfb,,clip_122.mp4,5.0,6,60,train
b883f90d-93a7-4fcd-9589-6bf7c1a5cde7,,clip_357.mp4,10.0,42,96,train
d9893477-2bfb-4ab8-8246-695f6155cd13,,clip_40.mp4,26.0,324,378,train
d9b874bb-83bf-4444-97ad-e72b1934d2b2,,clip_458.mp4,11.0,384,438,train
7d1e7d1a-c815-4d22-bea5-0a0059bde92a,,clip_171.mp4,11.0,6,60,test
722a9f84-181f-4a7c-bae7-b414db77fe18,,clip_181.mp4,4.0,36,90,test
91472e84-bfc9-4a37-9461-1c83a05d2156,,clip_452.mp4,3.0,6,60,train
385e80ee-a845-44f1-842e-be2053fe0c80,,clip_447.mp4,3.0,6,60,train
d1abe4a3-52eb-4d09-9c63-492707e93509,,clip_25.mp4,10.0,6,60,train
97ce87ad-9f3b-4714-beec-874f5709667f,,clip_143.mp4,15.0,342,396,train
3e081766-e187-41e5-8ab9-64b30da6cb83,,clip_347.mp4,18.0,156,210,train
e4272a60-42da-4ed1-8b21-1226a69fd62c,,clip_4.mp4,23.0,414,468,train
66d2334f-a9d6-4b11-a401-f05bcdea5c9b,,clip_201.mp4,10.0,258,312,test
d0e19a14-7d5c-49e6-a273-e11b239576c0,,clip_378.mp4,11.0,6,60,train
b55c9f7f-dd74-42bd-ac0d-d2a94927d1af,,clip_374.mp4,22.0,54,108,train
b8f31a58-85fc-465a-aced-43e3fd7c0b56,,clip_414.mp4,2.0,6,60,train
98b27610-5d75-486f-a17e-2a4a01516b57,,clip_183.mp4,5.0,516,570,test
4265e6c8-3d32-4b09-b8d9-2d0e27080bad,,clip_309.mp4,15.0,6,60,train
454bda8d-0a76-412b-981c-1b335171e935,,clip_54.mp4,15.0,132,186,train
83099923-21c9-4825-8031-d564f458026f,,clip_147.mp4,25.0,270,324,test
79a47ed0-5e41-4320-bc88-d71e52ee400f,,clip_429.mp4,0.0,6,60,train
af1b1984-8f96-4fd7-b4fb-5ed40fc35717,,clip_698.mp4,3.0,72,126,train
9bf04011-0d9e-4a22-8767-29252f01f242,,clip_171.mp4,4.0,6,60,test
8f0a2f53-525f-4451-9e3f-c6630e2c4f1d,,clip_724.mp4,1.0,6,60,train
d04482d5-cd33-4921-9740-84a941c73b98,,clip_244.mp4,16.0,270,324,test
b1735328-be9d-41ba-a908-4f2ebdac3c5b,,clip_579.mp4,1.0,6,60,train
b79fac48-d203-460d-ac9f-b280df195799,,clip_312.mp4,7.0,66,120,train
759c3af4-c2a9-48d0-9f6a-fe6661a7824f,,clip_318.mp4,16.0,264,318,train
e44639fb-5fdd-40d4-9708-95d108f432cc,,clip_309.mp4,22.0,570,624,train
c777a5a1-4f92-4ac7-8b90-b8f214a47627,,clip_385.mp4,13.0,60,114,train
d7d46e3c-d566-4fa3-8611-dd6865696233,,clip_551.mp4,3.0,6,60,train
3ac86451-ec77-4cf4-80c4-52b42bf7ac48,,clip_384.mp4,19.0,342,396,train
0dd70d6f-5412-4433-a580-39240fc8db95,,clip_446.mp4,19.0,54,108,train
7e47d384-03e2-49e3-8243-f7190eef6ed9,,clip_82.mp4,2.0,6,60,train
b86ef0ab-5f28-498c-812d-d291da58b9dd,,clip_418.mp4,4.0,102,156,train
1a885cfc-6c68-4122-b7cb-8bcff16e9431,,clip_376.mp4,0.0,6,60,train
9b098320-18ca-4562-ada7-d3172ce9c546,,clip_207.mp4,6.0,6,60,test
c73ad2fe-599a-4a82-aa51-c0d9e3d8fd63,,clip_466.mp4,4.0,6,60,train
941374b5-5238-4211-855d-54b86a2e469d,,clip_456.mp4,35.0,612,666,train
55323cb9-486a-491a-a7cd-ae68b97f6a26,,clip_681.mp4,3.0,6,60,train
1ddac9d5-9d2e-42b3-9355-de89b78a3b41,,clip_782.mp4,13.0,306,360,train
2bd43025-aa49-409a-b5ba-0db4f544b5c4,,clip_116.mp4,2.0,6,60,train
acb63be2-fe12-424e-b4bd-f55be1837071,,clip_400.mp4,9.0,282,336,train
32fce391-92ad-4b8b-acc1-2d281c8dcbaf,,clip_68.mp4,2.0,6,60,train
cf18b2ac-1ac1-479f-9ac5-67895ddc45cc,,clip_156.mp4,24.0,744,798,test
9233a75d-b9dd-45a6-b8a5-7e74be001b2f,,clip_40.mp4,0.0,6,60,train
36b4206e-ca70-4b2b-8d71-da44dcb67530,,clip_14.mp4,8.0,6,60,train
2285b127-e0c3-4d11-a33e-ae7b09ee7d38,,clip_211.mp4,0.0,6,60,test
28f98633-18e4-4147-82b1-fb3ba45bfccd,,clip_13.mp4,1.0,6,60,train
21a429a5-f392-472e-8115-747da0167412,,clip_638.mp4,2.0,6,60,train
93c76588-82da-4d36-9702-267132b35063,,clip_430.mp4,7.0,138,192,train
77d46bcb-a163-4b64-a5e3-8739b7c6a4e6,,clip_605.mp4,0.0,6,60,train
aee1ff9c-0267-4cb5-98e3-bb9a46648e05,,clip_192.mp4,1.0,6,60,test
5e371011-3394-4e28-9319-1eed46cfc64a,,clip_458.mp4,0.0,6,60,train
e9df5e46-ce64-457b-93dc-b48ae3649546,,clip_101.mp4,18.0,414,468,train
ab59a098-b917-4e71-abb5-3d693277c158,,clip_39.mp4,23.0,258,312,train
d6ff244e-78bb-485e-8c8b-672efddd2682,,clip_348.mp4,4.0,6,60,train
8b89810a-353e-414f-abd8-a6e4b52c1863,,clip_33.mp4,12.0,108,162,train
b038beab-d7b9-405c-a247-eb17cbb71e7a,,clip_196.mp4,35.0,720,774,test
84e8e5ac-9df3-4067-b103-5cb37f0dfc74,,clip_303.mp4,12.0,558,612,test
9abe3d96-d4d0-45a7-a2d1-fc63c8c26364,,clip_20.mp4,17.0,354,408,train
af73cc8d-2d86-4b3e-a6db-cd7efaa4d2e9,,clip_140.mp4,22.0,6,60,train
b80ca6cd-8c1e-4916-a672-b67ac36a8005,,clip_405.mp4,7.0,186,240,train
760fd8c9-3013-4c39-9c16-2f992821de89,,clip_32.mp4,6.0,6,60,train
5bdf171f-24e9-4541-bca2-1c837dfba64c,,clip_27.mp4,6.0,6,60,train
f13a6315-786b-4da4-977c-dd6ca792474d,,clip_444.mp4,5.0,6,60,train
265cf877-4b2f-4f24-a38e-25fdb72acc83,,clip_417.mp4,4.0,6,60,train
6d89d665-9b7c-461e-b484-f3e37bfb661f,,clip_280.mp4,20.0,456,510,test
eb005c9c-68e3-41d2-9a8f-8fc400be61f8,,clip_380.mp4,5.0,6,60,train
9940e266-7df9-4d4a-a89e-4c8c8eee45a3,,clip_497.mp4,8.0,6,60,train
4317876a-3c94-4b12-bcac-b0266ea9ffb6,,clip_490.mp4,17.0,24,78,train
c9433eae-07a1-4f91-a0d3-3e5bf4473a0e,,clip_147.mp4,26.0,282,336,test
b05a9be3-75ae-4727-a969-2928a5c6d23f,,clip_273.mp4,32.0,654,708,test
d2d4ba2d-b8ce-48ed-bb11-286a551575cc,,clip_172.mp4,2.0,6,60,test
456b91ee-d79b-4fc0-aaec-a01c2c3b6849,,clip_32.mp4,14.0,90,144,train
4d09dddc-dd32-4b7a-a859-7167110da938,,clip_309.mp4,21.0,348,402,train
864f4a13-ea2c-4093-8e61-68790e3b8aa8,,clip_781.mp4,5.0,6,60,train
d18d901e-6891-48ac-9457-1f932d2ba7e9,,clip_416.mp4,11.0,510,594,train
35c6c0ca-e807-43b5-9684-01e33a5a85cf,,clip_122.mp4,42.0,402,486,train
22da8734-7aaf-4349-9b56-c1b21bc5a10e,,clip_238.mp4,0.0,6,60,test
77055964-761b-490c-b424-0b90f4fd0771,,clip_374.mp4,29.0,156,210,train
58506f68-34ae-4b4c-a16c-299475f4fc73,,clip_80.mp4,6.0,6,60,train
80793930-8e33-41df-9770-2aa98d428ed8,,clip_207.mp4,3.0,276,348,test
f4f9b0b6-93dd-4e5a-aed0-ffff01eecfc6,,clip_621.mp4,45.0,144,198,train
6bc4afaa-7b7d-4f43-b908-d16f5eb70d39,,clip_205.mp4,2.0,6,60,test
03cfe884-6d01-4f64-bd46-64fe84dd58c0,,clip_464.mp4,0.0,6,60,train
993a197a-326a-4b67-9005-40aef8b1f1a4,,clip_98.mp4,7.0,6,66,train
66860061-54c1-4631-8070-a46e651d7207,,clip_19.mp4,20.0,6,156,train
6608c337-1195-4d27-82ff-feedc7998598,,clip_422.mp4,1.0,6,60,train
5d4d1f16-b2e0-4d51-b366-d99cdea867af,,clip_174.mp4,6.0,162,216,test
a7b7ba7d-7391-49c3-a9cf-087711cf4e59,,clip_779.mp4,9.0,540,594,train
54252002-ed91-4429-918a-35c81b0780fd,,clip_99.mp4,6.0,234,306,train
d84b3fd7-7a6a-48e3-9ab7-778e67293f32,,clip_726.mp4,5.0,6,60,train
911c7a1c-4e1c-405e-9248-1acbaa37a38a,,clip_376.mp4,39.0,972,1026,train
3325bcc0-dae1-4acb-94b2-3d5f3514914f,,clip_279.mp4,8.0,6,60,test
339d2685-6670-4394-aa08-d780f44c4151,,clip_40.mp4,31.0,432,486,train
bf80b8ef-f2d1-4c1d-b7af-dcc27c0c4223,,clip_779.mp4,7.0,408,462,train
0c254348-5573-4efa-a7c6-77ae1978533c,,clip_100.mp4,4.0,6,72,train
bf7fa81d-cdc4-4d03-9b51-211ebb6edbbd,,clip_761.mp4,27.0,108,270,train
ce0c8ec7-d992-4c07-84c2-873cf662d95c,,clip_551.mp4,21.0,6,72,train
8de54f72-f3ab-402d-99de-00c2e0cf0990,,clip_59.mp4,17.0,390,444,train
27ea159d-614f-4f66-8a52-4825029920c2,,clip_166.mp4,0.0,6,60,train
113a4d45-48a1-45e3-98e3-0fae55a34ec3,,clip_69.mp4,9.0,114,168,train
f8bf1b88-9574-4d2c-90d3-3d7502051fcb,,clip_111.mp4,0.0,126,180,train
88b176fe-4c65-44ff-8d71-47962c51cb9c,,clip_46.mp4,17.0,6,60,train
d211c541-b55c-410b-bac0-3201f97e7743,,clip_215.mp4,19.0,252,306,test
ac2ad2e6-5920-444b-9664-5fda8602e418,,clip_411.mp4,17.0,426,522,train
99c561ef-462d-4890-ac24-b032e125d303,,clip_560.mp4,9.0,6,60,train
c81a4a49-89e7-4f7d-8310-5a63f1da908a,,clip_621.mp4,41.0,96,174,train
c4c45a81-dbdd-47f1-960d-c28b4fff1cdf,,clip_355.mp4,3.0,6,60,train
2299f081-efb6-42d3-b1be-c3d476a7f0ed,,clip_162.mp4,0.0,6,90,train
3ec0b0c2-39a4-4519-bb66-3acf5b26c981,,clip_127.mp4,24.0,258,312,test
316fcbd7-b4a4-4492-a670-5e0340f869b4,,clip_405.mp4,1.0,6,72,train
53825272-c8af-4c60-b079-72a5b26e6a42,,clip_549.mp4,9.0,42,96,train
bc53b10c-e402-472e-a987-4ed953519a50,,clip_196.mp4,2.0,6,174,test
e7bb1fb6-e2e9-47ed-bf8d-3485f48531f1,,clip_38.mp4,25.0,216,270,train
3950416f-8307-46b0-9f2a-9f58a0afba86,,clip_120.mp4,1.0,6,60,train
e4992c6c-934b-4627-b42d-eb879b3a4394,,clip_633.mp4,6.0,282,336,train
f131340d-732a-4578-b4f1-36d056c891e1,,clip_403.mp4,14.0,360,414,train
762299a2-e7ce-4628-9804-3480a445ced0,,clip_761.mp4,13.0,6,60,train
f080be33-c707-4084-adb2-8ff1ee46077e,,clip_80.mp4,18.0,228,282,train
d2531100-05d1-4029-9430-92d6c5328d39,,clip_685.mp4,20.0,390,552,train
ae95fe66-c854-4734-847d-db7062433c13,,clip_14.mp4,9.0,174,228,train
2ed5244a-ce8e-40ce-9a4c-2dba26c962f4,,clip_309.mp4,26.0,504,558,train
e88e9523-e3af-47eb-9a44-53304c47dc54,,clip_407.mp4,9.0,6,60,train
27d427f2-d37f-4b1f-bdff-3d994a31aadf,,clip_415.mp4,0.0,6,60,train
d34538db-782c-477a-862f-6d618539087e,,clip_729.mp4,10.0,522,576,train
2d811ba0-95bd-49c0-8c57-759c07d32ea1,,clip_307.mp4,21.0,702,756,train
75f512a1-7abd-4b8e-8969-c821918eb24d,,clip_141.mp4,28.0,378,432,train
e4c6b60d-57bc-4cd4-9797-6e7d1d6a063f,,clip_701.mp4,11.0,198,252,train
32f61120-7602-4a5c-99f8-8590626956bd,,clip_450.mp4,8.0,12,72,train
1f7a1974-c4d5-4044-9670-993826001df5,,clip_431.mp4,11.0,294,348,train
37c93149-c1bf-44ca-a48e-8cac234f8ac6,,clip_608.mp4,17.0,312,372,train
32c7c3db-190c-471d-aa72-6011fa61d368,,clip_684.mp4,20.0,90,144,train
36e4c0c2-fc05-4bf4-8c82-208c031bbfff,,clip_119.mp4,16.0,90,228,train
b6671225-e003-4d82-b75c-1a4ca0fd5a3c,,clip_140.mp4,34.0,438,492,train
ee55a89e-4f52-4175-9af4-e21cc461d04c,,clip_586.mp4,9.0,486,540,train
2764ecd6-d486-4804-bcde-b3c3dee45e96,,clip_102.mp4,0.0,6,60,train
a675e014-37e8-429f-9992-8b001599cfe6,,clip_466.mp4,16.0,198,252,train
2dbf169c-02b0-4ed4-b2ec-7e40bca225b3,,clip_105.mp4,9.0,6,60,train
5b21550e-94b4-48da-bea0-60c4f02e7e1d,,clip_439.mp4,18.0,468,522,train
e0b63649-dfe5-4ae5-b096-cb9f16e59361,,clip_355.mp4,9.0,30,126,train
125417ae-ef67-48d5-8b0e-90cc04e72c49,,clip_108.mp4,38.0,810,864,test
905af6ad-6a73-437b-84b5-1f7d7da06a51,,clip_144.mp4,17.0,126,246,train
2fa75b76-5c89-4646-9279-a35057c88fe2,,clip_378.mp4,7.0,12,66,train
dbb79934-76db-453c-86f5-39d9b34b5aa7,,clip_362.mp4,2.0,6,60,train
3568441f-e599-425e-946a-e6e7172fa7b1,,clip_278.mp4,12.0,318,372,train
d39971b4-eab3-4416-ad0f-4b605e555de5,,clip_81.mp4,21.0,180,234,train
db48309d-fe98-4e8e-8946-159b8ca8a8d1,,clip_437.mp4,15.0,6,60,train
5ec7fc52-8300-40a2-8d39-e8b9fa54fca6,,clip_168.mp4,13.0,114,174,train
245d441b-d868-47ab-a26f-d5c4029b43c8,,clip_229.mp4,24.0,414,468,test
47d2b484-27fd-4245-bdaa-b1bfd46a67b8,,clip_421.mp4,7.0,6,60,train
2563ca12-46f4-4723-b6e9-80a51f054d4c,,clip_42.mp4,4.0,6,60,train
d7dfd3e2-68f5-4e24-9334-c407a1fbce69,,clip_466.mp4,31.0,570,624,train
b954402d-18de-43e1-9475-385c37a5f00b,,clip_105.mp4,24.0,288,342,train
0e49db58-a79e-4092-abce-ef2ac078203a,,clip_268.mp4,7.0,6,60,test
753bd53b-43cf-4136-8b1e-09385a1c8742,,clip_435.mp4,8.0,210,264,train
00baf3d8-b191-4752-b9c7-84c05c73ce62,,clip_55.mp4,39.0,456,510,train
2da29cc9-555a-491c-8ca5-82e22042f932,,clip_435.mp4,12.0,528,582,train
3b8d0cf0-4edf-41aa-a856-a85dd9975e07,,clip_493.mp4,0.0,6,60,train
f6bf0ffb-0b88-4706-8252-a9a243674f63,,clip_105.mp4,31.0,426,480,train
f9808b36-35d4-46a9-b91b-203272b3e8a6,,clip_217.mp4,20.0,234,288,test
2d2a8d7c-963e-4695-9a05-4b47c555af47,,clip_315.mp4,11.0,258,324,train
e1cbf29a-b12e-41a3-96d3-a71db97cd024,,clip_782.mp4,4.0,6,60,train
64cbf902-e206-45d2-ba6a-3c45866aae74,,clip_140.mp4,25.0,12,66,train
61766933-8186-4f5a-891a-b0a3dd32bbf8,,clip_781.mp4,14.0,126,234,train
f91bf5c2-e73c-43dc-83e6-058ce3ee9982,,clip_490.mp4,20.0,66,120,train
eb0543f4-4d8c-4d63-898b-a7a4615c7529,,clip_271.mp4,17.0,282,336,test
8e90e172-36d8-4e6d-9f73-11c9f716eb83,,clip_551.mp4,27.0,6,186,train
2c8aa241-4247-4f94-9790-0b9a6a65acaf,,clip_107.mp4,32.0,486,540,test
ced8394b-ff95-41ce-89a1-9c6f4d943643,,clip_171.mp4,26.0,306,360,test
d50b6360-5e24-4188-b4b6-0de369911bf6,,clip_10.mp4,0.0,6,60,train
7f0a10a2-9d14-4330-8545-239deb8f351d,,clip_205.mp4,23.0,840,894,test
93e4d526-bc9e-4de7-ae7f-101a96db6080,,clip_467.mp4,5.0,234,288,train
ccaa741f-4cba-4278-808f-64bb121333ef,,clip_406.mp4,15.0,192,372,train
5f85ffc5-55f8-4b85-b148-b11961b54f87,,clip_109.mp4,23.0,138,192,test
4a394dbb-ac33-481f-9335-5283f4c7c165,,clip_216.mp4,21.0,306,360,test
5dc26026-0a21-448c-a455-be676504b3ca,,clip_145.mp4,15.0,96,150,train
c812b0ac-c194-4f03-a8d4-32763edc4410,,clip_565.mp4,8.0,78,132,train
7ec4c9e6-036f-45ea-afa9-f9042aea4ba3,,clip_3.mp4,20.0,132,186,train
fc9e264c-fbc6-4835-83f0-a9c4799368d2,,clip_408.mp4,0.0,6,60,train
cf830184-fd57-4da4-b263-feb184056013,,clip_114.mp4,16.0,264,318,train
882ea415-86b3-41fb-ac13-b4edad36e688,,clip_495.mp4,4.0,222,276,train
6fcdbbe0-5fdc-43b5-abf2-7fb4569d59a7,,clip_231.mp4,16.0,234,306,test
f459261a-45b2-4edc-a652-2c3ca148ccaa,,clip_28.mp4,2.0,96,150,train
c1853246-7602-443c-924b-918dd5fdc4fd,,clip_1.mp4,13.0,294,348,train
02d6d84f-1e98-4f3e-a387-973eaba824aa,,clip_155.mp4,18.0,486,540,train
73dcd3a4-6cea-4c7c-86b3-65461d855550,,clip_19.mp4,53.0,456,534,train
927009a0-dffd-454e-aced-ae742b770549,,clip_692.mp4,72.0,402,486,train
66e101d1-501c-45d1-b629-8c8c62e5608f,,clip_435.mp4,2.0,6,60,train
b79ea205-3780-424f-80ea-541467d00ade,,clip_551.mp4,4.0,6,60,train
5b2b49b3-a182-4dc1-8963-c5af6de7a14e,,clip_98.mp4,15.0,300,354,train
e40d4876-e729-492e-a0e7-bf92f2d5d672,,clip_782.mp4,24.0,414,468,train
e6639d86-430e-46cf-9f6d-d02365005a96,,clip_128.mp4,1.0,6,60,test
e67f2c95-e2f9-4030-b907-5b9e3ff8d55e,,clip_128.mp4,43.0,564,618,test
feab9aff-8661-4eb6-b294-295d572d2079,,clip_138.mp4,10.0,234,288,train
7355d836-b02a-4c25-b1d3-8777ca81df8e,,clip_373.mp4,21.0,24,78,train
2ca02a69-99c8-47b8-92af-36dc09a49a9d,,clip_496.mp4,13.0,504,594,train
7c915dc5-be34-43bd-ab81-e7fc2fcc41e9,,clip_18.mp4,23.0,168,264,train
0a53853a-1741-425f-baed-aafaab49a40a,,clip_348.mp4,3.0,6,60,train
dd5dc812-3ae6-4bdc-92e4-7cf1f969972e,,clip_187.mp4,6.0,6,60,test
089d3c31-8085-4312-9f7c-1d4098d8062e,,clip_418.mp4,13.0,492,546,train
21586ee0-d892-4c71-a55f-5877e4a3d63a,,clip_145.mp4,17.0,138,192,train
30c8dc2a-937c-4cc5-97fb-c3f9bc328f01,,clip_114.mp4,12.0,270,324,train
48c9f962-9fef-4406-b711-858aaa180928,,clip_612.mp4,6.0,210,264,train
a1fbcc4a-51a2-408a-bf12-0931de0ca2b3,,clip_141.mp4,22.0,540,594,train
33b97d18-d780-44c8-bb1b-01de4072e997,,clip_80.mp4,11.0,132,198,train
c0d47771-43de-4631-a060-570ea28b5e9c,,clip_24.mp4,28.0,318,372,train
64b837cb-d5bb-4f89-bf3f-835133e8f436,,clip_18.mp4,10.0,60,114,train
99f0c90b-aeb0-444c-8436-0acab64cac8c,,clip_356.mp4,17.0,480,534,train
7ac74ae5-7696-42d7-8d20-3f9ccee64a20,,clip_62.mp4,30.0,258,312,train
44a41f0f-d557-4bb7-a5c4-2a96ed37bd89,,clip_373.mp4,35.0,330,432,train
c7e19635-b821-4704-a376-51f6ed7e71e6,,clip_380.mp4,2.0,6,60,train
a5199a61-e09d-4c46-a3f6-7d3781fe8966,,clip_609.mp4,16.0,324,390,train
632a7ae1-c9a4-482c-9398-82dbd760e33b,,clip_21.mp4,28.0,246,306,train
58dab183-621c-4b2e-a1e5-fb06868a2edb,,clip_573.mp4,5.0,6,60,train
0365d677-2df1-457d-9a7d-998a36e0b000,,clip_417.mp4,3.0,6,60,train
7b801095-1e6a-4a9a-b084-f8648ecd167e,,clip_185.mp4,7.0,240,294,test
5dd34e9b-f19e-4754-b18a-1e901459dc6d,,clip_276.mp4,1.0,6,60,test
e40df13e-bbd8-47b8-9835-c7c178a71f03,,clip_692.mp4,57.0,156,210,train
cd84aec0-1850-45db-a460-b1342b3ba4f2,,clip_439.mp4,17.0,438,492,train
788e77c1-8f39-4484-8543-fa53a6a7941b,,clip_614.mp4,10.0,234,312,train
9f98ef89-5d96-48e5-ae98-8e0155737fce,,clip_152.mp4,13.0,6,60,train
f0de79f2-b7c8-42b2-b037-e3b6d9746213,,clip_139.mp4,18.0,30,108,train
c5ca6821-e7b6-4584-b109-306f7ca3cb85,,clip_771.mp4,16.0,606,660,train
fc662558-5141-4621-8edd-7cb4728ae5c0,,clip_565.mp4,23.0,492,546,train
ebaf8c77-f71f-4055-b190-294247239fb2,,clip_231.mp4,21.0,456,570,test
27897db3-3cb0-4f17-9c9d-01aa852c41be,,clip_276.mp4,18.0,90,144,test
9e1b0bc4-a246-43ef-8f55-997e2d9c3bcc,,clip_128.mp4,33.0,288,342,test
8202e0df-cf81-4562-ba04-4a747332dcdc,,clip_127.mp4,1.0,6,60,test
0b22f50b-eab1-4286-9303-45bad81d7b1b,,clip_554.mp4,15.0,270,324,train
fcd5fa82-694d-4c8b-878a-945173bfa20b,,clip_554.mp4,10.0,180,234,train
b80ec0f9-c160-4ae8-991e-2e2724880a2c,,clip_419.mp4,13.0,408,486,train
4135dd50-0187-45b0-870a-e8e393cb7aa9,,clip_84.mp4,25.0,360,414,train
f48194f6-7292-40fe-9a71-db3ba84d3ce8,,clip_135.mp4,17.0,372,426,train
028fc831-15b8-493a-9545-b14a0fdb13a9,,clip_173.mp4,19.0,270,324,test
c362e076-64ab-4471-9e37-2dc9fd29a2cd,,clip_438.mp4,12.0,300,354,train
6171187a-e8e1-4a24-9ed8-9fe7be9821ab,,clip_196.mp4,10.0,66,120,test
19e7c416-f770-4bfa-a889-bbb2b3211d70,,clip_555.mp4,10.0,282,342,train
8ee02a2e-a96a-46ad-aac6-598fdd396894,,clip_560.mp4,0.0,6,60,train
cd6bbf7f-9526-4330-9611-9407c5adf903,,clip_173.mp4,8.0,30,84,test
aff27263-d83b-4817-bffd-00d0a0a9cb4f,,clip_496.mp4,3.0,6,60,train
78971172-d479-49ef-b469-0ecd29f61469,,clip_173.mp4,25.0,396,474,test
c25a129d-dd31-4c4f-a3f0-a4297498050a,,clip_171.mp4,20.0,150,204,test
9d6e046b-da79-4452-8c6f-ed1729bc53ec,,clip_161.mp4,0.0,6,60,train
be910da4-5a81-437b-8671-6542f912c9cb,,clip_680.mp4,16.0,6,60,train
9320bfb4-d42a-461b-b2f6-b18ce0b14bf2,,clip_193.mp4,41.0,732,786,test
0ede8a83-3060-4ff0-b7ac-8b0b8fada9bc,,clip_467.mp4,13.0,300,372,train
eadb8568-2d57-4990-a743-db2c2c20de0c,,clip_19.mp4,14.0,6,60,train
64480ae2-b371-48ca-ab27-0626d91a3bfc,,clip_553.mp4,20.0,534,588,train
3737df2f-bb12-410c-aebd-21e7830aa682,,clip_115.mp4,15.0,72,126,train
e3bc94cc-62b2-4f0b-9dc9-20349bcd4eb7,,clip_94.mp4,24.0,468,522,train
ab2b7038-0abc-42dd-9246-881ec54b0bc2,,clip_42.mp4,14.0,6,66,train
c8d58bac-bf7f-4509-a5df-cf392e01facf,,clip_420.mp4,5.0,156,240,train
f38f827a-c6de-4997-be91-39f493f27a8c,,clip_215.mp4,13.0,66,120,test
519baadf-aee8-4353-ab32-d48bd1d04b2d,,clip_119.mp4,43.0,540,594,train
2362f9b4-78e1-4961-b4da-f750b90db393,,clip_621.mp4,21.0,6,60,train
49bbb241-ed35-456a-9384-126d78d7ac54,,clip_466.mp4,26.0,420,474,train
97747515-96b6-470f-a4f4-46027e0c1717,,clip_155.mp4,7.0,6,60,train
e078116c-de0b-4ee0-9034-59eda999da97,,clip_130.mp4,29.0,456,522,train
9320c71b-ecba-46b7-bb14-f3e21d6fc693,,clip_609.mp4,23.0,420,474,train
27a768a3-ea58-41eb-92d1-427aa1920531,,clip_782.mp4,32.0,504,558,train
896ef4fa-bef1-45f0-9627-92560c2fdf2e,,clip_403.mp4,16.0,426,480,train
d5822ba3-0de3-443e-a2c6-e47b6573aa3e,,clip_314.mp4,6.0,78,132,train
4a172b82-4783-48ee-9d64-4f284af63a5b,,clip_27.mp4,12.0,78,150,train
6e5c0782-ac88-4d7f-b429-e8d3ce709df8,,clip_100.mp4,13.0,6,66,train
16037e67-dfd2-4151-b57c-c9217413c085,,clip_449.mp4,42.0,438,492,train
8a7c88e7-6029-49d4-9934-05699b5ee504,,clip_173.mp4,20.0,336,414,test
58bc732e-7f3b-408e-9e26-f7bbf5e1b47d,,clip_40.mp4,11.0,6,60,train
b51c6a5b-ce11-4b73-abd2-29063d6cb4e7,,clip_106.mp4,6.0,6,60,test
be2e7fb0-b396-4e04-a060-f36b2cb16710,,clip_772.mp4,4.0,6,60,train
274aeabd-7530-455c-8b49-3b6066fc2572,,clip_28.mp4,1.0,6,60,train
0f7a7730-61d7-4b34-abdf-b3e131abb13d,,clip_1.mp4,15.0,348,402,train
be34dcdd-168b-4941-b9fe-5da47c9c1cb1,,clip_320.mp4,10.0,6,60,train
c194b2c4-9f62-4c81-aced-7b98ddf1b1ba,,clip_345.mp4,11.0,114,180,train
e48c3687-ea44-412d-83ac-ac46310fc9b7,,clip_206.mp4,13.0,288,366,test
af4d26f1-2a04-4ab5-9784-3c743f0a81e2,,clip_730.mp4,15.0,486,540,train
27333b0e-9396-4b27-82ba-d004701efe7c,,clip_8.mp4,38.0,438,492,train
8133b831-d45f-4296-afb0-ce8bd311ed2b,,clip_122.mp4,19.0,6,96,train
1175515e-671e-41b7-8780-8704240c981d,,clip_744.mp4,1.0,120,174,train
27db4c0a-d9f4-41d7-80c2-351991445f70,,clip_621.mp4,43.0,138,192,train
1c0f28d4-8138-4150-a2a7-f5ef90a132c8,,clip_252.mp4,5.0,6,60,test
053a8a40-b10e-48d8-815f-a898874bf931,,clip_276.mp4,30.0,702,756,test
678cbcad-470e-4915-a1b6-966d66b133ae,,clip_323.mp4,13.0,426,480,train
1bed4ef9-b370-4a4a-8daa-721e46649843,,clip_40.mp4,14.0,24,78,train
86b5be82-b893-44b0-afe3-817fb374d962,,clip_498.mp4,7.0,18,72,train
31cc882e-3a0d-48a6-9e03-9cd922968ab8,,clip_178.mp4,11.0,336,390,test
c3bf49bc-9d8d-450b-96c3-683be8f93b5f,,clip_91.mp4,0.0,6,60,train
5f6009ce-b0fa-47f1-ae5c-8e570b9732d0,,clip_84.mp4,0.0,6,60,train
52932ace-a9ca-4d0a-8e8d-c84a57af0314,,clip_680.mp4,30.0,480,534,train
0c6b83df-ad76-4558-a75d-ebff2d202579,,clip_195.mp4,11.0,174,240,test
76231b62-bf74-4da4-b9f8-213ac2f2ba1a,,clip_771.mp4,15.0,594,648,train
a8d5b09c-5c6a-4fbb-8024-7e42b8628109,,clip_197.mp4,5.0,6,60,test
d93556ad-8669-4923-b35a-47f8742b2981,,clip_680.mp4,8.0,6,60,train
c95c2a16-244e-419f-ad54-f98b81f44f28,,clip_134.mp4,29.0,348,402,test
11dd2dc5-817f-44b9-8a1e-194b0cdc00a4,,clip_358.mp4,0.0,6,60,train
508ed2be-7c5a-4bc2-8613-e84c43a53520,,clip_105.mp4,0.0,6,60,train
0ee57268-84ab-4e17-bbb6-2984f2052ac7,,clip_467.mp4,15.0,486,540,train
d16211bc-35df-4f82-a9ed-133638fe99b3,,clip_19.mp4,13.0,6,66,train
b0ea8657-ac82-45a5-a7bc-e880c91b13ea,,clip_135.mp4,10.0,126,180,train
3f87a8af-1d92-422a-a666-d36791876482,,clip_62.mp4,29.0,252,306,train
1a165522-02e0-4061-a8f8-1a0d7416a588,,clip_131.mp4,7.0,6,60,train
4db12ffe-0836-4d86-82f5-3617c2ba9263,,clip_124.mp4,7.0,6,60,train
13b40db8-9613-49c4-b7f3-2edf96d3504e,,clip_577.mp4,19.0,156,210,train
0b4622ae-4a09-464c-aa33-6550d095635d,,clip_551.mp4,61.0,438,492,train
05dd38bc-da50-4bd1-a09a-fe7812273b73,,clip_208.mp4,1.0,6,60,test
5f0298b9-d1c9-4cab-97a6-121d02d42d21,,clip_60.mp4,15.0,72,126,train
883d15b8-7037-4f84-bce3-e82b457a95d0,,clip_621.mp4,52.0,192,258,train
065c7cb5-d653-4fe1-8329-5fd12a96eabe,,clip_405.mp4,28.0,168,234,train
fb8940ca-7a2e-4c12-ba1e-113ec83aaa75,,clip_37.mp4,2.0,6,60,train
6e4f89ce-48db-4e5c-b4e6-ad71c5577111,,clip_92.mp4,14.0,516,570,train
b90d40e2-2265-445d-a579-d61619b798cd,,clip_29.mp4,2.0,66,120,train
9a5e97ec-8fbb-4f0b-b746-6e829b62d6fe,,clip_305.mp4,10.0,6,108,test
b5089458-f5b9-4193-8cf2-b094a7ef667b,,clip_490.mp4,16.0,18,72,train
4f368c1b-2439-4d1e-b48e-5fa28a3cb032,,clip_385.mp4,24.0,522,576,train
4d39012b-25dd-4649-b680-94210ea8eece,,clip_385.mp4,1.0,6,60,train
6e46d34c-245f-45c8-aa23-5df027a3e51f,,clip_382.mp4,8.0,6,60,train
58125eaa-967e-4270-bdba-71d6857f8c45,,clip_131.mp4,16.0,528,582,train
e8105a59-9db1-49e6-a73e-0a642dfd128f,,clip_320.mp4,13.0,150,204,train
36783fcd-1dea-4b34-b8b7-472a3d921901,,clip_168.mp4,14.0,156,210,train
96ce88f6-efd1-4ce9-b3a4-de4754f40b18,,clip_418.mp4,11.0,456,510,train
9744be5b-3664-4f5c-b0bd-971b7eef5d92,,clip_177.mp4,6.0,6,60,test
45faeae8-b057-4084-9bff-d0fbc576e350,,clip_466.mp4,18.0,210,264,train
e4647fc9-eb42-49c9-ae65-7f9ece06df3e,,clip_122.mp4,14.0,6,60,train
2f1aaf91-88cc-4425-b140-e983984911ff,,clip_337.mp4,6.0,6,60,train
64e8c273-b289-4d6b-8fca-fea91a9cc050,,clip_621.mp4,13.0,6,60,train
fc5c739c-4060-468b-877c-cc978246a108,,clip_18.mp4,20.0,150,204,train
8901f616-4793-4c17-8299-ebc5168da340,,clip_180.mp4,17.0,270,324,test
61095c7d-cdb7-46b0-9b55-2ed08d17600e,,clip_19.mp4,34.0,108,162,train
5f25560c-d1bc-46a4-849b-741eb8e858d4,,clip_361.mp4,15.0,450,504,train
473f7379-a1e0-4ca7-9078-9e5f26db0dda,,clip_775.mp4,11.0,6,60,train
cc77369f-b57f-432f-b40a-9e845d9aab0b,,clip_151.mp4,11.0,192,246,train
91f1517b-af22-4e58-98e1-4d827444f97f,,clip_43.mp4,9.0,114,168,train
3eabdcff-eed2-4401-8f64-556b6945b975,,clip_17.mp4,0.0,6,60,train
38458248-f04f-4e7f-9f4d-86f52f250ca3,,clip_413.mp4,17.0,504,558,train
d6f162b2-757b-431f-941f-a30628cacd41,,clip_461.mp4,3.0,6,60,train
e84484a0-b784-46e7-b318-85cc1df4e065,,clip_10.mp4,9.0,6,60,train
f785aa45-6811-443f-bce8-ca15ceaff69a,,clip_744.mp4,25.0,480,534,train
e64d4d00-03b1-4fee-ad08-5cffa546bb2a,,clip_193.mp4,44.0,834,888,test
bea4ab3f-faa1-4ab8-908a-3e23f050708a,,clip_350.mp4,0.0,6,60,train
ec89ba2c-9e1d-4448-982d-02140e2bdbec,,clip_496.mp4,14.0,504,576,train
997a0a0a-97fc-40fb-9194-9dc17642b3fe,,clip_46.mp4,36.0,312,366,train
c74380ba-a498-41b8-80fb-7ec4d6551d1a,,clip_236.mp4,22.0,438,492,test
31048e21-ca31-402f-b118-dc048bde5fc9,,clip_237.mp4,21.0,474,528,test
b04514d6-b45b-499d-965c-d0027c023574,,clip_8.mp4,32.0,384,438,train
1c08359c-7f3b-4bbc-9278-a060fe06090f,,clip_69.mp4,16.0,384,456,train
c7413f85-4c04-4e0b-aacc-427f16fe737c,,clip_692.mp4,64.0,294,348,train
4ef5ca23-c4b7-46be-914a-9c0fba1d78c0,,clip_3.mp4,62.0,606,660,train
e555cad5-28d9-4de3-a0fb-85da11a8004a,,clip_401.mp4,15.0,78,156,train
14c507f9-132d-4942-9825-29f48d96997f,,clip_156.mp4,27.0,792,846,test
790c319e-60c2-45c4-a3aa-41794be9e97e,,clip_140.mp4,35.0,438,498,train
ec29ba88-28c7-4901-98f3-20ff84c268ff,,clip_577.mp4,24.0,450,504,train
4b3826ad-d542-4234-9dca-0f66667a9af3,,clip_188.mp4,10.0,426,480,test
57ffbeda-4739-44c9-ae62-1803a5c34e3f,,clip_22.mp4,13.0,102,156,train
9728bae1-2abd-4949-8e8f-55dc0d8554c3,,clip_272.mp4,7.0,6,60,test
e1cd90da-5ea2-467d-b92f-db9cc46822b1,,clip_25.mp4,18.0,84,150,train
9fd4b543-48ff-469e-86f1-3c7994ddbd3e,,clip_134.mp4,23.0,186,240,test
acec05a7-6b7e-4300-84d5-74c60a05329b,,clip_43.mp4,15.0,432,486,train
8c8c7862-0826-4062-894d-56545f35d96e,,clip_238.mp4,6.0,126,180,test
ecd0b6c3-c0b9-4a6d-a32e-a1a993acabee,,clip_230.mp4,9.0,6,60,test
15d078ad-89c7-4714-ac85-30566095cc2a,,clip_27.mp4,8.0,6,60,train
7569d9a3-4921-4eef-ac6c-205949d72bc2,,clip_249.mp4,11.0,156,210,test
583fed90-be0b-416b-96b9-2ff95a797223,,clip_62.mp4,17.0,30,126,train
df9fb80b-ea9f-41a3-8990-2a6ce870486a,,clip_560.mp4,1.0,6,102,train
fde9951b-e25a-4a1a-8c91-4fde90c01b2c,,clip_315.mp4,6.0,6,72,train
69635c0b-3774-400b-8363-348c4a4fb142,,clip_133.mp4,4.0,6,60,test
2742d32f-78ad-46c5-af77-40cd1a019822,,clip_348.mp4,6.0,24,78,train
190d396b-cc21-4cab-b8de-4ff1bd034f55,,clip_491.mp4,40.0,528,582,train
9f8ce1a1-b8e9-4968-8826-605543be26dc,,clip_73.mp4,0.0,6,60,train
64a58469-56d8-4629-a0fb-6565063baaa3,,clip_156.mp4,15.0,258,312,test
23a38b8c-9dfb-40e7-af62-ac3645e0e06a,,clip_449.mp4,45.0,522,582,train
20fe840a-683d-4ae9-b6d9-ef87e28b5fc6,,clip_446.mp4,3.0,6,102,train
da0fa02a-3849-4316-864c-e734066c3f6a,,clip_37.mp4,25.0,396,450,train
7f42f4b4-b8be-4e4b-a71f-38a5d0c1c243,,clip_638.mp4,10.0,144,252,train
51568cd9-9fa2-4bea-873b-69c03a81b1b7,,clip_621.mp4,38.0,72,126,train
b689a930-69ea-4be1-b615-4691d2c2b440,,clip_294.mp4,13.0,270,324,train
393814bf-3d27-4714-834b-b9cf0ae6e76b,,clip_80.mp4,23.0,270,324,train
a485b50d-3e58-439c-9ae4-ce321e094d53,,clip_14.mp4,12.0,210,264,train
e6d48c1f-58bf-4049-9e4d-4a0274a1be6e,,clip_376.mp4,42.0,984,1038,train
7a8d213a-0d77-4b55-a90a-571cb7170b74,,clip_205.mp4,12.0,216,270,test
6770b705-85ac-426f-9c08-4361ebf9fd71,,clip_22.mp4,17.0,126,180,train
3e195228-a439-4f74-a70f-7a67082e03f0,,clip_171.mp4,31.0,798,852,test
57c8e5a3-6e89-4963-9746-32e58cee3ea5,,clip_309.mp4,2.0,6,60,train
01149ed9-5ffc-4696-9711-7c3a6651f113,,clip_82.mp4,14.0,282,336,train
4603d8e6-3a0c-490e-a365-833b90285961,,clip_46.mp4,33.0,264,318,train
eb0f1b24-395b-42fd-9cc1-af3ac7c231bc,,clip_621.mp4,56.0,222,282,train
a6c7312f-3f44-4ece-9cb5-cfadac84ac02,,clip_400.mp4,5.0,6,162,train
ef67aa1a-12a3-498c-acb2-26b7ff3b30d4,,clip_356.mp4,16.0,456,510,train
499db7d6-5567-471f-bbd0-feb10f407f61,,clip_761.mp4,8.0,6,60,train
e0d62c74-1a19-4ac5-97e0-04cff803f7da,,clip_358.mp4,14.0,120,180,train
c990b7eb-44f6-4619-a4f9-8e058dfab6ae,,clip_243.mp4,4.0,222,276,test
7f5cef0b-d7b6-440d-aebe-0922185da981,,clip_690.mp4,2.0,6,60,train
c7782249-11eb-4e7a-b924-9c1f0fabf05a,,clip_115.mp4,18.0,144,198,train
7ff8b162-42bb-48ae-a3b8-877354e36090,,clip_692.mp4,74.0,408,504,train
6a1ecc19-0a2e-4e11-aae4-99d18b3e46a7,,clip_229.mp4,25.0,540,594,test
3a4d152e-5bad-4ae6-a983-5634abef350e,,clip_216.mp4,7.0,6,60,test
b998a5e1-0f03-431a-9f0c-d281af15061f,,clip_46.mp4,37.0,324,414,train
9bb52bcd-90e8-443c-8947-7b788669f354,,clip_721.mp4,18.0,516,570,train
daeb8c6d-524e-4724-9dfb-a324036e6979,,clip_134.mp4,36.0,528,624,test
0bc0a3ef-1935-4da3-9805-f9982e5bf514,,clip_683.mp4,4.0,6,162,train
2ac54369-63aa-4b98-b627-f066d0051d1f,,clip_128.mp4,44.0,564,618,test
8aa13bf0-52ff-4582-b18b-fa9c1dcf3d1e,,clip_291.mp4,2.0,6,60,train
cf356bbe-aa5d-42ce-9876-1dacad5257de,,clip_55.mp4,6.0,30,84,train
f2ada3f2-23b2-446b-8f86-347585cbfdfb,,clip_384.mp4,15.0,174,228,train
164a20cd-cc62-445b-89b1-e0e02d854cd7,,clip_459.mp4,14.0,432,486,train
1870c5ca-94a5-425c-bd5a-1499346dbe9c,,clip_681.mp4,21.0,438,492,train
e113074b-b4e0-4e76-ac24-d4a3536e2c31,,clip_290.mp4,13.0,384,438,train
ea01ef41-94eb-4960-95f9-d2151fc8dd4a,,clip_39.mp4,13.0,6,132,train
74e3371b-d6cb-4009-9ddd-b2d2f91c8f9b,,clip_9.mp4,23.0,18,72,train
c4b54043-1850-4f98-a851-a15aff7644e6,,clip_551.mp4,20.0,6,60,train
96d2da73-3c78-41f3-b2cc-30ed790c1792,,clip_26.mp4,16.0,438,492,train
f256e77d-39ea-470a-b437-ed11e8d217c3,,clip_458.mp4,10.0,354,408,train
ff9945af-0b88-41c2-ada1-d60d48e493f4,,clip_27.mp4,21.0,462,516,train
0079781a-ec7d-4f83-beab-660c8c034505,,clip_288.mp4,8.0,6,60,train
c7787450-6a4e-48c9-b21d-9e441e57f29f,,clip_131.mp4,2.0,6,60,train
c31b1990-75f1-48ed-85f3-af4c382c5c0b,,clip_331.mp4,21.0,504,558,train
9dd06b67-5dbb-4fad-b260-33a9f24fee85,,clip_621.mp4,6.0,6,60,train
c279ced0-2f0f-4e6a-9085-e155e7288bb9,,clip_108.mp4,24.0,336,390,test
971dbccf-c8fc-434f-9848-2e1e91cdb3a5,,clip_34.mp4,13.0,174,228,train
4834a8e4-09be-40d0-bc21-16b1400428cd,,clip_37.mp4,7.0,6,60,train
ec5319b2-8aeb-4833-847f-95b5597e0131,,clip_25.mp4,29.0,246,324,train
0992ed3d-a517-4cbc-8aad-51ed05144959,,clip_175.mp4,15.0,468,522,test
2c2cfc74-1215-477b-ae7a-d754aa4e4ab6,,clip_584.mp4,9.0,6,60,train
7e7656ec-2390-4dc5-ba6b-649103de8213,,clip_293.mp4,4.0,6,60,test
4fee2ef3-cb45-46e1-8a25-62de81832e12,,clip_185.mp4,15.0,192,246,test
92024fc2-ba15-4c45-806c-071d5030930c,,clip_201.mp4,1.0,6,60,test
867fbb2f-531e-4430-bfdb-7ccf8302f431,,clip_16.mp4,0.0,6,60,train
fe109d78-6b63-41b1-a3db-b49eb336b3b4,,clip_53.mp4,6.0,108,162,train
dbb80a32-f593-4d5a-9a3e-7a6f7f6b5e66,,clip_197.mp4,0.0,6,60,test
4a7e3208-0d4d-4e38-b06a-a9324a23e3e5,,clip_355.mp4,10.0,54,108,train
c993cd53-e91a-4af0-a054-a4185cfa6689,,clip_3.mp4,28.0,228,282,train
6cde8b91-77f7-4e12-a806-1446414792f9,,clip_345.mp4,12.0,252,324,train
60bef0f6-638c-4341-b1dc-06aa3f1ace1a,,clip_380.mp4,12.0,270,324,train
5fac41b4-55ec-48bd-9ca6-6d56919ddbad,,clip_45.mp4,13.0,6,60,train
24633fff-9076-47ba-a633-44e8fe6dee72,,clip_373.mp4,26.0,66,168,train
cbb63804-0d92-4200-bba4-41d58729b8f6,,clip_568.mp4,12.0,42,96,train
95a26ac1-c927-4cb1-bccc-aec09f613ba8,,clip_374.mp4,8.0,6,60,train
96d13a7e-aad9-49c6-bb0c-0d0163c9ac51,,clip_290.mp4,2.0,6,60,train
ced80265-d656-4e16-9089-e26bb0935c38,,clip_337.mp4,15.0,450,504,train
f39f48e8-a8d9-4ebd-bb30-fe86ebfd1db9,,clip_198.mp4,11.0,84,180,test
75f999d7-356f-4ff3-b425-3c8492838a0a,,clip_119.mp4,40.0,540,594,train
f1c3f1db-b132-427d-acea-31eedba14243,,clip_106.mp4,3.0,6,60,test
44078502-77ea-4e87-9f09-ffae2d0aaa53,,clip_117.mp4,18.0,612,666,test
73e2535b-73e5-43af-8291-c732f8e44eca,,clip_436.mp4,14.0,180,234,train
9815662c-83af-48c2-b7af-02a1f0233f8b,,clip_140.mp4,28.0,36,90,train
22686fb3-278e-45dc-897e-afd10a312040,,clip_180.mp4,27.0,444,498,test
ebc0a4c8-5346-47cb-8976-971e2fe94e2e,,clip_28.mp4,4.0,6,60,train
b2e61581-cf9e-4ff7-a6f5-d589105a3bf5,,clip_135.mp4,16.0,342,396,train
3d62c171-b1e4-4309-b89b-f03c6ff0eead,,clip_155.mp4,2.0,6,60,train
bcb23277-2454-43f1-ae92-0c88cc45902f,,clip_551.mp4,10.0,6,66,train
777b1891-c03d-43b1-af02-d2fa5b9ebc14,,clip_358.mp4,8.0,18,72,train
cc2e22f6-4423-4747-aaf0-521ddff20462,,clip_174.mp4,10.0,462,516,test
f739d93e-d5d7-498c-a268-b6d615a429d5,,clip_134.mp4,22.0,156,210,test
03a7a9b1-163c-43fa-9a81-760b34ff2e5f,,clip_320.mp4,0.0,6,60,train
6e3a245a-9785-4b22-8604-a1e2dd97bd83,,clip_554.mp4,2.0,6,60,train
87ddca43-d307-44f0-b8bd-0930f3e04539,,clip_353.mp4,14.0,168,222,train
c37de338-2d07-44d4-af0a-09cc2f44d372,,clip_310.mp4,12.0,300,354,train
594860a5-8964-41e8-9629-2ff3200f51bb,,clip_565.mp4,17.0,396,450,train
4bd1f8bd-ab18-4486-8449-14673ad031ab,,clip_560.mp4,5.0,6,60,train
127ec57e-ae89-4e9b-9750-2a9ecdcd83ad,,clip_22.mp4,22.0,252,306,train
31861c71-cf78-4a4f-a1a6-f8770c00eb72,,clip_123.mp4,25.0,126,180,train
4c8b7296-3599-42ca-a1cd-905dafbebf6b,,clip_588.mp4,14.0,192,246,train
53e0cb85-fae9-4cc1-b80e-fe0d71ad1bcd,,clip_71.mp4,11.0,60,132,train
3e8b502b-93c0-437f-a707-7288ae2502a4,,clip_148.mp4,27.0,888,942,test
3c4e529c-fc39-4999-baae-93ecb1b68e73,,clip_19.mp4,11.0,6,60,train
632e93eb-28fe-4be2-8935-e9850dd54190,,clip_491.mp4,27.0,198,252,train
608ae31d-d77c-45ae-ade5-b883085964e3,,clip_134.mp4,31.0,432,486,test
b739d16e-64c5-4310-832e-be75565f4b6e,,clip_466.mp4,23.0,246,300,train
60d9bf7d-0d51-467e-9c3d-21addfb4acdb,,clip_197.mp4,11.0,6,78,test
fa5ac703-f62c-4805-9125-99986c7cdcc9,,clip_455.mp4,21.0,300,372,train
61ec1ba8-b6b8-4166-bbd7-c2e4155d8fbf,,clip_69.mp4,4.0,6,96,train
7cd46759-a603-4377-a8e1-63a1683d5679,,clip_376.mp4,40.0,978,1032,train
c4fb0851-0b4c-4092-8458-f82a9680f056,,clip_460.mp4,10.0,114,168,train
789e851e-5c6e-49d9-a896-ada16b3ba090,,clip_724.mp4,4.0,36,90,train
c097fa9e-e74e-4344-9d20-c10b35a6469d,,clip_55.mp4,15.0,6,60,train
cc5145b2-9982-4533-8e54-5eb6b557a0a8,,clip_60.mp4,22.0,426,498,train
424736f8-edae-4218-bbe5-385d8dc974e3,,clip_223.mp4,0.0,6,60,test
c1914b37-83be-4135-84de-83932cb211b3,,clip_178.mp4,9.0,282,336,test
afbafd81-9db9-433e-a55d-c706ebc5060e,,clip_26.mp4,8.0,6,60,train
62f10d1d-7a84-43f7-ae24-9b163047641c,,clip_177.mp4,8.0,6,90,test
0915451d-dbe5-4daf-bca7-e10d11878fa0,,clip_457.mp4,2.0,6,60,train
81169be7-e27e-46ee-b860-c49ff39aa50e,,clip_98.mp4,21.0,114,192,train
f8a32c6f-a20d-4020-8138-7b4241072455,,clip_782.mp4,11.0,108,162,train
c2f56aa6-f6da-48c4-9612-81cbdf80155a,,clip_309.mp4,17.0,60,144,train
701bc175-39ee-4fe2-bee5-799c49e75c86,,clip_456.mp4,9.0,6,102,train
00cf3145-9203-4ac9-881e-f116c9ae615f,,clip_14.mp4,3.0,6,60,train
27e8709b-5b14-4244-b782-b5c5843b4e8e,,clip_209.mp4,12.0,6,60,test
5160c777-e155-4651-b02a-914fa6e16821,,clip_701.mp4,13.0,372,426,train
4782ad3f-5700-4a2a-8457-58bbeafe92b7,,clip_546.mp4,14.0,342,396,train
b1025adc-9454-4889-ab20-de5a7f3cabfc,,clip_35.mp4,26.0,474,540,train
19a06d40-7533-46e1-a2c5-64e484dfc540,,clip_55.mp4,13.0,48,102,train
11a535db-945b-44a2-b6ff-58092442358f,,clip_19.mp4,9.0,6,72,train
29aad6cc-b14d-4803-b065-9c26b2c8ded5,,clip_19.mp4,57.0,528,582,train
9d8c38ee-3ad6-42cb-95e2-f728b3416378,,clip_419.mp4,11.0,30,84,train
95e3beb7-04a0-4951-8447-bd7886c805a7,,clip_490.mp4,13.0,6,60,train
e778a5d4-6aed-4f6b-a494-f951b16f04c6,,clip_141.mp4,15.0,96,174,train
a1fff531-52a8-4a6e-b4fa-dd3d1ed7ef75,,clip_195.mp4,16.0,468,522,test
4fed7bf7-871e-4844-8556-bd0c281b4019,,clip_782.mp4,8.0,30,84,train
2c6576a0-89c0-46bc-bdfe-100c9d2d8698,,clip_683.mp4,11.0,282,396,train
3fd71d2b-c737-40f5-9a1d-1670cdbe5e9d,,clip_141.mp4,7.0,6,60,train
91964c3e-1a61-4837-bfa2-36440f41f9da,,clip_19.mp4,18.0,6,108,train
3fc7cca2-80be-4580-a698-857871a7ee46,,clip_160.mp4,0.0,6,60,train
1d3e10dc-8466-4eb6-ae4f-afdb01d8525b,,clip_446.mp4,18.0,36,126,train
192d0bd6-f912-4640-bffb-95bf0e98656f,,clip_216.mp4,6.0,6,138,test
0ffde503-dd48-40cd-9c68-7698d196520d,,clip_171.mp4,18.0,120,252,test
e19715ac-5a58-41d7-bf1f-3652fc8db299,,clip_469.mp4,7.0,216,270,train
f204eb89-8f60-4282-8b84-8539a4ee6a2e,,clip_443.mp4,7.0,6,60,train
e4701e24-da59-485b-b91b-c00b2aa1f363,,clip_456.mp4,7.0,6,60,train
afd1c023-cc08-4d39-86a1-9b7c41e51b96,,clip_243.mp4,9.0,456,510,test
3dad61bf-098f-43c5-9dbd-ab06c1c26c8b,,clip_605.mp4,16.0,438,492,train
49ded299-d030-4ab2-a10d-5f6ec16a5cc7,,clip_621.mp4,68.0,366,468,train
b6028d28-2c2d-4cab-bce7-588254767cdc,,clip_141.mp4,26.0,540,594,train
cecdb90f-ce02-4a98-b1a4-4269d196cc38,,clip_450.mp4,14.0,468,522,train
6ba630f6-22dc-49dc-9cb5-f328aee7fd71,,clip_133.mp4,1.0,6,60,test
a3dc3620-c2e5-44f4-8add-71dee6c04dc8,,clip_13.mp4,12.0,486,540,train
cba9394a-e1b5-4e3c-9d24-ee93a1859db3,,clip_229.mp4,26.0,540,594,test
aba37679-695a-4345-aa5b-e02b92d380b3,,clip_26.mp4,19.0,498,552,train
198e1a45-7161-4392-9650-87d957d66938,,clip_773.mp4,15.0,72,126,train
79a875f7-52a0-4c1d-8b5f-075a27014df7,,clip_384.mp4,1.0,6,60,train
5d24a664-a535-4a37-9adc-e3014bc6f512,,clip_449.mp4,36.0,348,420,train
52f7e6a9-78a0-434c-8f38-796c0efcc1ae,,clip_383.mp4,19.0,534,588,train
64b93cde-f3e7-4e2d-bf7a-000a97ab298d,,clip_414.mp4,9.0,6,60,train
b6770eaa-b23a-46f6-b7cd-c8ad6d5d8b12,,clip_93.mp4,12.0,156,210,train
5a9f9121-275c-4ff8-bd63-3f9d89d6aed4,,clip_387.mp4,17.0,444,498,train
24a899ff-3bfc-4469-aae8-c143432ead6d,,clip_609.mp4,11.0,264,318,train
187c32f6-bd15-46e6-a1c3-85f9145c125a,,clip_621.mp4,66.0,342,402,train
6746510e-f4ee-4d75-84e2-e362cfbb2657,,clip_551.mp4,54.0,192,276,train
80bc847f-45d0-49b6-a316-4fd90602dcc8,,clip_193.mp4,16.0,126,180,test
be13a68e-b97f-4f44-8be9-da8d78f7ed12,,clip_140.mp4,20.0,6,84,train
f3b52ab3-2573-468a-8761-f1b824c7b7fa,,clip_133.mp4,35.0,312,366,test
6ebe1f5e-ff7c-4912-82ac-aeded3b8134f,,clip_355.mp4,25.0,474,528,train
4754acd3-4973-43f2-afda-63ef1ac2aff4,,clip_180.mp4,20.0,306,360,test
ac21ac52-fa5f-4d2d-8f21-442eb148b05b,,clip_765.mp4,2.0,6,60,train
4d548531-15c5-4c25-8a9c-f16dd7c944f8,,clip_318.mp4,13.0,150,306,train
96be9e44-4d5e-4de5-907c-cdde9657202e,,clip_104.mp4,0.0,6,60,train
15155f22-7b8b-44af-be22-f95fb0f38570,,clip_139.mp4,2.0,6,60,train
6e90699d-52d3-48c5-a935-a8a984386250,,clip_290.mp4,20.0,528,582,train
4969e713-74dd-48da-b35a-7e8bdaa4c4a1,,clip_85.mp4,0.0,6,60,train
23a1cfa0-149c-4dd2-8d00-a937cfef035e,,clip_457.mp4,14.0,480,534,train
a069c58d-9d96-46bb-82ae-1627cfa7c807,,clip_758.mp4,0.0,6,60,train
602895c3-1a14-4388-a910-86271b4a0c74,,clip_18.mp4,29.0,198,282,train
44eb75c0-9705-41ac-96ae-01b31c9ed619,,clip_171.mp4,29.0,360,426,test
e11d90f5-3f88-4ff0-984b-5a6c5441cf9a,,clip_283.mp4,10.0,126,192,train
811122ae-24af-4cda-a949-5daa611742f3,,clip_628.mp4,21.0,54,150,train
607ab840-94d5-4298-b1ee-2d26369db68b,,clip_38.mp4,20.0,156,306,train
bc7a9d47-01be-4c4f-b2cc-e516b641bb7e,,clip_456.mp4,22.0,222,276,train
5cea1fac-47e1-46bf-bbc3-c9fa5eb19bc2,,clip_206.mp4,20.0,990,1044,test
42bae5db-2c3a-426d-bca7-923c8858be9c,,clip_140.mp4,24.0,6,72,train
31007b34-04bb-4faf-baf3-7ca618e51a3b,,clip_84.mp4,17.0,150,204,train
e479e7b1-68cf-4b1f-9edc-13417d1ca0fe,,clip_171.mp4,27.0,312,366,test
aaee06cb-b6d9-43f3-a6d6-87f03dd2cab5,,clip_62.mp4,16.0,24,78,train
06909b15-e7e2-42ef-8b6c-ff74b41dcad0,,clip_79.mp4,6.0,6,60,train
45b6310e-ed4c-438b-afa1-26bc86e46950,,clip_229.mp4,23.0,540,594,test
3078ea2d-0253-4e74-bfd8-5d5389b06915,,clip_361.mp4,4.0,6,114,train
aff6fe11-a1c8-4822-8e3e-ed4c21d6a778,,clip_428.mp4,11.0,300,372,train
e21cd58f-1a94-4d6e-9412-6f22d8eecd7d,,clip_81.mp4,10.0,6,60,train
24a9216d-50b9-4b84-8059-e6c612a17979,,clip_230.mp4,16.0,420,522,test
7afd9984-2c2d-42f0-9e3a-cdf313aad7a2,,clip_683.mp4,13.0,480,534,train
ef992f79-36cc-4dac-86be-05ea563c065b,,clip_607.mp4,1.0,6,60,train
5acacf95-5f4a-41d5-b8b6-b845e9ee3603,,clip_584.mp4,12.0,450,504,train
dcf08702-fc91-432c-91fa-72c88cf50f74,,clip_680.mp4,4.0,6,60,train
aa207ccc-6dad-49b2-96ce-077ccf2221ea,,clip_59.mp4,13.0,300,384,train
04b768e3-9711-4895-9ee3-5442540164a2,,clip_230.mp4,19.0,534,588,test
62cf32ce-4371-4076-8b7b-e000306eb04b,,clip_19.mp4,29.0,90,186,train
27de44dc-c4d1-4121-8942-10a7932484ab,,clip_59.mp4,15.0,312,366,train
08e9d709-9c0f-49fd-8160-bdd72ec49c8f,,clip_4.mp4,0.0,6,60,train
e76c6ced-9cda-4fa4-a15a-5f6668e53070,,clip_415.mp4,13.0,438,492,train
461fc0d1-2f1f-434d-8f25-619e9d38710b,,clip_135.mp4,9.0,90,144,train
0e00b915-3c7a-4dda-abd5-3871c97b01f5,,clip_308.mp4,8.0,30,84,train
c7a3746b-8030-4833-9276-1ca9fedf04d8,,clip_119.mp4,9.0,6,60,train
bf545ba7-c790-4aef-8f5a-31d69c5ba627,,clip_579.mp4,14.0,354,414,train
71468ed4-530d-4557-8b41-98bdd75d3783,,clip_129.mp4,10.0,342,408,train
834b63d6-7653-4092-8ce9-1c2a990c51da,,clip_283.mp4,16.0,366,420,train
f69e7475-a65e-4cee-96b6-964f4a9fda86,,clip_491.mp4,11.0,12,66,train
8f601f24-37e3-4148-ac69-e299cc372f14,,clip_92.mp4,12.0,426,480,train
2368fa8a-0f4a-482a-bb87-653be12b7bb2,,clip_130.mp4,14.0,306,360,train
fd8c811b-9dab-4ff9-9ce7-4ad10f5f572a,,clip_356.mp4,0.0,6,60,train
6c7ae4a4-2426-4455-a721-bd28454155e2,,clip_140.mp4,5.0,6,408,train
780bdc2d-61aa-45d7-bb95-f75bd0883174,,clip_415.mp4,5.0,6,60,train
02287a38-d426-44b3-bed5-b0bd2fb41ab2,,clip_781.mp4,15.0,138,192,train
202a5339-68dc-4547-8dc2-88f67c36345a,,clip_555.mp4,8.0,6,204,train
6c62cfa0-e343-4758-8d8a-6da7605152a4,,clip_628.mp4,5.0,6,78,train
3e197e99-6d42-4d44-bc82-897bca6a2055,,clip_137.mp4,9.0,90,168,train
25b0efe0-45d6-46a8-983a-543d5c47fa39,,clip_692.mp4,45.0,78,132,train
e745e569-34ab-4626-8b97-d1a6c9690eb9,,clip_231.mp4,0.0,6,60,test
ed9e869d-199d-4998-807d-4e137ff18ab4,,clip_554.mp4,11.0,222,294,train
ac3b4417-5803-4491-b5ac-57a1422590a9,,clip_24.mp4,38.0,540,594,train
bdb15eb2-9ba9-4527-9ca5-bdf777036308,,clip_283.mp4,27.0,516,570,train
a505e1a2-4680-453f-bac6-0e75f3a0b222,,clip_466.mp4,12.0,36,108,train
16c72746-1a71-4813-b8ba-6baee385ee37,,clip_134.mp4,13.0,72,126,test
4ac7e907-1df7-4b4f-bb84-d87b92309163,,clip_761.mp4,16.0,6,60,train
7fb5d759-5592-4d0b-a39c-1eb338de1978,,clip_188.mp4,12.0,516,570,test
48d1c688-d9ee-463a-a748-241293136259,,clip_48.mp4,2.0,6,60,train
dc89e70c-5a69-4abf-944f-5d0da47c1349,,clip_439.mp4,8.0,6,60,train
a3333828-fa9d-4b91-9229-3b09c3d6139f,,clip_166.mp4,5.0,6,60,train
33c08c31-c271-412a-b5a4-09725e145577,,clip_118.mp4,16.0,438,492,train
a7820dca-7b27-4115-816e-96546df04a5d,,clip_280.mp4,21.0,624,702,test
719a6914-1db8-4682-8a01-144e562ea26f,,clip_676.mp4,1.0,6,60,train
71698a48-ae9f-45b0-b549-c206e2378648,,clip_549.mp4,23.0,726,780,train
4f588682-a413-4269-b0d8-9a1f624eed3d,,clip_375.mp4,7.0,174,228,train
809af24b-e427-48a9-a5ec-1c0aab96b613,,clip_194.mp4,11.0,498,552,test
8c6407a6-017a-454f-9142-79f6575135ff,,clip_490.mp4,18.0,48,102,train
8e738eff-cf28-4690-aa41-e092bda08530,,clip_722.mp4,16.0,426,498,train
bbe33891-04a5-40e7-af7c-9b41d3417977,,clip_441.mp4,25.0,402,456,train
07125585-92be-4309-b5e7-6b2b3fe96961,,clip_712.mp4,12.0,414,468,train
a228230f-1b5a-4c8f-9503-163b6b982e27,,clip_546.mp4,2.0,6,60,train
03ac4dd5-66cf-4e51-bbd1-7b066e308d4f,,clip_449.mp4,44.0,510,564,train
4d247187-f266-46c0-8bbd-3fbdd12f55cf,,clip_147.mp4,2.0,6,60,test
435676f4-fb4c-4be4-be25-bab5f05fc91c,,clip_123.mp4,19.0,48,102,train
7dd2c2b8-7f49-4a4e-856d-0423c01341bf,,clip_376.mp4,34.0,924,978,train
918f0a4d-11b8-4823-8336-55dffe8e7a65,,clip_69.mp4,5.0,6,60,train
18a9f91a-fbad-4178-9819-e904e1bcff93,,clip_772.mp4,8.0,6,60,train
009f9bc4-1f01-483b-80bf-fd034748e47c,,clip_775.mp4,1.0,6,60,train
d957af0c-34c5-4005-9814-91d9a3378c05,,clip_491.mp4,29.0,210,264,train
8e06ecdc-da37-42eb-a003-6d5144ed7a22,,clip_24.mp4,20.0,42,96,train
1f1fd8ed-b3f7-45a8-85da-45b1d75d15dd,,clip_44.mp4,13.0,348,402,train
47a92026-ff76-4205-a3b2-7f15b9958723,,clip_169.mp4,14.0,156,210,test
09acccef-0be8-446c-bde7-c774211ec409,,clip_374.mp4,1.0,6,60,train
ee13f8ce-6371-41c3-8336-5a8b06a012ba,,clip_172.mp4,6.0,48,102,test
833c372f-aec1-4fc4-830f-e854b55c8fed,,clip_133.mp4,8.0,6,60,test
d9e3ee29-cb6b-40e3-a575-7a9f4b48c1f8,,clip_134.mp4,1.0,6,60,test
e4596edd-4eaa-4b09-9450-dba67d10c254,,clip_331.mp4,17.0,252,336,train
beaaba21-579d-4348-84ac-8eda6ca39dad,,clip_451.mp4,7.0,6,60,train
04b41b4b-200f-423f-9304-3f5fc3f7b844,,clip_216.mp4,17.0,540,594,test
05c34eda-40ca-4a5d-92ce-c2e3e87d330d,,clip_230.mp4,5.0,6,60,test
fcab14f1-994a-470c-8d6d-8899174b8ed7,,clip_761.mp4,32.0,186,306,train
91773b11-4752-495f-b8d6-e313eb246211,,clip_36.mp4,14.0,216,276,train
1153b30b-96a7-43ce-9c92-d1dbe8add1eb,,clip_605.mp4,11.0,66,210,train
486a1ad3-10cf-41f8-bbad-bfbd4a3fdad0,,clip_55.mp4,29.0,132,186,train
4bb03faa-59cd-4199-9d78-474b959e6289,,clip_307.mp4,2.0,6,60,train
d6e7b99f-aa54-4069-8a41-fac951c203e3,,clip_446.mp4,24.0,540,594,train
bb4930c0-11ed-4df6-b226-cbb8685975bd,,clip_12.mp4,20.0,396,450,train
16bea056-f2d3-4d38-9b5c-874333b4312b,,clip_781.mp4,7.0,6,60,train
22ec2712-5da4-415c-a8f7-bbc5dd934d66,,clip_364.mp4,6.0,480,534,train
5b2faf7f-6604-48fb-a5de-90a035320c0f,,clip_139.mp4,22.0,78,132,train
9dda2a4b-6be2-493f-a720-48265e275b29,,clip_456.mp4,31.0,552,606,train
698fd1b4-d77e-4d1d-b3bd-77d575e137de,,clip_621.mp4,71.0,402,456,train
ecbec8a4-d8c6-45f1-817e-8542734a2134,,clip_138.mp4,12.0,258,324,train
b5734eb7-1deb-4631-bffd-d98c420f9286,,clip_46.mp4,8.0,30,84,train
caa46e03-7814-49fe-8253-27015861c96e,,clip_19.mp4,56.0,492,546,train
260dbd48-2868-4005-9c81-dc147071aac8,,clip_588.mp4,17.0,264,318,train
4128cac3-e156-45cd-ad60-e246f6957f07,,clip_82.mp4,18.0,348,402,train
8fef1c7b-ed20-4baf-951d-e1ca7e6ca621,,clip_633.mp4,1.0,6,78,train
4c036a8a-a3d9-4357-9dd6-8b6bbdc6736f,,clip_46.mp4,24.0,360,414,train
725c6bcd-f9b0-4321-85cb-b089c8e433cf,,clip_68.mp4,0.0,6,60,train
93b6864d-6c5c-4a30-ae8a-4da814ad2ffa,,clip_211.mp4,2.0,6,60,test
9afd5bb3-37ff-4b6a-a2c2-d87dab863277,,clip_204.mp4,2.0,6,60,test
f1f9a8f1-ded9-472b-b026-243b3a5bf3f8,,clip_385.mp4,25.0,528,582,train
f15c2abc-999e-4bc2-b095-b26063ef0a4b,,clip_761.mp4,4.0,6,60,train
299126c0-82c6-45bf-bd3e-0057c7725214,,clip_133.mp4,22.0,108,162,test
d65de721-2c0d-44d8-aa2a-14dbd0052043,,clip_272.mp4,9.0,6,72,test
6bd74753-ea5d-44a5-9bd8-31a06016992d,,clip_36.mp4,15.0,270,366,train
6f383af7-bf7c-4e5a-82a2-132318c6c076,,clip_193.mp4,10.0,6,174,test
45dd559c-2666-43aa-beed-d681e3666f10,,clip_157.mp4,8.0,6,60,test
378a30f2-b36f-4c10-a5fd-dd797d14ac2c,,clip_466.mp4,32.0,684,738,train
b6154736-bb99-4237-9d81-f1ec1fd6ab0f,,clip_142.mp4,21.0,246,300,train
f17bd524-f1fa-494c-bbc0-b8d6f99b9889,,clip_383.mp4,14.0,366,432,train
a61b5342-6f44-4ea4-a4a3-2f64396c489a,,clip_692.mp4,43.0,72,180,train
ea9108bd-1e4c-4880-b28c-ce5d95badab6,,clip_692.mp4,54.0,126,180,train
6857fafe-5056-416e-a065-b1b8eea31e61,,clip_56.mp4,4.0,6,60,train
32cbcf67-06b4-4711-b9f4-915ccb50fd68,,clip_684.mp4,27.0,264,318,train
1316a41e-f208-45d9-ac5c-844721a0419c,,clip_781.mp4,11.0,48,144,train
90f6a0d4-47dd-4613-b526-b3e1b4169079,,clip_730.mp4,6.0,96,162,train
a2666114-7fe2-4709-aacc-210a5046e902,,clip_549.mp4,27.0,924,978,train
b91a9d08-ea30-41b1-971b-95ff7cf6ea1a,,clip_152.mp4,21.0,210,264,train
9cb44ca8-2f18-48c0-affe-5bbce1bfd61f,,clip_9.mp4,19.0,48,102,train
156d1446-b196-46fd-9463-ebf7b2ed209d,,clip_103.mp4,0.0,6,60,train
1d98350e-178e-4a7f-b571-a0a8c2df6c9c,,clip_407.mp4,13.0,414,468,train
841fbb97-aaaf-4257-be8d-352775bb981f,,clip_277.mp4,9.0,6,78,train
cd951465-c738-489e-8ca2-10f0a55def46,,clip_18.mp4,39.0,432,486,train
0bd2a0d9-70d6-4ec8-83c7-8871329e744d,,clip_621.mp4,33.0,60,132,train
7f6a20d7-36b7-4346-983e-badeabeb9323,,clip_383.mp4,5.0,6,66,train
25c735b2-1653-46e9-809b-0653daea2dca,,clip_270.mp4,2.0,6,96,test
bdf95d39-ae2a-42d2-a575-67f26f6feff1,,clip_38.mp4,30.0,306,360,train
3e01c3ae-8887-43e7-8967-1c88516ffe17,,clip_157.mp4,11.0,6,60,test
286bc25c-0aa6-41f1-9b7c-461c4f3af046,,clip_142.mp4,16.0,72,126,train
ef7f5480-f9fe-4de3-975c-1e84f97bfd79,,clip_19.mp4,46.0,288,402,train
3f9a0c7b-8dc0-4d40-af7f-64e75b551c6a,,clip_32.mp4,13.0,72,144,train
cb7e5f7c-8a6c-4f88-83a3-cc8560cfaef4,,clip_169.mp4,13.0,234,306,test
5320c176-adf7-41dc-80a0-279280366f88,,clip_688.mp4,4.0,6,60,train
86bfb7ea-958d-41cf-8ea0-0028f7491700,,clip_551.mp4,22.0,6,78,train
7f1fb7fe-a822-4c9b-b15b-a5eeae86318f,,clip_414.mp4,0.0,6,60,train
c8ba9604-df81-4812-9da6-67a6f64e0a94,,clip_139.mp4,16.0,18,72,train
2cb960b4-c28c-4801-adb5-f95d58b5a49d,,clip_159.mp4,4.0,6,60,train
c7ccaa7e-9f5e-413e-8b42-63e796781872,,clip_151.mp4,9.0,180,234,train
031bf6c9-c7e5-438a-8027-b6590a576687,,clip_558.mp4,4.0,6,60,train
7f78173e-3e62-4965-8239-0ff16adb4deb,,clip_198.mp4,22.0,438,492,test
b93fde25-8b6c-40a3-8dc4-20d8e05c3ca0,,clip_383.mp4,2.0,6,66,train
312106ad-62a8-4903-b512-a019a7b880b6,,clip_565.mp4,24.0,498,552,train
2bbe984d-8c13-4741-bf69-e8cc39fa3111,,clip_406.mp4,12.0,6,60,train
22700fbf-cda3-4005-9e2f-c7b0d6854940,,clip_547.mp4,3.0,54,108,train
f14c4413-b751-496c-ba1a-e1fc2b42c152,,clip_376.mp4,1.0,6,60,train
f1e50476-cf02-4f43-b7b0-cd64bd3e6a0b,,clip_609.mp4,26.0,480,534,train
fe7820d2-bf51-4965-8928-b86c62a6d7de,,clip_134.mp4,39.0,618,690,test
b5cfbca6-7091-4d68-a582-1c0d4e137511,,clip_216.mp4,20.0,282,384,test
15cc5bc5-276c-4614-b987-e075e42a0f0a,,clip_139.mp4,8.0,6,60,train
21e1664e-79f1-4882-8980-e4873a2d7aad,,clip_122.mp4,21.0,18,72,train
99eb8b95-7b4c-4dfc-bd3c-9ca23f4f6d8e,,clip_681.mp4,22.0,540,594,train
9ed151d2-bc49-416a-8877-d23e13160b65,,clip_692.mp4,69.0,372,438,train
9ab25487-9b83-484d-8328-7fda8ab31dd2,,clip_374.mp4,31.0,228,306,train
73a931ec-bcc2-4a17-873b-f13e7f51ac71,,clip_761.mp4,33.0,186,240,train
d1b25522-bf6a-468e-9402-04a55eca6e84,,clip_554.mp4,21.0,336,390,train
3d22d1b1-f39f-4ff5-aa2a-d6f37e7e8c6e,,clip_385.mp4,21.0,384,438,train
397eea99-ed42-4682-8fb2-097038a8af75,,clip_551.mp4,2.0,6,60,train
45986c58-2e38-4de7-a4d3-172bb8db8689,,clip_353.mp4,12.0,30,96,train
1c851712-af60-4f66-9fc6-f518ba14d917,,clip_269.mp4,4.0,6,60,test
f7b12795-aec2-476b-9cfb-00844a6f701a,,clip_421.mp4,15.0,516,570,train
45f33b6c-9135-49a1-8983-32baa5afacc1,,clip_228.mp4,25.0,486,540,test
b2a2c149-08b5-45b4-823a-ac74f4176e74,,clip_88.mp4,23.0,510,564,train
1b2e880c-fc60-4416-af1b-13cc9001ef59,,clip_674.mp4,1.0,6,60,train
b4b15abb-5547-41fe-91f5-b810c4c91093,,clip_551.mp4,32.0,12,108,train
6d855e0e-8c3c-4bf9-888d-d4dd830c4d83,,clip_681.mp4,15.0,60,342,train
6065c946-2e95-4a9e-9369-4d76c63b3d06,,clip_171.mp4,5.0,6,60,test
3a6fc44e-de38-4774-b39a-579a5de37082,,clip_216.mp4,23.0,366,594,test
2fd55251-a902-41ff-8492-dfd6bf9bb43f,,clip_39.mp4,15.0,6,72,train
c5185fcd-bab9-4089-b325-4afa76fc1870,,clip_416.mp4,10.0,408,462,train
5c5f0501-504e-4b27-884e-fc608dd99715,,clip_729.mp4,6.0,144,198,train
04376f12-8035-490f-84e4-b2c4135525f3,,clip_120.mp4,9.0,354,414,train
d9888c0a-4927-4924-be08-96f3f6f87fb7,,clip_62.mp4,0.0,6,60,train
f0b9254a-ec7e-4716-97e7-1818f91f4430,,clip_436.mp4,7.0,540,594,train
f329bae8-b893-4335-b54f-235f4f13ed72,,clip_272.mp4,8.0,6,60,test
65226d11-5906-482e-8b4d-8c0f7b51fc29,,clip_159.mp4,7.0,6,60,train
2d3974a3-450e-40cb-8765-a3875cc292a9,,clip_491.mp4,33.0,270,324,train
53c89285-b8b8-404d-910c-ecd3c7c8ba80,,clip_436.mp4,9.0,132,186,train
ed66218f-bd12-4d57-a917-fbe4e48785b5,,clip_684.mp4,30.0,414,468,train
a15f7d78-af8c-42ae-8a9e-56c51fbc20b7,,clip_62.mp4,25.0,192,258,train
0dcd5461-b7b1-4ef1-a5d3-aa9882e4c1c3,,clip_3.mp4,42.0,396,450,train
ff8e8116-c4a8-4162-becd-860cf0c52cd6,,clip_14.mp4,18.0,432,486,train
394e6d83-1109-4e80-9521-284512e6ce33,,clip_96.mp4,12.0,72,138,train
b12feefe-5d8e-4923-908b-808c12b9cbe2,,clip_376.mp4,36.0,942,996,train
f5de9777-ecfb-4adb-99b2-e2ca12d0d69f,,clip_115.mp4,17.0,138,192,train
18fcc80f-9402-40cd-b2d0-bd69f3daf7f6,,clip_122.mp4,4.0,6,60,train
1ca2e481-eb6a-4a19-8ab2-7988734009f4,,clip_761.mp4,67.0,432,540,train
2f6f0c0b-19ac-4547-a32e-871ccc7dabf1,,clip_331.mp4,13.0,6,60,train
60926555-bb42-4ab0-b12e-8f5aa255351a,,clip_413.mp4,16.0,402,456,train
12ba0229-4533-4373-b3b6-0ea7f77ad46c,,clip_123.mp4,11.0,6,60,train
cb3dcce0-d7f5-43bd-b3de-0d7f1ce49c2f,,clip_108.mp4,28.0,414,468,test
dd606143-c098-4bc1-965c-c5d79ea04ec7,,clip_180.mp4,14.0,66,132,test
1829b220-efaf-4e69-b463-d025f91413d2,,clip_441.mp4,12.0,6,60,train
6945ed05-51cf-4d32-8732-3502916615b7,,clip_46.mp4,1.0,354,408,train
c56644e2-2dc0-4ccb-8fa7-6665004e202f,,clip_417.mp4,5.0,6,60,train
6f711b45-c955-4cfd-89ad-0a149e2978a5,,clip_353.mp4,9.0,6,60,train
2af20e72-56fe-42fd-a6e4-4ecf3720a368,,clip_137.mp4,13.0,138,216,train
b70ba1d7-e74b-4570-bec1-c2cd76524c9e,,clip_185.mp4,11.0,6,60,test
252c5ad7-a126-47f8-83bb-977b7a5115bd,,clip_266.mp4,22.0,636,690,test
064922a0-093a-420a-b56b-c0dbcece851e,,clip_28.mp4,12.0,30,90,train
21f9b758-85a8-4abe-a95b-d96ec06a06a9,,clip_119.mp4,42.0,504,576,train
fd72632c-6372-42dd-944b-d111d149d5ba,,clip_313.mp4,10.0,528,582,train
94a8d9e9-e13e-4585-b9c0-e81d1726f60e,,clip_82.mp4,10.0,228,336,train
b54b1b71-b9a8-4f25-b224-f39e431f32a7,,clip_405.mp4,32.0,528,582,train
36df5267-d93b-440c-adee-4ba9a181d31f,,clip_458.mp4,1.0,6,60,train
d2dd8c4d-80e8-4c99-b578-4082474f76d7,,clip_156.mp4,20.0,642,696,test
b1b440f4-9144-4864-8927-ea8c8cbc9e03,,clip_10.mp4,16.0,486,540,train
fc04840c-d94a-412d-abc9-3e9092c771e4,,clip_724.mp4,10.0,354,408,train
0ed96597-9b03-4684-8131-3ff21f245e17,,clip_55.mp4,14.0,6,90,train
92adc198-8883-420e-b057-59dd3b3ba160,,clip_683.mp4,7.0,6,114,train
ead560b6-d298-47b3-93ce-12a37cb3c4a3,,clip_422.mp4,26.0,378,432,train
69e72a1a-4f7f-4d7f-9ee3-67eface809b1,,clip_319.mp4,12.0,282,336,train
e6983ac6-7d33-45f5-b620-b633937c29e8,,clip_423.mp4,2.0,6,60,train
e3e58b35-17a6-419d-9814-b752bf4f3e13,,clip_107.mp4,39.0,702,756,test
54558fb6-fd36-48e7-9d29-2b8a79f676da,,clip_761.mp4,37.0,228,282,train
878eeb16-1e0f-437f-8b72-bb18f13ca7c9,,clip_440.mp4,14.0,474,528,train
c922ce5f-57a3-430f-8092-c4427e814b9b,,clip_418.mp4,9.0,216,270,train
6d9d032a-13f0-42af-a7ab-672e081413df,,clip_621.mp4,51.0,186,270,train
caa4f53f-cfd4-4f86-8d53-757613ccda0e,,clip_130.mp4,31.0,528,588,train
eb84fa66-c571-45f7-ad5f-58f0c43d8cd9,,clip_683.mp4,16.0,540,594,train
67b7dc6c-89ec-4b75-a8f5-7099d32a5c9a,,clip_775.mp4,18.0,396,450,train
b484bf1b-a783-4d29-8f7d-6dc94d1b6156,,clip_62.mp4,11.0,6,60,train
8186aed8-8576-4f7c-845b-f779fdf2cead,,clip_175.mp4,16.0,480,534,test
0ae6648e-df2b-42ea-9deb-af294e966933,,clip_44.mp4,19.0,474,540,train
a0966bf3-a9ce-40e0-866a-2aa2c800c30c,,clip_90.mp4,13.0,42,96,train
23bef89d-4b64-476d-b40e-0bc7cba1b14b,,clip_491.mp4,5.0,6,60,train
06fa0a7c-b9c2-4b73-921c-5e05e8c870c3,,clip_313.mp4,4.0,6,60,train
cc97db39-859a-4ea2-96ad-acfd6a3634f5,,clip_416.mp4,0.0,6,60,train
76798f5e-7d7a-47e6-9391-e64e93d726f8,,clip_94.mp4,19.0,468,558,train
378f365e-d1b2-4a1b-90fa-2ac9a704e5d6,,clip_128.mp4,30.0,264,324,test
925c639f-b6bb-49b2-ad57-ce5cb9d33f46,,clip_48.mp4,1.0,6,60,train
aa2a73d7-48b6-407d-ba82-4efa468dd8bb,,clip_405.mp4,29.0,432,498,train
7eb5eae3-3589-4a07-b25a-d8cb79ca520e,,clip_353.mp4,20.0,402,456,train
50976df0-2fdc-44e4-a9cf-47c0315521a5,,clip_125.mp4,29.0,540,594,train
078cca45-6065-4fd6-9a99-6f54403efcce,,clip_123.mp4,30.0,540,594,train
5d129788-5c5c-4d78-9ead-9faee8afc65b,,clip_47.mp4,8.0,198,252,train
fccec1b4-c71f-437e-bd72-a2e83665bad1,,clip_551.mp4,36.0,24,78,train
abb2db71-94d5-4643-abb0-3663cbbc361e,,clip_9.mp4,9.0,6,60,train
7d6f20b3-4450-4719-8734-da11685fff89,,clip_416.mp4,8.0,324,378,train
92390d99-8006-489c-a999-7e2bfb497232,,clip_135.mp4,7.0,6,60,train
5f67bf49-5d22-42ac-81ed-2ca18fd6c3c7,,clip_293.mp4,16.0,702,786,test
46b08e93-5f04-4230-8b95-d5e02faf11de,,clip_685.mp4,2.0,6,72,train
4fb98c12-4df0-4d98-951a-b8a64b9eee95,,clip_272.mp4,12.0,6,60,test
8a1ddc49-89ad-44fd-93a6-ce6c3618d434,,clip_445.mp4,1.0,6,60,train
4e19c0ff-b0a6-4db0-816f-03808015f37e,,clip_5.mp4,13.0,6,60,train
ac54dcf7-b5cf-4a82-b4b6-9c2a2399b6a0,,clip_9.mp4,13.0,6,66,train
6dadc75d-a0ec-4b8a-93d1-d8ad9975356c,,clip_134.mp4,47.0,900,954,test
84521f50-2dbc-4ac7-861f-e696deec80af,,clip_34.mp4,12.0,168,222,train
3f498517-f927-4d5e-9bee-c5c22a63abf7,,clip_113.mp4,12.0,480,534,train
502b5cde-4b9c-4e15-9829-93cc03336008,,clip_87.mp4,9.0,6,60,train
1c143009-8b97-44ff-9893-2f2269b033a8,,clip_374.mp4,2.0,6,60,train
6ce6ef08-ef03-4450-a0bb-91eede1c7cc1,,clip_449.mp4,37.0,360,420,train
7973aa5b-e481-4ae3-b25b-9c24a53ac9c5,,clip_177.mp4,30.0,570,648,test
8599a591-2e6c-4d1c-81dc-ad9190c9abf6,,clip_215.mp4,29.0,420,474,test
d57caf01-1774-41be-bb23-70c6e51f3336,,clip_106.mp4,9.0,6,60,test
e512ea3c-2bb2-4f8a-8ca1-b1691a428163,,clip_185.mp4,18.0,912,966,test
90a5b2f8-c959-40ae-8177-54cac022d812,,clip_726.mp4,3.0,6,60,train
ac5dfabe-0dea-41bb-aa62-88b6e12c6697,,clip_467.mp4,11.0,84,138,train
e395532e-2de7-4225-8c82-a47ad2c39fb7,,clip_13.mp4,9.0,258,318,train
900698fe-657d-49af-b228-3f71135ab0e9,,clip_19.mp4,39.0,150,204,train
fbfe4e4c-fbd5-4c9d-84b9-7b7064c58606,,clip_546.mp4,1.0,6,60,train
4f624f8e-5c5e-4469-ab23-0b095b30dac9,,clip_41.mp4,4.0,6,60,train
1caa715f-755a-4bed-81cc-c5152c903be6,,clip_418.mp4,12.0,462,516,train
9bc43703-ed1a-469e-abb9-fa1acb5a90dd,,clip_39.mp4,16.0,12,78,train
f4ebdde2-1495-41cd-82ac-e4cb5205b1a5,,clip_362.mp4,4.0,6,60,train
0844dd7a-3534-4573-bf6f-bbef1624856a,,clip_84.mp4,23.0,324,564,train
b3d7d491-dd83-494c-8087-f843b6497178,,clip_467.mp4,0.0,6,60,train
0531ee45-5733-4196-a451-14fc3da5dd06,,clip_139.mp4,19.0,48,102,train
0e8bb64e-3334-4cda-99d6-b7ee11610d38,,clip_361.mp4,10.0,6,60,train
5c3598c2-bb56-47b1-add4-dee46539596b,,clip_18.mp4,22.0,210,282,train
9b71be10-c3b0-4993-b0ad-86f0111214c0,,clip_628.mp4,9.0,6,60,train
0f405d1d-046f-4c01-ae87-87d0990e6132,,clip_361.mp4,3.0,6,84,train
1ab69d58-9317-45b8-97b6-f49f2841524c,,clip_155.mp4,3.0,6,84,train
a679ccac-1975-40e2-925b-2ba768035dc5,,clip_736.mp4,15.0,528,582,train
12ff9c2f-7d7e-428b-94c3-27254591afc2,,clip_3.mp4,19.0,114,180,train
d997bb1b-87d3-4e3b-8eb4-93cda0d90060,,clip_763.mp4,24.0,492,546,train
802d56ed-6af8-422e-9d43-ca9d2cefec9f,,clip_81.mp4,13.0,6,60,train
5e274f26-bc7b-4898-a1b6-6811a4e80feb,,clip_384.mp4,25.0,540,594,train
38f1503f-cd1e-497e-a6aa-e3a5f9ecf61b,,clip_147.mp4,15.0,12,90,test
e265261c-ba77-4bbe-886c-37073e9973a7,,clip_772.mp4,20.0,312,366,train
49afe379-503c-4c94-9609-1a9e2b58783b,,clip_127.mp4,29.0,720,774,test
e52d65b2-3939-418d-8758-25f91a75559d,,clip_456.mp4,12.0,6,114,train
dfd827f1-5839-47e0-9767-c079b9e228af,,clip_119.mp4,36.0,486,540,train
de9b2da3-f81b-4c15-b251-809705627245,,clip_47.mp4,11.0,438,492,train
3e936106-f15f-4e44-88f6-26eca3dddf3a,,clip_621.mp4,14.0,6,78,train
e8b9535f-f929-4095-8aec-e4487b3dcd1c,,clip_448.mp4,9.0,6,312,train
bdc12a4f-04d1-4edd-b62d-e621253dffbe,,clip_331.mp4,5.0,6,60,train
608dbd52-7ad6-4410-a0ac-e22fa27eb1e6,,clip_434.mp4,1.0,6,60,train
e83c48d0-b159-4039-a615-c8ec6f4948e1,,clip_122.mp4,23.0,36,126,train
f7c91db5-177c-401e-b761-8d249ddbe390,,clip_305.mp4,2.0,6,60,test
56df8427-10a9-4041-8389-9fe6a0e4317e,,clip_356.mp4,19.0,510,564,train
cf90402c-32a9-4556-9341-a04c1293b50c,,clip_415.mp4,6.0,6,60,train
92ffae7e-e199-4949-8240-943db72a0356,,clip_39.mp4,24.0,360,414,train
7a405e67-ef4c-47c7-8775-ce4a9ef27c79,,clip_170.mp4,0.0,6,60,train
57eacb7c-d358-44d2-98bf-bd007a647fcd,,clip_18.mp4,1.0,6,96,train
7b1f63c8-e381-413b-be59-2c38940e7622,,clip_73.mp4,8.0,252,306,train
45182c8a-0aa1-46e7-bfdd-40c3889bdaa2,,clip_190.mp4,8.0,54,114,test
d2897b30-bed9-4024-9817-28d34d5d876a,,clip_551.mp4,41.0,30,108,train
a3c58fd8-e9f6-4477-9b97-f7bd64997799,,clip_177.mp4,16.0,6,288,test
24e43725-bc46-4a27-b59c-31c1867906ca,,clip_7.mp4,21.0,516,570,train
8680672e-e066-4dfe-8a18-ad0d8ccfe2b9,,clip_551.mp4,51.0,156,210,train
2a6a38cb-ead4-47d2-88d8-270ac06133ed,,clip_140.mp4,11.0,6,60,train
1fbae5f1-4403-4553-a1de-79ac4935ada6,,clip_9.mp4,4.0,6,72,train
02ef98ba-a4c7-431d-b20e-d598063b1eaa,,clip_598.mp4,6.0,6,60,train
8e178d2a-e361-4ad3-b760-68844b7b9a90,,clip_405.mp4,8.0,276,438,train
84cca5ba-3bf8-493a-a16c-84a01cbfd6dd,,clip_69.mp4,14.0,324,378,train
a2c22430-c23d-4b73-8203-32a9ca041cf7,,clip_418.mp4,14.0,534,588,train
5ae3b7ea-bb64-4db3-a5cb-e41042f7e72a,,clip_438.mp4,14.0,540,594,train
fa563d70-b718-4873-9f36-226adbdfa518,,clip_446.mp4,7.0,6,60,train
eafadd46-dbac-461e-b7c3-5c93aa42fe2b,,clip_205.mp4,15.0,270,324,test
89e7e578-e6ae-4365-9047-5c854105e2ec,,clip_209.mp4,2.0,6,60,test
8b280a8e-b0d5-475d-94b7-7898126b9d9e,,clip_468.mp4,0.0,6,60,train
8d9fe03f-afd2-450d-88b3-a1a6551b1cf1,,clip_114.mp4,17.0,336,390,train
84bd98b1-ef83-48cf-aaf1-65335de467e5,,clip_133.mp4,23.0,114,168,test
04131e9f-4ac6-4c42-95b2-6c468d58dc87,,clip_37.mp4,11.0,150,252,train
17b4f438-fc5c-45fb-b066-9db5f52e21c3,,clip_376.mp4,17.0,210,264,train
be869b99-3478-4ba6-9169-35e7b8947a26,,clip_451.mp4,5.0,162,300,train
7bfe3532-4c55-4143-9fb0-c1c642b6fb76,,clip_105.mp4,16.0,114,174,train
119ab1c4-c74d-4ffe-8efb-d347491a169b,,clip_384.mp4,2.0,6,60,train
e1180821-6046-4056-a861-2ae8fe5f5ee6,,clip_453.mp4,14.0,288,342,train
030c2055-fd9f-428a-96e4-62442ad21862,,clip_401.mp4,18.0,108,162,train
c301585e-4265-4bd4-8da4-38e37a9243cd,,clip_406.mp4,3.0,6,60,train
f93d662c-d7f4-4f8c-ac9c-f6668e3de5b8,,clip_26.mp4,12.0,84,138,train
d0836e33-56ed-46c5-8802-30f9d1052e85,,clip_134.mp4,19.0,144,210,test
b78eedb5-d39c-4e3b-928c-89ce93656693,,clip_109.mp4,18.0,24,78,test
ca654782-fbe3-4b59-956f-fde599754438,,clip_92.mp4,15.0,528,582,train
a4612fb0-b6e7-4341-8c53-8d6295ce30d7,,clip_203.mp4,7.0,132,186,test
f9cb80d2-d044-4de4-aec3-c272cdb9260b,,clip_784.mp4,11.0,6,60,train
96b213eb-eaf4-490b-8b65-b1906d00546a,,clip_148.mp4,24.0,726,780,test
c2844cc7-7781-41bb-81e5-6f6b300556f0,,clip_556.mp4,2.0,6,60,train
9f1ee5c2-c8cb-4b77-af12-28b1647b2664,,clip_337.mp4,0.0,6,60,train
72661465-fac0-4a97-8112-6464df31a5ef,,clip_278.mp4,11.0,204,270,train
9a3e67eb-b080-4ca2-a1cc-92441e1223a7,,clip_134.mp4,45.0,822,876,test
4ee2621d-fcfc-4fb5-84e1-a623f9d66639,,clip_440.mp4,10.0,6,84,train
9efb7b46-1d80-486c-af53-6d114a4dbb1c,,clip_194.mp4,12.0,522,576,test
f162cdd2-16e0-4b01-b4cc-5e3a609907c9,,clip_80.mp4,22.0,264,318,train
6a186cba-f4e9-476d-99d7-b5790dad6fc1,,clip_758.mp4,3.0,6,60,train
d2db4a9f-2f11-457a-8013-afb6a0654cac,,clip_195.mp4,7.0,138,192,test
8ddc51ba-69e3-4364-b305-0b1a82e927b6,,clip_380.mp4,11.0,204,462,train
a73045db-277b-484b-952d-6413a64a7e4b,,clip_201.mp4,12.0,336,390,test
d3173833-668f-4bf1-9b51-c78a74e0f3d3,,clip_405.mp4,23.0,54,108,train
aec321ef-d014-46b2-bf9a-4234b674da3f,,clip_206.mp4,1.0,6,120,test
db6dcd93-b061-4e4e-aec0-fc7e18e32565,,clip_401.mp4,22.0,258,312,train
bb50cf2b-4056-4421-85b0-d2740ab83d61,,clip_309.mp4,4.0,6,60,train
a45a6ca1-647e-4e7a-8a20-ca0f5fe9445e,,clip_589.mp4,23.0,450,504,train
47adb787-b913-40aa-b8ba-09f619583012,,clip_6.mp4,31.0,516,570,train
5ea16d35-7d3e-4128-9d1c-39fe400d818e,,clip_150.mp4,15.0,408,462,train
b6216e40-eedd-4a7a-86b5-ff691bf6c774,,clip_761.mp4,68.0,438,528,train
0ea6782e-19c9-492d-b036-612d81f74ae5,,clip_14.mp4,0.0,6,60,train
a6b514d2-0005-4d06-9b7b-76f170fab43b,,clip_137.mp4,7.0,36,120,train
8e6f2ff8-32b1-4d2c-a2d9-0cc44fafc766,,clip_8.mp4,17.0,132,210,train
b97b133b-56a8-4be2-b5ad-60ced4ba77ab,,clip_81.mp4,16.0,78,132,train
94fdc860-3f2a-4da9-9bc6-e2b1a9161698,,clip_771.mp4,12.0,72,126,train
e77b57b3-4af7-4f28-a565-a209aaac2aa7,,clip_128.mp4,34.0,306,360,test
5c0707de-b684-41f0-8171-74d34e5efb12,,clip_133.mp4,25.0,132,252,test
7a2955b9-4dce-447f-8035-834ee4c99136,,clip_107.mp4,11.0,54,108,test
651e18f1-0a04-46e7-834f-066e934ab633,,clip_310.mp4,8.0,126,240,train
1b76bfb7-2d75-45ff-8788-0fd1dbafc195,,clip_40.mp4,36.0,528,582,train
315fba35-597c-4aff-bb7b-5acd5ee84ad7,,clip_684.mp4,31.0,426,480,train
2a1a6a3c-9790-4fc4-b628-b99b1aadf889,,clip_192.mp4,8.0,486,540,test
2ec38e0e-e970-40d3-9f81-f9f350006c2f,,clip_690.mp4,4.0,6,60,train
c5e4cb3d-ae0f-4741-8e78-15389a440ac5,,clip_94.mp4,13.0,246,300,train
c0d076d7-0f37-4fe9-a40c-da2c9e98bca0,,clip_405.mp4,13.0,6,60,train
723d49b1-44d5-4888-8913-ff7f5611c70b,,clip_353.mp4,10.0,6,60,train
8ffb9c2b-4d7c-4a71-8aff-ef9d19019269,,clip_413.mp4,3.0,24,78,train
5d88f1da-5440-4a46-81d4-3e656ed24305,,clip_43.mp4,6.0,84,138,train
917263ca-60a4-40e5-b4e1-2261d1b286d8,,clip_456.mp4,36.0,624,720,train
f4cc995f-9a0c-46c5-a895-80d076caf6c9,,clip_133.mp4,2.0,6,60,test
e3525712-8a8e-4634-90a4-b6374cfd0451,,clip_35.mp4,7.0,6,60,train
3f53dd3b-e3c1-4b3b-b70c-735e96b9f4d1,,clip_89.mp4,13.0,396,450,train
d8df7f1e-4824-460a-bde6-4e4700fd05e0,,clip_353.mp4,0.0,6,60,train
d102ac98-9dba-4193-81c9-3c3ccb35867d,,clip_237.mp4,6.0,6,60,test
abd221ce-caf1-4fc5-a9f6-da911448a203,,clip_180.mp4,29.0,480,534,test
6897ea7e-7a48-47f8-bac7-f92180cfbfa7,,clip_683.mp4,8.0,6,66,train
5f8c859a-457c-4127-a73a-aeb1830489cf,,clip_692.mp4,71.0,396,474,train
4f1d41fd-49a9-4cb8-95b9-ba33072c23a3,,clip_565.mp4,21.0,450,504,train
13372859-95ca-410c-a9ae-5bde2e161be2,,clip_88.mp4,14.0,324,378,train
54dd9f69-01d3-45ad-873e-01d1f5af2aab,,clip_217.mp4,6.0,156,210,test
6f3c18af-71f9-4e8f-9914-79b05562addb,,clip_122.mp4,20.0,6,60,train
5d139986-0b5a-42ad-be5f-a8ebfe6b0fda,,clip_24.mp4,33.0,414,468,train
005b9742-f3de-424f-ae00-ec6c1c4e30f8,,clip_628.mp4,30.0,168,222,train
f4098e78-1d68-496d-a285-b3052228578d,,clip_190.mp4,9.0,60,114,test
c88f0183-4a8c-4ee8-83e3-4af859291112,,clip_173.mp4,23.0,366,420,test
ae82bb37-3544-4667-abdf-2dd75a3737af,,clip_25.mp4,21.0,114,204,train
88a1df7c-0155-4982-8979-fc8d2b756145,,clip_134.mp4,41.0,666,720,test
50ad4fec-1447-47bd-a5d1-c36c9ac7dea6,,clip_223.mp4,18.0,534,588,test
f48d5eea-8c42-40e1-a604-198e27f60831,,clip_322.mp4,6.0,24,78,train
f019b2ba-6bad-437a-8bad-205cb02a109d,,clip_205.mp4,14.0,252,324,test
d90b33b1-d09e-40f3-9800-fccf915b55b8,,clip_105.mp4,19.0,234,294,train
e3aa5095-c52b-42a6-9442-1dc0793ca083,,clip_41.mp4,19.0,408,480,train
a8d21515-3be3-4ec5-b8c7-25bb7bf2175a,,clip_553.mp4,8.0,6,60,train
d55fcee5-da38-42ab-84f3-644c56889427,,clip_320.mp4,3.0,6,60,train
216640cb-38e1-449b-918c-0ea8cc5def24,,clip_118.mp4,19.0,510,564,train
0bfdc4d4-5532-4224-b522-d20956ccfb83,,clip_308.mp4,1.0,6,60,train
2d6bc50e-df3a-493c-bd88-a44e0fd0f97d,,clip_423.mp4,10.0,216,270,train
b1ecda1d-a048-481f-846b-f08ad7eab9cc,,clip_115.mp4,16.0,114,168,train
1da9f6f9-27e2-43b2-95b4-95622707de79,,clip_113.mp4,0.0,6,60,train
c40da78a-201b-46e4-98fa-741aed0eef9d,,clip_101.mp4,15.0,354,408,train
41eb88dc-83e6-4e25-8af8-beacf17579bb,,clip_143.mp4,10.0,6,60,train
5da9d688-b951-4193-ab19-5ab0c7c0ccb2,,clip_40.mp4,21.0,162,216,train
144db88a-a5fb-4e6a-abfa-73b015829f38,,clip_171.mp4,16.0,102,156,test
870efd58-db14-462f-9099-d36e0ba38f63,,clip_25.mp4,20.0,96,198,train
97299b93-44f3-4496-9630-4580f67a47b0,,clip_423.mp4,12.0,318,396,train
274ec2e9-a6a7-4091-8db9-a3920e12e17a,,clip_466.mp4,22.0,240,306,train
9094cf99-df5b-41b7-8b0f-ee6e9fc4cfcc,,clip_24.mp4,12.0,6,60,train
561d661f-5831-4c03-90ac-97b5cc2e5ebf,,clip_761.mp4,71.0,456,534,train
8e4cc21c-e40b-4c05-b2ef-6d8f4beb0b50,,clip_34.mp4,2.0,6,60,train
cb1bd4f1-8f51-4bdf-8969-8123610711b2,,clip_40.mp4,32.0,438,492,train
303083f7-19d6-47aa-b99a-e4ee0a870935,,clip_245.mp4,15.0,168,222,test
82ebbe09-fe91-4637-bc3b-4f6d51373c15,,clip_463.mp4,14.0,6,60,train
2ab04484-9a2c-40d0-89e3-65b0d8297e33,,clip_119.mp4,34.0,540,594,train
4446cea5-e945-4427-9627-4a7e46b9aaf7,,clip_237.mp4,22.0,534,594,test
7ee0fbc9-3149-4be9-a389-e774c4bb3d4d,,clip_698.mp4,9.0,294,348,train
fd483b6c-97b1-4fa1-a9de-92c926cdb263,,clip_197.mp4,17.0,60,114,test
2c1348c8-16d9-4166-8ec0-4bba55736195,,clip_277.mp4,22.0,522,576,train
8671d52d-f097-4acf-a963-ace8fae38d91,,clip_680.mp4,10.0,6,60,train
b53d7eb4-8b13-4ae5-ac3c-2b4ee82259f3,,clip_19.mp4,12.0,6,60,train
9b724868-6943-4bb6-8688-008754be26d1,,clip_548.mp4,4.0,6,60,train
47c0bfae-cd17-40d2-9d7a-b496f8ba8b75,,clip_772.mp4,10.0,6,72,train
42815433-a61c-4515-8603-8135d9146bda,,clip_772.mp4,12.0,6,60,train
f50618b6-d419-4e97-882c-07f096bad285,,clip_150.mp4,17.0,510,564,train
c1f7488f-5a5e-4ea9-bdf7-119dc2ada33f,,clip_205.mp4,24.0,864,918,test
d5def37a-3822-4a73-9a2f-a2b62cc2b096,,clip_195.mp4,12.0,240,294,test
4794dea1-86a2-436b-964a-77e271d3ff73,,clip_403.mp4,15.0,408,462,train
0a853540-0dec-493e-9b80-1c750c537313,,clip_108.mp4,20.0,384,462,test
00c8b60b-7964-4f3a-9a70-751db2e87383,,clip_180.mp4,13.0,60,114,test
17a00953-5736-4958-abe2-855284896422,,clip_374.mp4,18.0,6,60,train
ec178876-cc8c-4dad-a7c3-d8066712e3fb,,clip_303.mp4,13.0,600,660,test
60971223-770b-4586-b0eb-a9305dfda9d9,,clip_120.mp4,10.0,318,372,train
73d2b3bb-cf51-4c16-9bc2-fdd16df01603,,clip_18.mp4,18.0,138,204,train
0be4fc77-8db8-46fe-a828-05c2f1496ae0,,clip_465.mp4,9.0,18,72,train
c9b3eb98-2340-4ea2-b281-658fc78e6dd5,,clip_215.mp4,27.0,372,438,test
0ce4a0f1-baf3-4e76-820e-73d6d39ff8a4,,clip_628.mp4,1.0,6,108,train
11387a40-85cf-4b1d-a955-d0bb339c6fad,,clip_633.mp4,5.0,36,90,train
4705ce87-e3d7-4296-a99f-089b3d95a362,,clip_177.mp4,0.0,6,60,test
65efcb6f-618c-478a-9d40-7088d05e5140,,clip_101.mp4,21.0,438,492,train
d6f3e814-5dd8-4352-adef-90044fc36656,,clip_122.mp4,12.0,6,60,train
0443c36d-ee56-47f1-a893-725717fcff7a,,clip_385.mp4,7.0,6,60,train
09e5ec66-19d4-4eca-96dd-8bcfd1722e25,,clip_495.mp4,3.0,6,60,train
a739cf03-6c43-47dd-a1c5-2514cac84c48,,clip_423.mp4,6.0,126,180,train
c76d843d-2c04-4326-be00-8e14d538f247,,clip_717.mp4,7.0,336,390,train
1bc15351-ef4f-4259-88d4-0ba35164d957,,clip_554.mp4,22.0,354,408,train
259fd84a-a354-4314-94cf-1f80457e167e,,clip_8.mp4,11.0,6,60,train
6acdfdbb-3b97-48f2-a4de-5c34ca2695a6,,clip_419.mp4,4.0,72,126,train
6f4429c3-bd77-4b16-9643-5c46da457cec,,clip_193.mp4,6.0,6,96,test
45bb4965-3392-4de4-a09e-da0058bc84d8,,clip_29.mp4,12.0,510,564,train
a3e84837-d78a-4b0a-9674-881ea365100b,,clip_12.mp4,17.0,90,180,train
3494e093-3c73-4a44-8b53-160707c4a759,,clip_781.mp4,24.0,900,954,train
bc1ace72-cde0-41c7-86f4-8738f4bc693b,,clip_185.mp4,3.0,6,102,test
a09b849e-406c-450d-8a80-676bdaba62d1,,clip_27.mp4,19.0,408,480,train
a3c2e2bf-5494-4097-be25-f481c240afaa,,clip_45.mp4,10.0,6,60,train
0d6d5a1e-7b69-45e1-8f75-e3585fededcc,,clip_379.mp4,9.0,114,168,train
6a6c5f7d-56cf-428d-912d-a62036838161,,clip_12.mp4,13.0,60,126,train
0b343942-db1c-400a-8a11-82463086d2cb,,clip_197.mp4,3.0,6,60,test
7512fab2-4fad-4e06-8586-77907aa8940b,,clip_375.mp4,3.0,6,72,train
a255f0d0-e11d-486b-978c-29f7e282507e,,clip_130.mp4,5.0,318,372,train
7676da9a-f8c0-463f-8dc8-c03fb094eb4a,,clip_744.mp4,24.0,432,486,train
707bc010-a219-43f9-b6db-eff317de638c,,clip_19.mp4,44.0,270,324,train
c053a3b3-ca20-4798-aabd-c98759c99717,,clip_98.mp4,17.0,42,120,train
384765ed-2d8c-451f-a248-245cd45d8aca,,clip_80.mp4,28.0,516,570,train
c81b662a-7a5f-4ebe-b328-42c8b7a4804c,,clip_323.mp4,14.0,486,540,train
77f17b74-13eb-46ba-aaba-307e176e3b2c,,clip_266.mp4,27.0,792,846,test
421ad665-635c-49fe-aee9-5c80f56670c8,,clip_216.mp4,19.0,282,336,test
9a9f61f6-56a8-4b9b-925b-6fedde0340b2,,clip_139.mp4,24.0,294,348,train
c8a038ad-ade3-4279-93c3-66e41a4653fc,,clip_128.mp4,23.0,162,372,test
d718bfe5-dd46-45e8-94bc-781ebde372ea,,clip_16.mp4,3.0,6,60,train
3805c643-5fc7-4e06-bc82-a44f21a1dd85,,clip_82.mp4,9.0,360,414,train
c22c8e31-4426-44c9-8d2a-d516e4de1c16,,clip_7.mp4,4.0,6,102,train
1ef2e0bc-c959-4e9f-9aa7-932b4b7ad63e,,clip_43.mp4,14.0,426,510,train
9dd7a418-65cb-4d67-a2fd-47c681820c17,,clip_633.mp4,7.0,384,504,train
9ce63866-182f-44e9-a2ef-6f5a45f29e43,,clip_628.mp4,28.0,156,210,train
b7948b09-ba78-430c-af69-4eabfc6ac8ce,,clip_405.mp4,0.0,6,60,train
f011d85d-701e-4592-9ef6-28bc41e97e4a,,clip_178.mp4,7.0,120,174,test
8f6958aa-2e85-4a4c-a15c-2e249da49530,,clip_300.mp4,4.0,6,60,test
6eb68d2c-a54e-43a4-b732-2d424f7fecb0,,clip_36.mp4,13.0,174,228,train
7b11b1cc-ec97-4e20-9c7a-6805dfd40acc,,clip_497.mp4,5.0,6,60,train
bacb5494-0224-4c5c-b6e5-424ab08a1f6f,,clip_148.mp4,4.0,6,60,test
ae4b0d37-47b5-45a8-b728-75e9e674edf8,,clip_612.mp4,15.0,444,498,train
8e1b2579-cf1d-4027-ae9a-41fbdd0bc8c8,,clip_189.mp4,1.0,6,72,test
eea83a89-ecd3-4b18-82f1-078b6b4e50f4,,clip_8.mp4,24.0,294,378,train
a95321f7-ef1f-4b0c-9c13-d92b47c5dca3,,clip_8.mp4,0.0,6,60,train
f9c74941-eb88-4371-827d-e77ae3cf2ec2,,clip_729.mp4,5.0,66,168,train
e5db2bc0-00f8-4026-91f8-efa122c2439a,,clip_172.mp4,9.0,288,354,test
b6653c3c-0c31-44c0-bd33-c0fa46fcd94b,,clip_564.mp4,8.0,462,552,train
ab917407-0502-4d14-a38a-d5d6dbb16879,,clip_32.mp4,19.0,528,582,train
6111202b-12bf-4cdc-b3e0-968eb193595f,,clip_110.mp4,8.0,294,348,train
69d6bb6c-07a1-4fe1-886d-163aac5960aa,,clip_586.mp4,10.0,516,570,train
37c9f83f-e6d4-4b72-8d9a-406620325ea8,,clip_169.mp4,8.0,6,156,test
5bb20ba4-408d-4f98-a9eb-2a2f4b01283f,,clip_81.mp4,9.0,6,60,train
694a0ab3-28b3-4649-941f-b7d288264a8e,,clip_447.mp4,11.0,6,60,train
5a8fc3e5-d8f1-4ff4-87de-d3bfa4f55178,,clip_305.mp4,15.0,426,480,test
a9f6624d-fd9f-44d5-956c-f9b87214975d,,clip_97.mp4,9.0,48,102,train
bd6bc681-cda5-4e41-baad-696a9ba137d7,,clip_628.mp4,36.0,270,336,train
2c0df4a3-7cd7-47ef-992f-830dcbfce245,,clip_95.mp4,16.0,462,516,train
81aec9b1-7609-4b68-b6cb-7f019ce724dd,,clip_696.mp4,9.0,504,558,train
e7214f90-b712-4653-aa59-fc9993fd6628,,clip_546.mp4,7.0,60,150,train
2b9083ad-8a65-448c-8eae-a7ac7b24083e,,clip_692.mp4,53.0,126,186,train
86a18ff7-21a2-4a05-8f17-483ad1cbaa80,,clip_758.mp4,6.0,30,102,train
da615ca0-fec8-430c-abe1-3a455d2a8c61,,clip_118.mp4,14.0,396,450,train
08d3c568-4316-4296-ab0f-3d604ae202ec,,clip_108.mp4,1.0,6,90,test
53ff98d5-beaa-4605-a7e6-22cb3a3871db,,clip_17.mp4,23.0,306,360,train
59fe2d40-43bc-472f-8a95-f4f1585e47c2,,clip_373.mp4,22.0,30,84,train
22bf6745-60f9-4bf4-b376-e93e598ae86c,,clip_55.mp4,0.0,24,78,train
aacbda33-6b37-4b40-96d0-f0aedf857e1a,,clip_761.mp4,41.0,240,348,train
1148bd5a-a628-4493-8567-973ab951763c,,clip_46.mp4,38.0,330,384,train
d37d22f7-2de7-46ed-9400-7a5dc4dec817,,clip_290.mp4,12.0,372,426,train
dae19849-d41d-45a0-bf12-7d3272d8bdd0,,clip_139.mp4,4.0,6,60,train
cce212e6-0539-4813-a2a8-11f2c47ca39e,,clip_90.mp4,6.0,6,60,train
954374b9-3c1c-419d-9d68-d42de511660f,,clip_287.mp4,7.0,6,60,train
05969ce1-043c-4328-8ea9-1dca518855b9,,clip_114.mp4,26.0,492,546,train
c5186da6-2abb-42e8-af5e-0cce912fc228,,clip_466.mp4,9.0,6,60,train
9e5b2557-cca2-45b4-be76-4d4bd3b887c4,,clip_401.mp4,23.0,444,498,train
2aa22132-f030-4d6f-b4ff-525fa1069e81,,clip_446.mp4,5.0,6,66,train
a5e0d377-6f6b-4ce3-9f5b-f20455d3dce3,,clip_491.mp4,14.0,48,186,train
277e978a-36a7-4daa-a909-bfc6588dfa9a,,clip_458.mp4,7.0,252,306,train
940c5ff6-9b49-4ac2-9a57-c792433dd8ae,,clip_40.mp4,35.0,486,558,train
35b46f8f-a616-4096-b68a-1aa6def2db69,,clip_279.mp4,15.0,780,834,test
2909d52f-b3e5-41bf-a781-299f69504e38,,clip_467.mp4,9.0,18,78,train
56784083-2042-40f5-93de-191e7bda3516,,clip_157.mp4,7.0,6,60,test
89837791-7ff3-4b04-8ce4-bbe07acac032,,clip_628.mp4,27.0,132,198,train
95a07d7b-5070-4ab0-8ee4-5c488e315c98,,clip_374.mp4,20.0,12,66,train
86b18f11-01aa-4cdb-bfb3-f943d9ff9c3f,,clip_245.mp4,14.0,66,120,test
71eb072c-82fc-40a3-a69a-844d9e5a9bb7,,clip_217.mp4,1.0,84,192,test
c290858c-9fff-4fb0-ac0a-5de03a18d18c,,clip_108.mp4,25.0,348,402,test
13860366-6d88-403a-b314-fa92eea1e978,,clip_54.mp4,9.0,60,114,train
0e853b1b-1eff-4e48-9104-25f3b3a8a215,,clip_141.mp4,32.0,468,522,train
39bb103a-d909-4362-8d3e-b8bb3da12460,,clip_387.mp4,9.0,24,78,train
6269000d-d0b4-40a0-8c92-6c721b12e8cb,,clip_684.mp4,32.0,426,480,train
984322ed-5e4e-4252-83df-31c70d837ae0,,clip_134.mp4,30.0,348,402,test
658994a2-6b5e-481f-b29b-884c7d00492d,,clip_406.mp4,6.0,6,60,train
4e692183-7e1f-4d27-98ce-2eba2daec659,,clip_353.mp4,17.0,228,282,train
951dd8c5-6d38-4752-8592-43995e47613d,,clip_605.mp4,10.0,6,102,train
c1e43817-546c-4c09-b943-bfbbc4cf7254,,clip_763.mp4,15.0,12,144,train
b4fa5e5c-bbfb-47ec-aa70-56d6019261b3,,clip_223.mp4,16.0,480,534,test
64275917-5b55-4057-b958-2b23a0780739,,clip_194.mp4,10.0,486,540,test
6fad516b-c13d-4a78-ad07-5b1aace11009,,clip_14.mp4,13.0,264,318,train
a5c5db72-a21c-4da1-be95-2703bd85ee19,,clip_381.mp4,13.0,306,360,train
eab6e2f7-143d-4a06-878f-4b22a246a082,,clip_692.mp4,51.0,126,180,train
e325b649-2f87-43f3-8292-1fe79dcc0f3d,,clip_142.mp4,31.0,348,402,train
fe586f46-88ef-491c-b2a9-240b95bdbd23,,clip_548.mp4,19.0,516,570,train
6d0e5c60-dc74-45d2-a610-fd1fe3bafd21,,clip_173.mp4,9.0,36,90,test
8700e5d7-085d-4493-bf9f-aff21f1c197d,,clip_140.mp4,29.0,42,96,train
1b9b8a53-9d5b-421c-9f90-26877120975a,,clip_440.mp4,7.0,6,60,train
4c34ac2c-6a43-42cd-9e2c-f6306cba44c3,,clip_244.mp4,18.0,432,486,test
a7afecc0-8d94-45b6-a974-14d57f8e8668,,clip_779.mp4,1.0,6,60,train
fb705515-6130-4472-967b-bcc508fd2a64,,clip_308.mp4,9.0,54,108,train
a5d01c84-f465-4371-9a70-49c1145b0866,,clip_772.mp4,14.0,12,84,train
60bb1a61-24a6-49dc-a6a6-96f7236b2663,,clip_429.mp4,15.0,540,594,train
c51f2d34-e2c5-4a92-9845-5acf39b2ff1e,,clip_197.mp4,6.0,6,60,test
66c1d2f3-aac3-49e8-b37f-483be0c25de9,,clip_229.mp4,5.0,6,60,test
b114354b-92be-4164-abde-b6d970c3c263,,clip_465.mp4,11.0,66,120,train
5971a730-5356-4511-803b-df993c1bdb8e,,clip_690.mp4,15.0,348,402,train
a2efdeb5-44ff-4480-b8da-4ec88f48c417,,clip_744.mp4,13.0,6,60,train
318bc5df-da75-4ac5-9b68-4ff74aa82fd0,,clip_122.mp4,24.0,36,108,train
081f03ca-0086-44e9-88d9-69cc3343cb0e,,clip_87.mp4,20.0,336,390,train
2b1e3735-5196-40f9-b347-e1608a8fad1d,,clip_462.mp4,6.0,6,78,train
d75c4e7a-9a8f-43c8-b626-213c2bd510f6,,clip_460.mp4,5.0,6,60,train
8a4101f4-d794-4f09-ba9b-1cee26769ca9,,clip_16.mp4,6.0,6,60,train
739fca10-b795-411f-a8b0-efee7640cf9d,,clip_433.mp4,14.0,480,534,train
4c139e09-40d8-47bb-80a8-beb8e98c0108,,clip_205.mp4,25.0,900,954,test
177d0b49-500d-484f-9557-06cd8924c843,,clip_433.mp4,4.0,6,60,train
f1385210-d884-42d2-a919-904e4d8dc530,,clip_280.mp4,10.0,6,60,test
d6e9e56e-a60d-4cc5-a83c-c6b8878f0ec3,,clip_8.mp4,12.0,540,594,train
7229a073-9744-4360-bf01-ecb42dc1dede,,clip_568.mp4,18.0,144,198,train
70fe88f9-7493-4bfe-8fdf-9a3412b71aae,,clip_108.mp4,30.0,432,918,test
91c26e5c-f7b6-42c4-b09c-0a4393d3bec7,,clip_453.mp4,0.0,6,102,train
1fdcd4d2-4ec4-4fbd-994d-39cbf3eefc96,,clip_680.mp4,31.0,540,594,train
563c70da-eea1-451d-b9fa-369d7ce32200,,clip_288.mp4,17.0,324,426,train
cac385c8-2b27-4a27-8825-fbac8c8f78b0,,clip_306.mp4,15.0,924,978,train
adf58c29-79a8-485f-acbc-c52f7c6806d7,,clip_551.mp4,60.0,372,426,train
41d136df-8eae-4344-85ef-d079fe03b637,,clip_551.mp4,26.0,6,60,train
2b7223ac-3c2b-489f-8989-2906d43c5cf4,,clip_122.mp4,17.0,6,60,train
7ac318d4-185c-49c7-a65b-7f1b3c02cd68,,clip_384.mp4,20.0,360,414,train
84275390-b6c5-4902-ab9b-0c3a421327a8,,clip_722.mp4,19.0,462,516,train
408588a6-be8c-4c64-ad4e-05b799d22f3f,,clip_177.mp4,5.0,6,60,test
658f5e5e-ed77-48cf-976e-bb755ddb0357,,clip_551.mp4,17.0,6,222,train
049dfd50-7a66-4bdd-a45e-b4401ff05876,,clip_5.mp4,24.0,486,540,train
9b2e124c-0ee9-491f-9d3e-c6376186f8e9,,clip_226.mp4,23.0,420,474,test
8bd9e4e6-f58c-4878-bede-f1827d14c8b4,,clip_309.mp4,29.0,540,594,train
3c14ec82-b3c2-4f5f-99af-9070d51b55e7,,clip_337.mp4,17.0,510,564,train
3ba511fc-537e-4d96-82a8-13fe9182fd95,,clip_441.mp4,2.0,6,60,train
0c51cb9b-dbb4-4b61-babe-bd1de04e05ba,,clip_62.mp4,34.0,384,438,train
b4cab71f-0b99-4d99-b14a-e2597f292ba6,,clip_223.mp4,17.0,498,594,test
490b15be-69d7-4527-82cf-251c00075aec,,clip_449.mp4,35.0,336,396,train
c2bbf8c7-40b7-4069-a4c7-905d83399829,,clip_37.mp4,29.0,504,558,train
00c246d9-7f77-4927-a4c5-49766cd6cd39,,clip_551.mp4,34.0,18,72,train
d39e8f4c-c2a4-4c4a-8c19-e4d0e8633643,,clip_133.mp4,17.0,72,126,test
66bf718f-783c-464d-8fdf-3bd718f47f97,,clip_163.mp4,4.0,18,72,test
173354ab-30cd-4491-8042-93dcb534d6c2,,clip_158.mp4,10.0,60,228,test
39953cde-c31a-4409-bb1b-2fa703d4b57a,,clip_575.mp4,3.0,6,60,train
2a4e7131-cd5b-4cb2-8056-3eddcb159147,,clip_701.mp4,9.0,114,168,train
fc48572b-85d1-4461-81b2-a31e6476edf9,,clip_205.mp4,19.0,540,630,test
5a311c86-66d9-4220-bb9d-531c5e737369,,clip_377.mp4,11.0,6,84,train
6ebcb6f8-da4c-41f7-a195-6a7e3808227d,,clip_496.mp4,0.0,6,60,train
905e0712-b075-4ed7-8351-6cc6568b50d7,,clip_45.mp4,4.0,6,198,train
7cb733bd-4c1b-4478-a8da-15db83b21d0e,,clip_212.mp4,9.0,288,342,test
0ac1e35b-c0bd-4d69-b94d-6ccd63c11886,,clip_62.mp4,13.0,6,72,train
620f0fd5-a20c-4c10-8324-71d0510239be,,clip_52.mp4,1.0,60,114,train
c234dc9d-0a7b-405e-9c03-505414dfa35d,,clip_231.mp4,15.0,162,216,test
6a3985c8-3b4a-45cc-a8b7-af536eb2b262,,clip_34.mp4,7.0,6,60,train
1b7ffae2-708d-45d0-b363-1f13d0f98465,,clip_442.mp4,4.0,6,60,train
66ac594d-5bf1-40fb-804b-b2618bebd104,,clip_692.mp4,68.0,366,432,train
cc4133c1-71a5-48b3-a5b2-c8de3eb188c7,,clip_761.mp4,35.0,210,264,train
63ce86c3-2990-4ef0-bb3e-1b950ca983c3,,clip_12.mp4,18.0,168,228,train
717e3cf2-3216-4179-9c66-89d0af23cdb1,,clip_127.mp4,2.0,6,60,test
de7defee-582b-4a1e-a7cb-519810a18672,,clip_192.mp4,9.0,492,546,test
c6f50e2c-8962-4dc3-acec-7972a5c3e7ff,,clip_784.mp4,12.0,108,186,train
d8249b4e-57d9-4003-a441-479dc58e73e3,,clip_772.mp4,7.0,6,60,train
ff7fc8dc-3a4d-4c2a-8617-cb4516c1ac63,,clip_216.mp4,22.0,312,390,test
98750ba6-4c3a-4b1e-a054-9cda21bd4a02,,clip_772.mp4,0.0,6,78,train
0216f7ac-1d31-4d66-bfab-1a7f54211f53,,clip_290.mp4,18.0,516,570,train
42ad59cc-789d-4eeb-942a-c3a6b566d26c,,clip_373.mp4,7.0,6,60,train
0febfe13-7462-455c-8c80-bc7af53969dc,,clip_772.mp4,22.0,408,486,train
1ee966c8-d295-4ef4-8a77-3b96ae3f8845,,clip_205.mp4,8.0,6,60,test
28235350-2808-44c2-8515-3fc0fe0224ec,,clip_15.mp4,0.0,6,60,train
2bfe9be4-7f63-4de1-bfb3-17bb1d38a48c,,clip_451.mp4,10.0,6,258,train
60fdcdec-d8bb-42b1-80e3-519781a0c11d,,clip_79.mp4,13.0,156,210,train
50b29177-c15f-4cee-b0f1-cdb431f50abd,,clip_8.mp4,29.0,330,408,train
297155f8-a094-44ba-945f-cba11c36e0c0,,clip_38.mp4,14.0,36,114,train
c7c05653-bef0-48d8-ad22-12375145b5fd,,clip_107.mp4,13.0,72,126,test
a529317f-ff8b-40f2-9d16-f224f3a23615,,clip_68.mp4,16.0,282,336,train
5cb1f70a-7112-4c80-9f1c-517d5a2cd44e,,clip_621.mp4,22.0,6,60,train
28f09135-c73b-49b8-9746-f6c622fec2ba,,clip_279.mp4,2.0,6,60,test
302b737e-23be-437d-9d69-24fbef341f6e,,clip_61.mp4,32.0,348,402,train
b43a03b8-25ad-474b-a906-5d0d8df8e4ff,,clip_41.mp4,23.0,480,534,train
b17daf24-d6a1-4ead-95e9-94abb407865a,,clip_8.mp4,34.0,390,444,train
396245f8-bfb4-45a8-94a4-c8efceefcee4,,clip_267.mp4,5.0,216,270,test
e5b8d627-50f1-4ef9-af49-33970d768bd4,,clip_55.mp4,4.0,6,60,train
81244980-efee-4f6e-b9af-052626cb5838,,clip_453.mp4,7.0,6,126,train
aabeed2b-11bd-46ca-8d9c-f1f038b1ddad,,clip_772.mp4,11.0,6,72,train
4f1af96c-9344-4678-b547-6e2499ce7192,,clip_373.mp4,11.0,6,60,train
a6bfcf16-e5e6-450c-bae0-3ad775a8f722,,clip_32.mp4,16.0,126,234,train
1b1576ab-38c8-41b8-b2a9-f6f1491f1fd4,,clip_188.mp4,13.0,528,582,test
9b357fa0-8e2b-438d-a9fe-de7fa57b080a,,clip_141.mp4,8.0,6,60,train
1560d73d-a069-410b-8d8c-e5be33f70b62,,clip_122.mp4,34.0,246,306,train
1e7fe149-54af-44b8-bf4b-e13a630ea424,,clip_744.mp4,20.0,174,228,train
844f7494-63e1-4158-a549-c0db731dae63,,clip_147.mp4,11.0,6,60,test
7a7f15a4-ac73-4db7-81ab-418a62847fcb,,clip_196.mp4,34.0,702,756,test
9df13f10-0172-4a4b-91a6-288cb12270a3,,clip_761.mp4,52.0,354,408,train
198568b5-c63d-4042-b951-fa55b5bcca3c,,clip_384.mp4,24.0,534,588,train
0535b1f1-5041-4576-9e15-312443544163,,clip_406.mp4,17.0,444,498,train
eee84e19-eba7-41a9-8640-843d42ea2b18,,clip_697.mp4,1.0,6,60,train
52259840-a789-42d8-bdca-f2bc8d96ccc6,,clip_458.mp4,4.0,6,60,train
8ea6dd9c-779c-451b-b657-c01c1c9a99f0,,clip_99.mp4,24.0,330,384,train
985f5fcd-cc81-414a-b729-9b16e3876107,,clip_81.mp4,18.0,102,156,train
f2ec4bdd-ea96-442b-afd1-3bf650064ed0,,clip_726.mp4,2.0,204,258,train
33fbc866-6289-4180-bc48-4d0fe3137312,,clip_100.mp4,0.0,6,60,train
f88467bb-84a0-490e-8139-8013f9579361,,clip_551.mp4,15.0,6,120,train
76ee20c4-694c-4c56-9f64-0e861e1992bc,,clip_172.mp4,3.0,6,108,test
ef28ee6b-ad46-47ea-8e12-a016f2ea960b,,clip_196.mp4,37.0,786,840,test
4f2bfb85-9c0f-451a-806a-58b860094180,,clip_628.mp4,37.0,276,348,train
8e859476-eaa4-4fb7-aa54-437e2542baf8,,clip_548.mp4,21.0,540,594,train
72cabe16-c520-49a3-a683-61433a4bbb02,,clip_449.mp4,24.0,276,408,train
045162e8-1fb0-42a2-a844-ea5456cdef96,,clip_81.mp4,0.0,6,60,train
6e8b8dd9-0ed6-4fa2-94dd-c60a64812197,,clip_94.mp4,0.0,6,60,train
a009e7a4-68ad-4656-bf91-7eb045d06eef,,clip_284.mp4,8.0,6,60,train
c13b5544-d7a2-418f-89c7-be719b1f900d,,clip_551.mp4,48.0,108,162,train
c1d3919e-775e-4c4f-92d8-6ebe43b00492,,clip_1.mp4,24.0,1074,1290,train
f4e0324a-05e6-4ebc-8a40-c777ad879291,,clip_197.mp4,16.0,60,114,test
3884646f-0c6e-47ad-acd3-381f3bc99a75,,clip_628.mp4,33.0,216,282,train
66f8a23e-4d68-490d-8b6e-a03bd957be71,,clip_375.mp4,2.0,6,60,train
a5ca9c2d-545d-43e6-8930-d6c5264fc917,,clip_125.mp4,19.0,276,330,train
ba2c6590-75ad-48e9-8766-340f0de6cfc6,,clip_381.mp4,12.0,162,216,train
6062e3fa-76d9-4aa7-8794-1aacf60362a5,,clip_140.mp4,6.0,6,234,train
2c884f51-2d24-4d0a-9481-c513f066836a,,clip_71.mp4,13.0,114,168,train
1afb5578-8572-4924-9d10-051eb7e938e1,,clip_55.mp4,21.0,36,138,train
574b87a9-e903-4492-81cb-d38489d53ea8,,clip_21.mp4,18.0,72,156,train
140646f7-eebb-4fa8-97ba-fdd60ce1b6fd,,clip_448.mp4,19.0,282,336,train
b6b6c631-8fc6-4b1d-99ec-3e5d12214bd4,,clip_19.mp4,35.0,114,168,train
3ed2b208-878f-44bb-adb4-f48e10bc1cef,,clip_19.mp4,19.0,6,186,train
da9291ad-93cf-4220-82a9-0731e3e416b8,,clip_18.mp4,24.0,180,252,train
021fbb98-b7e8-4e0b-a2ee-21181e209a1b,,clip_8.mp4,8.0,540,594,train
fe7158c9-af11-4dee-88b7-ec542c410eba,,clip_278.mp4,14.0,510,564,train
c3e1c91c-7046-4f3e-a5eb-d5e10b744c55,,clip_621.mp4,63.0,282,336,train
6cef55ce-c652-44af-8684-ce501abc4b86,,clip_319.mp4,16.0,420,474,train
ecb7af2a-55bd-47bd-ae0b-8ac8374cea93,,clip_42.mp4,18.0,156,210,train
23d5c4b3-c050-4e1a-8120-7a934ab73e95,,clip_446.mp4,16.0,36,96,train
25862e22-ab12-45a3-bce1-56f47f1cff40,,clip_38.mp4,28.0,276,330,train
99a9ae54-dda3-42f0-82cc-30c9894523f5,,clip_100.mp4,11.0,6,60,train
ab5db44a-f6cf-40af-9f0b-9e8e510f0e6a,,clip_119.mp4,14.0,48,102,train
7feb848b-e63d-4304-abe2-ae1d10426d6c,,clip_628.mp4,23.0,66,126,train
99f19536-6b90-45ce-9c6c-0aace150c10d,,clip_55.mp4,2.0,30,90,train
059ab5a2-7510-4c73-bb05-5115c6dcb96e,,clip_19.mp4,6.0,6,60,train
53756c2c-f92e-44f4-a090-d038da13b87c,,clip_290.mp4,9.0,192,246,train
19a02101-5786-486e-80de-e0c6ad3de85c,,clip_24.mp4,21.0,180,246,train
f45576b5-67e7-46d9-92e6-b6bc1a8e5e1f,,clip_171.mp4,0.0,6,60,test
94ec8644-c8d1-4e1b-8026-ea51380f2469,,clip_27.mp4,9.0,6,78,train
16719bb7-8f2a-4327-88ab-709d8676dc99,,clip_17.mp4,22.0,294,348,train
7c28328e-d907-45ee-8175-a907368fc44f,,clip_375.mp4,12.0,240,294,train
c310fffa-0095-4803-ba4f-19e1f71fcc37,,clip_565.mp4,0.0,6,60,train
c0f37ec4-f3fa-4cb1-bc90-0060d96d7e60,,clip_414.mp4,6.0,6,60,train
589d42c3-9a5d-43c7-a356-e74c18fdd623,,clip_438.mp4,13.0,504,558,train
833fba32-61f0-430e-9235-2515bfc5593e,,clip_456.mp4,34.0,600,654,train
0eba2680-1ca2-4817-8816-08af925a8e6f,,clip_93.mp4,14.0,204,258,train
9b5c72ee-015e-4655-8f23-a4798ddcc24e,,clip_455.mp4,24.0,468,522,train
3d380cd1-f2af-41e3-bb10-7a804db3c3c5,,clip_19.mp4,49.0,372,438,train
25b03eac-6348-4b03-9d08-d45a9898509e,,clip_43.mp4,2.0,6,60,train
fb64ce47-8098-4693-b5c8-386a5128d0c5,,clip_159.mp4,13.0,228,330,train
ed8aea4b-34cd-4760-a3f4-6ddfd3e3064c,,clip_4.mp4,24.0,474,528,train
54c9784d-6b11-43d1-b566-ab4a5c3744f4,,clip_468.mp4,10.0,486,540,train
1f2611c4-c015-44e8-b877-942683794376,,clip_692.mp4,40.0,66,120,train
8a063b34-829b-4b8a-9620-4aa33853ca5d,,clip_728.mp4,2.0,54,114,train
d58719fb-014f-4e99-b01d-25c16a135243,,clip_318.mp4,7.0,6,60,train
0a007c0f-ed0a-4e66-bdd2-012e6a84fe2b,,clip_370.mp4,5.0,246,300,train
14c4a912-47d0-4b70-9c54-5acc22dd2fd8,,clip_38.mp4,1.0,6,60,train
f44a130e-9d11-40c6-9c8c-57f57166af1a,,clip_551.mp4,25.0,6,138,train
6e5c0be7-a574-4d2e-ad4a-9c3c905dcf65,,clip_119.mp4,38.0,492,570,train
c58acc69-cd31-4f2a-ad31-5ef277da83ac,,clip_207.mp4,2.0,6,60,test
b3b4127f-05b2-46fe-9490-b4a45cf1029f,,clip_373.mp4,42.0,492,546,train
eb735927-b07f-495e-b779-9d645eb34325,,clip_551.mp4,6.0,6,114,train
53825982-7fe1-4ed7-bfa9-7a1f797be2f7,,clip_217.mp4,10.0,18,72,test
8334d997-834f-4204-8973-586a17454a0e,,clip_456.mp4,2.0,6,102,train
be0f4a6b-5264-468b-8b88-cda14dc1e601,,clip_464.mp4,7.0,510,564,train
424c70f1-2ebc-4864-bc87-7c84efdb9488,,clip_446.mp4,2.0,6,60,train
450979d0-2a05-44fc-a426-b72d876c66d2,,clip_197.mp4,10.0,6,60,test
b8b85c1a-7e68-439a-8a11-2eeffb824c6b,,clip_205.mp4,13.0,234,330,test
14abf9cd-66cd-4691-a618-a18c24ad8996,,clip_383.mp4,13.0,360,420,train
758faef2-50d3-46ad-9acd-23daf0b39ed2,,clip_273.mp4,8.0,6,60,test
b168cf6c-cbd4-4682-89fa-adfe9e54d53d,,clip_277.mp4,10.0,6,60,train
be7351e1-49b2-4e9a-b4b5-63e42ad3b9b5,,clip_446.mp4,15.0,24,78,train
749b92d7-cba9-42ae-ac00-39d3b275da03,,clip_379.mp4,11.0,336,390,train
e1280273-99d6-412b-b73d-f17f672a4765,,clip_109.mp4,19.0,24,78,test
f0264ba3-1244-4bdb-a86c-89814082c3ea,,clip_16.mp4,18.0,474,528,train
3359cadb-2de0-4450-b9b7-2c33a71dfe19,,clip_24.mp4,37.0,534,588,train
5f2bd238-d07d-415a-a678-42b8ba518cf0,,clip_19.mp4,38.0,126,180,train
e5eb0924-d9b2-42b8-88db-7cc0d87df5fd,,clip_3.mp4,56.0,534,588,train
5319d319-bb9b-483d-8947-22f023bf67b1,,clip_438.mp4,8.0,6,84,train
7e3f42a7-3458-4a47-a44a-ef6e9294384e,,clip_55.mp4,35.0,402,456,train
e0e4a795-6b45-477e-b39e-d6a154167845,,clip_621.mp4,55.0,216,282,train
0494c240-0dd3-4925-8930-34c0912b3f36,,clip_231.mp4,18.0,342,396,test
687031ff-f6d5-4a0d-97ea-3be84e5b6e2c,,clip_628.mp4,15.0,18,72,train
09bdfc99-99bc-438c-bfc3-8b32509214c3,,clip_135.mp4,21.0,486,540,train
7d764796-6df5-4042-9503-87af55fdbad5,,clip_206.mp4,7.0,6,60,test
9f78e182-24ed-4230-bd9e-fb1f4c6e08a9,,clip_213.mp4,7.0,6,60,test
5c3bb9cb-ed64-4f34-8e17-51f9fc7ca26b,,clip_281.mp4,2.0,6,60,test
3fa717c2-6f89-4160-aca0-761d5684a50e,,clip_492.mp4,5.0,6,72,train
31c666cc-2da6-4762-8989-ec606b6de10e,,clip_16.mp4,16.0,450,504,train
81575296-c166-4da4-a9bf-0819fa73c0dc,,clip_685.mp4,10.0,24,78,train
7cf8cca7-5d81-43cd-83de-1eda8314b5ae,,clip_168.mp4,17.0,456,510,train
09fdfc83-c126-4b05-a4ed-29d2fb4682b7,,clip_122.mp4,1.0,6,84,train
d9565514-2e19-4b6a-96d1-7162fc39fabe,,clip_446.mp4,23.0,486,540,train
165e973d-067a-487c-b769-f66af7592048,,clip_411.mp4,19.0,528,582,train
851e0c33-910f-4a1b-a09c-974a36f61bd3,,clip_411.mp4,10.0,174,228,train
d517362e-0267-48ac-bdfc-a7f207ed937d,,clip_449.mp4,33.0,324,378,train
f748c2bb-a30a-4483-ad7e-107ba8f45cb8,,clip_105.mp4,34.0,474,540,train
80c1e8e6-1697-41f6-b79b-a8f35321d3b9,,clip_150.mp4,11.0,60,114,train
447c0be0-ba8c-4495-b4d2-db2783ef003f,,clip_692.mp4,55.0,132,186,train
280f0f27-815d-445b-8eb0-3aee5e3bb749,,clip_54.mp4,1.0,6,60,train
a60c65a9-152a-45f3-94f9-15329a4fe04f,,clip_384.mp4,21.0,432,486,train
13512de3-b377-4d5a-b6a5-ec59f99619c5,,clip_55.mp4,40.0,474,528,train
b8a98884-b220-44e1-b66a-415a32a9a370,,clip_739.mp4,12.0,396,450,train
b1cdc14c-ce70-4d6f-aab2-08cfd04f48b1,,clip_19.mp4,37.0,120,174,train
f4ba15ca-4ed5-4df1-b202-a175b08cbc4d,,clip_144.mp4,18.0,138,204,train
6219b195-63f4-474d-a6a2-477cd106c860,,clip_10.mp4,17.0,492,546,train
5a7cbee9-cf2f-4c4e-a94e-e889e2c6d469,,clip_374.mp4,7.0,6,60,train
c3d618b3-8af4-42cb-ad24-9b8fb811b8c4,,clip_216.mp4,24.0,540,594,test
3e245284-0aac-4f24-8850-516287e961e7,,clip_171.mp4,28.0,342,402,test
d1377d2a-19e9-4707-a910-c80ce12d5306,,clip_25.mp4,23.0,132,378,train
f253bc4e-a75e-4587-89a3-85e0b3755dde,,clip_24.mp4,26.0,318,372,train
8aa73bc2-9af0-4626-9e53-5c06a76a1651,,clip_729.mp4,11.0,540,594,train
004c26c4-3da1-4600-9daf-aa55ca714f43,,clip_303.mp4,1.0,582,636,test
9082a47c-0a92-46dc-9d1e-bfcc59e62ace,,clip_119.mp4,35.0,486,540,train
d323bf02-5f62-4277-9a4e-2709918b8539,,clip_621.mp4,48.0,180,240,train
e52a8bf9-6c30-4726-9920-b0df0837501f,,clip_228.mp4,19.0,402,582,test
75b148a8-af45-438f-8ec5-7324f87e1dfd,,clip_621.mp4,24.0,6,78,train
0e2bfb17-4655-473a-9d18-5558414b90e2,,clip_26.mp4,7.0,6,60,train
615f0485-dfb9-4d50-bb35-8d3e4ae4a058,,clip_432.mp4,9.0,330,384,train
5904024b-7cc5-46de-a147-066ca8672077,,clip_356.mp4,20.0,522,576,train
aa8dc924-348a-4b76-8b85-c54e6f8df973,,clip_60.mp4,6.0,6,60,train
6fa3bd52-62f7-43fa-8d12-03349cde28b2,,clip_440.mp4,1.0,6,114,train
bcf5b86a-cc21-44c3-bc59-686990bf19cf,,clip_588.mp4,27.0,450,504,train
f33d399c-f183-476f-a446-4846269a5a59,,clip_8.mp4,25.0,294,372,train
d75b702b-e3e2-4d23-a379-3c28f6d7ead2,,clip_736.mp4,16.0,528,582,train
9540b722-4b7e-4cff-a87a-a4a2c5a97f31,,clip_469.mp4,11.0,522,594,train
1107cfe1-184d-4316-b2f6-48d0cdfbc61c,,clip_48.mp4,4.0,6,60,train
bea2c63c-f91f-4c28-845a-1048fb3bc333,,clip_680.mp4,26.0,192,246,train
fd2e6e45-ab65-4484-b9e4-c9e18a7c9dfc,,clip_128.mp4,19.0,552,606,test
a6ed5a16-9bb4-44cf-a274-55767e895582,,clip_290.mp4,19.0,516,570,train
6395a59f-7c0d-426c-8995-80c1556cd546,,clip_18.mp4,37.0,336,426,train
10016f0a-cb39-45d1-aff9-26514742cf5f,,clip_449.mp4,22.0,258,330,train
0cd821e6-7704-4a5a-a2b4-71609c6c95ed,,clip_551.mp4,45.0,60,120,train
44c44ee7-f928-4634-948e-76955a767215,,clip_437.mp4,22.0,534,588,train
821b389a-182e-493d-8535-6436bfb4897f,,clip_458.mp4,3.0,6,60,train
376f2277-bc09-453a-a373-8f44d6bf8eae,,clip_772.mp4,18.0,72,138,train
24921cd3-242e-448c-a7b4-a85227075633,,clip_465.mp4,1.0,6,60,train
a5bec349-5169-4bad-b5c7-1027680c1544,,clip_138.mp4,0.0,6,138,train
04be0df2-f27e-40cc-ab4b-4a745d64ec27,,clip_385.mp4,8.0,6,90,train
cae78066-1346-4cb8-b190-4b8fc7e7498d,,clip_452.mp4,15.0,498,552,train
cb44d31f-6989-4f6f-abfc-9b5d2256c3c1,,clip_128.mp4,5.0,6,60,test
a415581e-dca2-41ec-b47c-aea3f5a8417c,,clip_441.mp4,4.0,6,84,train
508650ef-8376-46d7-8a62-43596cf5ff14,,clip_121.mp4,10.0,444,516,train
b05123f6-18ce-4e01-9c7b-bd6493c22246,,clip_332.mp4,11.0,18,72,train
34da92d5-03f6-42c0-98b6-3735157ac64b,,clip_412.mp4,2.0,6,66,train
a008a2ab-05e5-4142-9218-55d18354d6a8,,clip_217.mp4,18.0,138,192,test
b1e6db3b-7e35-47b4-a7ae-f10368965234,,clip_308.mp4,13.0,516,570,train
af725892-66e6-46fd-b23b-474058551d7d,,clip_206.mp4,12.0,204,258,test
8e4c41e3-74c1-47a9-b78e-471159fe68ec,,clip_418.mp4,5.0,120,174,train
0e5be4cc-b8d3-40e4-9f38-751673c70e4c,,clip_437.mp4,14.0,48,102,train
c6568e96-63d3-4cbc-a102-b6bccc3f0e3f,,clip_93.mp4,7.0,96,150,train
0251e421-6a08-40fe-a0bc-f9a33957284e,,clip_25.mp4,5.0,6,96,train
dd279f35-76b3-4aa8-8cb1-2dd7d915ccbd,,clip_496.mp4,7.0,450,504,train
d6eb7999-2f4a-4b1b-9e1b-77e43dbf83c5,,clip_307.mp4,3.0,6,60,train
c8b3ed83-f40c-4368-a665-2bf07efc3d97,,clip_638.mp4,28.0,432,486,train
eef0d624-71c4-498a-ad31-e5ecf8a2840a,,clip_1.mp4,23.0,1074,1128,train
377f4aba-dfaf-4f6a-a970-09f85e637075,,clip_441.mp4,10.0,6,60,train
e3e4f800-c9b3-43c0-8b43-f90ebb19e40d,,clip_490.mp4,2.0,6,60,train
67790344-8d94-4583-8443-3d75ee384bf6,,clip_684.mp4,3.0,6,144,train
e8c5f5cb-2e17-48ae-bb23-db68e6ffd60f,,clip_721.mp4,12.0,6,60,train
812ae430-289b-4d3d-9def-4b261f9656a2,,clip_621.mp4,75.0,540,594,train
c5363ac3-2561-4e85-9edb-51cbf1456ef7,,clip_140.mp4,21.0,6,60,train
686b8b91-6366-4955-a154-b2d83ae89472,,clip_412.mp4,5.0,6,66,train
de75f6dc-7599-4595-8996-7ee40373de25,,clip_109.mp4,2.0,6,60,test
b0e2baf5-0b46-4752-b8e6-8ae297a96b23,,clip_74.mp4,10.0,222,276,train
00e2caf6-e4aa-4f0e-bc53-0810b3a0dd00,,clip_41.mp4,22.0,444,498,train
85653e3a-18f7-41f3-8f2a-8293d8f2e39b,,clip_267.mp4,18.0,960,1014,test
1eecb819-ff95-4eb6-ac44-7a01252c750d,,clip_230.mp4,4.0,6,60,test
a169cb96-c039-4ce3-b2de-1fde29f1a653,,clip_107.mp4,19.0,192,246,test
1dc66a65-1250-470c-8a59-af52c1035260,,clip_144.mp4,26.0,540,594,train
7cc15f46-9ff9-4618-9dbf-087621e76269,,clip_217.mp4,19.0,156,252,test
4b49084b-6f3c-41cb-aecc-46087f9c195e,,clip_772.mp4,26.0,450,540,train
6261f5b8-fed5-4e94-be9e-166b621370d2,,clip_134.mp4,0.0,6,60,test
86b3164a-5031-47dd-a607-24fd5d1451d4,,clip_133.mp4,9.0,6,60,test
ab636789-9732-406d-a283-992b59128df7,,clip_19.mp4,47.0,306,390,train
c950f1c8-a3bd-4d28-b172-3ef63677ee0a,,clip_558.mp4,5.0,6,60,train
983dcd5e-e3f6-4ae0-971a-ed210a501d06,,clip_308.mp4,15.0,906,984,train
ea17708f-a1ff-4c70-9c51-be40362b2181,,clip_248.mp4,1.0,6,60,test
6a0a08dd-036a-4212-be73-cffbee23e41b,,clip_444.mp4,8.0,72,126,train
be934635-77f8-4aea-9bac-36e7d5c959af,,clip_332.mp4,13.0,246,318,train
1df39a42-f1b2-4846-b652-cb573e77f3fd,,clip_191.mp4,11.0,330,384,test
2cd2b2de-4b30-4e83-93b4-cd58f5e2f380,,clip_383.mp4,0.0,6,60,train
611bc153-0c47-4cef-8bbc-78b844899324,,clip_84.mp4,15.0,102,372,train
41850f3c-9724-42cc-beab-238118f2a00a,,clip_161.mp4,10.0,36,90,train
bad7bd12-48a5-4967-894d-f9bdeae40da9,,clip_9.mp4,20.0,12,66,train
9af7f9ec-bf2e-4818-ab69-3b2dce8b9b5e,,clip_378.mp4,12.0,6,60,train
26118a3d-a2ab-40f3-ac06-b2dc4b4a9000,,clip_406.mp4,8.0,6,60,train
71684abc-4d3a-4835-8e7d-51ef69a85846,,clip_187.mp4,8.0,114,168,test
7e58509c-e3d3-4b04-a2d9-83af1c02ca0e,,clip_688.mp4,5.0,6,60,train
dcc52612-17a4-4997-8b26-c8e41e0d7b8c,,clip_565.mp4,1.0,6,72,train
2b61f876-6ddf-431e-8d73-98d2e7b46fcf,,clip_31.mp4,3.0,6,60,train
2ca0ae30-653f-43ba-b420-d5f084c61cf2,,clip_100.mp4,16.0,6,60,train
4fd8ef32-1f1c-4645-b470-1c021bea6475,,clip_28.mp4,19.0,144,198,train
6187624c-39cb-407f-888a-1d4a1489a706,,clip_761.mp4,73.0,486,540,train
8158446e-10d9-46b4-8bf8-4324e2d3d987,,clip_122.mp4,6.0,6,60,train
6143ec44-e7a5-4262-8acd-77492a414714,,clip_376.mp4,19.0,258,318,train
7c512a8a-4a94-49d0-a868-b25775c36127,,clip_5.mp4,14.0,12,66,train
768a4fdf-be1e-4417-9803-09f597bde9cf,,clip_134.mp4,16.0,96,150,test
6352dafc-21f1-4196-8032-4f16a604b6ab,,clip_209.mp4,9.0,6,60,test
e0e26faf-2cd0-40d4-a883-01ec6d262cb4,,clip_161.mp4,13.0,234,288,train
27af3887-7d90-428d-94ec-743b512b1177,,clip_99.mp4,28.0,432,486,train
35c671c9-60f0-4d6c-b84e-5fa6d9995a8b,,clip_38.mp4,32.0,468,522,train
2922d70b-9175-4596-9812-2e14366fa47e,,clip_107.mp4,15.0,102,156,test
86cd4bc4-382f-4c4b-973b-e9748812060f,,clip_135.mp4,11.0,180,234,train
3c394b76-8331-47c6-a5e4-9edbffc9ab4e,,clip_191.mp4,4.0,6,60,test
3a0c7094-6a89-4b4b-b046-9f8c7c450d9d,,clip_406.mp4,10.0,6,60,train
e0050a27-d129-4f0a-9167-316d41dc0800,,clip_97.mp4,11.0,168,222,train
831b33f8-4774-495c-a380-dc0f094949e6,,clip_350.mp4,10.0,24,78,train
c5130fb7-6e23-46a9-907e-8ff8b9c5440a,,clip_116.mp4,1.0,6,60,train
f4551156-410e-4867-81ef-ab6ad1080930,,clip_295.mp4,0.0,6,60,train
c8f7937f-32ed-4f86-9017-7791d9d70eb8,,clip_376.mp4,11.0,6,60,train
933759bc-9450-4629-b840-be70bbdea288,,clip_37.mp4,27.0,402,474,train
55686f67-324f-4fb8-bfb5-ccde8cf52186,,clip_609.mp4,15.0,480,534,train
69ec8654-4266-44f2-8521-e799af2fd4a0,,clip_10.mp4,4.0,6,60,train
10bfa4a7-4487-422f-947e-67ed4c448e74,,clip_466.mp4,7.0,6,60,train
f1b40060-623b-40a9-bac5-75134d34db5d,,clip_94.mp4,20.0,426,522,train
c73cf4ac-0b43-444e-aaf7-645ddfa6bacf,,clip_692.mp4,60.0,180,234,train
37a9dec0-a09d-4c63-a782-d33e76844366,,clip_436.mp4,10.0,132,186,train
d5c1a197-962c-4d03-9462-86d7e892f7b9,,clip_452.mp4,13.0,354,408,train
a90c659b-5e77-4aa5-99ba-152f22cf4875,,clip_33.mp4,15.0,258,366,train
518baf2b-ae2c-42ee-99d4-49de1561c47f,,clip_433.mp4,15.0,480,534,train
97971196-1313-4c4e-a5f7-4bdf969cffaf,,clip_200.mp4,15.0,936,990,test
02925cf9-e6cd-453f-8ada-9e4b93c38318,,clip_173.mp4,12.0,120,174,test
5f5dcce3-7c21-4e62-9332-b2696254730a,,clip_318.mp4,0.0,6,60,train
f655efcb-0be5-41a3-af7d-056ee20ae482,,clip_492.mp4,1.0,6,60,train
f3cc61ef-36a1-42fb-b340-ac2fbc4de1a1,,clip_144.mp4,21.0,156,384,train
f615d4e1-ba2c-45bb-9c6e-513d3bea7fb8,,clip_564.mp4,2.0,6,60,train
5eb6f546-030a-49a1-bc79-44debe93be2e,,clip_19.mp4,54.0,468,522,train
6d60c17b-9cdf-4550-abfe-636fd06027f3,,clip_551.mp4,28.0,6,60,train
07a1a4a8-a7fc-4759-9685-74f3481a663b,,clip_56.mp4,27.0,468,522,train
ea9ae60c-8744-4e7c-a6ec-072118a926a3,,clip_19.mp4,27.0,60,132,train
b11cde15-6289-4e00-b47e-27eabfea88be,,clip_385.mp4,23.0,450,504,train
c13bae4f-164c-40a9-9f56-56491b6c79a6,,clip_18.mp4,31.0,222,276,train
154ba3ae-9653-469f-93f1-ee67302a9bd9,,clip_32.mp4,8.0,6,96,train
f1fc2309-9616-4401-aa8e-afe1c43ecc05,,clip_605.mp4,13.0,192,246,train
fbbae38c-1603-4597-89b9-02f35743bbfa,,clip_332.mp4,16.0,204,258,train
4028cdee-a4b5-4a42-a30e-467d49ad7626,,clip_624.mp4,27.0,510,564,train
12105cd1-3336-47fa-9416-87c997b1d8f9,,clip_119.mp4,8.0,6,60,train
345ef766-a359-4931-a8ec-5723771c4996,,clip_467.mp4,2.0,6,60,train
a64ab1d8-04d5-4a98-9ee3-e4efa1bfd7fe,,clip_377.mp4,6.0,6,60,train
f1723c2b-bd58-4fac-b3e1-6c35b44ed40c,,clip_337.mp4,14.0,408,462,train
42f27f65-4fa0-4be4-98d2-3650a6e96cae,,clip_197.mp4,8.0,6,60,test
9a75a9ab-81a6-44dc-b673-9f54771fb124,,clip_39.mp4,3.0,6,60,train
987e423f-2eda-46c7-9b1e-a34dfe2093f1,,clip_32.mp4,17.0,180,234,train
ff836c47-4677-4455-bd5c-e51773755b86,,clip_96.mp4,0.0,240,294,train
29a00e4b-7753-459a-b642-7eae978d2a5b,,clip_247.mp4,19.0,126,204,test
e035acd0-b08f-44ec-83c0-e99964f308e6,,clip_91.mp4,8.0,156,246,train
b84f0fd5-56fb-4536-aa33-41535823fb71,,clip_423.mp4,13.0,510,564,train
f5dccaec-ed01-4407-a06e-a662c05b57c1,,clip_565.mp4,10.0,150,276,train
478bbfcc-7266-429a-9679-0d638908b7ca,,clip_356.mp4,2.0,6,84,train
b5589732-cec9-4813-a042-7fe8b5c61fbb,,clip_781.mp4,23.0,882,936,train
3b08a676-bc69-4606-8f0f-ab130d8ef531,,clip_10.mp4,18.0,498,552,train
95f2340e-2102-4b9c-8235-daf9d20eb05e,,clip_134.mp4,46.0,858,912,test
0ada6f15-2c42-4586-9886-db03af5e3386,,clip_18.mp4,38.0,348,444,train
c96cf2a1-695a-4738-95a6-741a5fe218c4,,clip_466.mp4,19.0,234,288,train
5c2abf01-1596-4137-a78e-601dbdc575b1,,clip_237.mp4,19.0,432,486,test
f5b6b7c2-63a8-4dd2-a8fc-e68a3d85e460,,clip_374.mp4,0.0,6,60,train
fd78746d-4063-4eba-98c4-3fb35ff7f90f,,clip_205.mp4,6.0,6,60,test
abc43ac5-0a7c-4a93-b865-0028dc917483,,clip_683.mp4,12.0,324,378,train
8221e9d2-8dd8-4123-bb46-5d8cf4528f12,,clip_337.mp4,16.0,492,546,train
12868261-1264-4bd5-a852-6429579a63cf,,clip_129.mp4,0.0,6,60,train
60a37ea4-4689-4070-be55-cfc530dd4939,,clip_696.mp4,3.0,6,60,train
d35c2b83-0b91-4a74-b9e9-a32696981afb,,clip_683.mp4,3.0,6,60,train
eedd5219-b1e2-480e-bab4-e572a36a6029,,clip_54.mp4,17.0,180,234,train
aa043903-e730-4ab3-9054-b9f3d5d3b10c,,clip_100.mp4,17.0,6,102,train
d33d81f3-6041-45b6-afb1-e9abd2b81bf1,,clip_46.mp4,39.0,330,384,train
f2fae62e-4e8b-4bf3-a1c0-8aa62a43d6e4,,clip_105.mp4,29.0,396,462,train
93e7bd9e-96c9-4ae8-b592-680ea741eb81,,clip_270.mp4,18.0,384,438,test
9eadb2ea-48c0-4654-a639-fa33d9a86f60,,clip_143.mp4,11.0,24,78,train
67e2c344-b6a9-4348-9941-2adcc1aaabf4,,clip_55.mp4,20.0,300,354,train
e4bbd813-28b5-4044-8dd5-c8a4e51d4244,,clip_41.mp4,6.0,6,60,train
a79910ce-8ca6-484e-af8b-3a8d7354c8d3,,clip_422.mp4,5.0,6,60,train
b9ca59ef-1263-4e67-9fdc-7fad7fe0724c,,clip_546.mp4,3.0,6,60,train
7191017a-7301-408b-b5a8-b687cb3ef21d,,clip_133.mp4,0.0,120,174,test
4c4565aa-c665-4784-b6e5-656d88c6bd2e,,clip_273.mp4,26.0,558,612,test
78ac2cf2-7ed1-4a15-9d3e-848d35c37dad,,clip_152.mp4,24.0,348,414,train
6aaa342b-a504-4474-99ca-841b5dccee36,,clip_378.mp4,22.0,318,384,train
2bf4cbd1-622d-46eb-995e-211ad5dfafac,,clip_48.mp4,3.0,6,60,train
9b7b00cb-7876-48ab-9a55-a25f85eb8d68,,clip_375.mp4,6.0,168,264,train
ab6eeeaf-d058-4a12-84cb-7b2f4b49e9e9,,clip_182.mp4,7.0,96,162,test
6d8e6fd0-5371-45d9-a1d9-77328af3b3e4,,clip_122.mp4,33.0,228,288,train
cdacd900-0482-4d09-97d2-a46399b51d95,,clip_89.mp4,7.0,6,60,train
db812b45-1225-4752-b593-e3b9158cf8a5,,clip_549.mp4,29.0,1020,1074,train
607b1541-cecd-49ec-9ced-aa51aa87383c,,clip_466.mp4,20.0,234,288,train
fb53c8a5-127e-4a72-abe3-09cbc428b1e3,,clip_141.mp4,10.0,6,60,train
0532916e-f126-4b2d-a7eb-857176385f6b,,clip_446.mp4,14.0,18,72,train
e08564e0-e135-428c-bffd-ba5c7d440413,,clip_15.mp4,11.0,6,60,train
9cb5f087-119b-4cb9-aeb9-c7add8f5217c,,clip_4.mp4,14.0,228,282,train
e18ecfdc-861b-4bf2-8e9a-a7f994d43811,,clip_763.mp4,17.0,24,78,train
6f9d5753-a970-45bc-b551-00f24d5584e7,,clip_621.mp4,53.0,198,264,train
0edcaa7f-412c-4d2f-ad7d-2afc991db172,,clip_143.mp4,12.0,54,108,train
74f74070-886b-4d5a-a1be-48400c8dd98e,,clip_110.mp4,0.0,282,336,train
a9453228-a41e-463a-b5e5-3aea728a7927,,clip_352.mp4,11.0,228,282,train
57ab17ba-593a-4034-aa5a-136cfccdac34,,clip_319.mp4,9.0,60,114,train
3a301edc-315d-431d-a4d4-638ce6ab8464,,clip_729.mp4,1.0,6,60,train
cd07d0d6-5a3a-4425-807f-dd62c3dce9bc,,clip_207.mp4,10.0,6,60,test
5db5c694-5c4d-44ed-95df-3b12f5b0b930,,clip_171.mp4,13.0,6,90,test
f93e6445-91cb-4c3b-b36a-203ed33cb17c,,clip_205.mp4,21.0,690,822,test
cf8b0e2c-a092-4748-93ad-7a73fd96dfaf,,clip_356.mp4,12.0,228,282,train
f831f286-5922-42eb-b285-11d4b4b11943,,clip_52.mp4,10.0,168,222,train
97293dc4-6339-4312-8d34-23c72d649f96,,clip_20.mp4,19.0,426,480,train
0d7b9d69-bf52-411a-ae9b-606ef9784047,,clip_306.mp4,16.0,960,1014,train
e2257049-460e-42db-83e8-055d5e1aecc4,,clip_87.mp4,12.0,30,84,train
382c0556-fc34-401d-9117-336f04b4b62b,,clip_549.mp4,28.0,954,1008,train
2db17b35-801a-4085-8c89-e2b115255ca1,,clip_549.mp4,3.0,6,60,train
8a50ef1f-8862-4907-b977-4b2739ff1d98,,clip_588.mp4,29.0,480,540,train
adb5b8a3-5edd-4680-9e75-53830afa8e73,,clip_568.mp4,4.0,6,60,train
d9153467-1019-46d0-8349-3215b05aaeff,,clip_424.mp4,0.0,6,60,train
2e3d8fb1-1318-4d30-b452-5ae2fec28169,,clip_8.mp4,14.0,264,318,train
96f6374c-3b15-4713-9493-3ca81af80ab7,,clip_131.mp4,11.0,228,282,train
2633cba6-e0dc-49f9-8747-79ccd9e916ef,,clip_169.mp4,16.0,204,348,test
c7698d39-8132-4f71-9ac8-d93a827d02ec,,clip_781.mp4,16.0,282,432,train
8ba97a32-e2b0-4b6f-b4da-a38bd0b8b96f,,clip_123.mp4,4.0,6,90,train
65e5609d-586d-4d8b-b599-5ae4e358c19d,,clip_356.mp4,18.0,480,534,train
bde5faea-7673-41a3-a0a3-2c3055601f5b,,clip_765.mp4,1.0,540,594,train
311d9c54-a4dd-4f6a-8c14-b7ae44182edd,,clip_24.mp4,27.0,318,372,train
e72ad15e-2d03-4e36-9ee0-3e02b4324de4,,clip_14.mp4,2.0,6,60,train
f3a5a8c4-91a6-4d55-8b6a-40a0464da73f,,clip_180.mp4,2.0,6,60,test
3e5a15da-f53c-4309-a47c-711f093b6752,,clip_690.mp4,6.0,6,60,train
65563a36-b493-4753-b07b-167adb41cc0f,,clip_109.mp4,25.0,372,438,test
0727d1eb-47b7-4ed4-9855-5eed13cf1c30,,clip_565.mp4,4.0,48,102,train
1dbe1b29-bb49-4b4b-8be1-754b390918a1,,clip_554.mp4,20.0,318,372,train
76d4e797-c2d0-4982-a609-36cca71b3c56,,clip_374.mp4,24.0,84,222,train
fc804ec9-8585-4466-b5e7-f857913808e8,,clip_565.mp4,7.0,78,132,train
5b465022-0355-4a04-a193-6c27046fcf34,,clip_20.mp4,18.0,378,432,train
5cca0b5f-eaad-44b7-be86-7df4c93a6859,,clip_684.mp4,17.0,30,84,train
84662f55-e0f6-40a4-a471-eb207b61de1d,,clip_448.mp4,23.0,450,504,train
7300d74d-8889-4de4-832b-bcaf827fdf81,,clip_551.mp4,40.0,30,90,train
b0319698-50c9-4103-9e9c-f702384c4992,,clip_427.mp4,6.0,6,60,train
f6c63a26-9e7c-4489-bb4b-221d706a663b,,clip_444.mp4,9.0,108,162,train
60073826-8159-4488-8a63-8f02275fd44b,,clip_38.mp4,34.0,504,558,train
70c24d25-96fc-4bad-ab22-e1b5ba3cb1c6,,clip_212.mp4,19.0,378,432,test
a9a401e6-b37b-417c-bf93-915f9b12c851,,clip_758.mp4,1.0,6,60,train
0cd267aa-ffc5-4101-892a-c694b405ae8e,,clip_139.mp4,3.0,6,60,train
b3292be5-f135-4fb9-9de0-6cc560b4371c,,clip_441.mp4,13.0,48,102,train
72ab2df4-a6db-4e56-b200-0e6d69d8b535,,clip_236.mp4,23.0,450,504,test
66c2a915-1f8b-4918-88b6-4c75c3a5240f,,clip_102.mp4,13.0,312,366,train
7e335298-bbed-44c5-bef9-580093652587,,clip_104.mp4,1.0,6,60,train
f91bd6fd-6fec-43cf-a733-9e44f51c95de,,clip_402.mp4,10.0,66,138,train
b6349665-b7a1-4405-bda8-6094e1083082,,clip_18.mp4,27.0,192,258,train
97c1a47f-89b2-4f0d-98be-6ed3f08218c7,,clip_98.mp4,20.0,102,180,train
92a6a14c-acff-4146-a955-8c2c608bf7de,,clip_447.mp4,9.0,6,60,train
43827958-3241-4e61-8cdd-502141af44f2,,clip_36.mp4,3.0,6,60,train
54823006-27b4-4dfb-9389-d30a53faa9c1,,clip_761.mp4,66.0,414,510,train
42d666f1-59c8-475a-b026-725d46017e66,,clip_42.mp4,27.0,540,594,train
3e3cc43d-a321-4be0-bc2e-b6a6fae90d2c,,clip_692.mp4,50.0,102,174,train
29abb376-bf94-413a-ad0c-d23fab8b8fcf,,clip_385.mp4,10.0,30,84,train
e67cd9a1-9e53-4b10-a702-c0e30dc9b8ec,,clip_717.mp4,5.0,6,60,train
c1db3a7e-3b06-4c89-b9fc-15987bfbff83,,clip_142.mp4,12.0,6,66,train
d9a09b86-725d-467a-8cbc-b9a6c1a57401,,clip_45.mp4,12.0,6,60,train
0423cc36-ace4-43cc-8612-dc46473b9947,,clip_56.mp4,26.0,432,486,train
2aafa885-5471-4467-b903-af4a6d109521,,clip_103.mp4,25.0,372,462,train
d3ff376c-5e8c-40b5-9239-259a316f93f7,,clip_103.mp4,14.0,18,72,train
f2b184be-e322-4e64-b73f-6bec2595dd31,,clip_683.mp4,14.0,504,558,train
72a39b57-6c76-4ebf-a9a9-dc0ae3877f40,,clip_554.mp4,8.0,126,186,train
d819b237-7922-4700-8619-96449bdde12e,,clip_551.mp4,65.0,510,564,train
dacfcf1f-30be-41d2-a04c-c59bf3e937c4,,clip_412.mp4,7.0,12,78,train
b4619139-cd50-48bb-b938-abbc0644834a,,clip_124.mp4,13.0,6,84,train
16325077-1527-43d9-b179-8def33b4183b,,clip_196.mp4,12.0,174,228,test
581a0026-493a-4e5e-bda1-c63e7dcaceb9,,clip_465.mp4,15.0,126,180,train
5585507f-1d03-4ff0-b3b4-e1cf5881a0c5,,clip_229.mp4,2.0,6,60,test
ccd7973f-e3fa-457e-8575-ed36c9ef820c,,clip_151.mp4,19.0,450,504,train
eb579a6c-76ad-4102-951f-c2c17efc4ce3,,clip_154.mp4,3.0,132,186,test
4ff7ea4c-6929-4bc2-a35e-4bcde5bd297a,,clip_16.mp4,1.0,6,60,train
fd52b683-e00b-434b-864c-685e0a240def,,clip_355.mp4,12.0,72,126,train
d85b4dfe-c479-4747-a3ab-f21526e42f5f,,clip_332.mp4,17.0,216,270,train
0b91b402-59ac-4f4a-b885-e44f1143cd2b,,clip_596.mp4,1.0,6,60,train
a43fd5ea-1e9f-4d60-8107-3ec2695dcd63,,clip_171.mp4,30.0,702,756,test
2301356a-6752-4b74-b63d-ce92ace6d428,,clip_166.mp4,13.0,252,306,train
dbc0d4a6-80ac-438b-a6c1-cd3ca6f5a535,,clip_108.mp4,26.0,366,420,test
39ec052e-fbb3-4142-a907-7e078ba23b7b,,clip_356.mp4,8.0,6,60,train
6c001dfd-898d-444f-9d4c-df965fd4af84,,clip_8.mp4,31.0,348,402,train
9c73965a-ced8-47c5-91ba-9908b7ce81ca,,clip_36.mp4,4.0,222,276,train
49a3d4cc-d5b9-42da-aa0d-ad88d0d609c0,,clip_379.mp4,3.0,6,60,train
b67591c1-20d3-48d3-b82b-75f67cda6c6d,,clip_133.mp4,18.0,78,132,test
7e6c51c9-09a2-49e3-afe5-348ed4adbbb2,,clip_122.mp4,31.0,210,264,train
267b557e-2345-4a29-8806-f40b73a8c1d8,,clip_288.mp4,9.0,6,60,train
9c0e8870-615d-4f5a-9626-bc233f1a01e1,,clip_131.mp4,3.0,6,60,train
b78998c9-a20e-4e93-ab92-b41a1302484e,,clip_345.mp4,10.0,24,456,train
d941ab84-165f-4c9a-9193-f82b99247e60,,clip_123.mp4,7.0,72,126,train
9c96929a-359a-4178-a826-d06a99beffee,,clip_621.mp4,61.0,270,324,train
0d2e6f00-3ef3-4a04-a775-54f23adad601,,clip_62.mp4,28.0,216,270,train
14066823-c726-44c8-a660-be25f65aab51,,clip_621.mp4,39.0,78,132,train
4ccbf4cd-d191-4da3-b85d-a248f02b75a0,,clip_373.mp4,12.0,6,84,train
8e26a81e-b7b8-47db-8915-41b4a84c673a,,clip_121.mp4,9.0,432,486,train
bf4dffde-d556-4712-9c62-321a63c5e8a1,,clip_229.mp4,22.0,300,384,test
51573d97-9adf-43d6-9dd5-49021472689e,,clip_492.mp4,8.0,6,60,train
de43b92d-1c7c-474c-be37-b6155b08be91,,clip_469.mp4,8.0,456,510,train
d6cec01b-2b06-4273-916d-ba2295581c8e,,clip_231.mp4,8.0,6,60,test
516e700d-e8e9-4826-b137-5263f26f60d0,,clip_223.mp4,1.0,6,60,test
84ecba61-a70d-4362-ae08-6345fcd91df2,,clip_26.mp4,9.0,6,60,train
bb03a424-2312-4537-a4d1-95b35adf82d7,,clip_145.mp4,8.0,6,72,train
823ca2b5-7509-42eb-9d3f-b64123025639,,clip_22.mp4,12.0,96,150,train
3412be92-1eec-4845-aab1-8bc7e4e073ce,,clip_197.mp4,18.0,216,270,test
e346b70e-bc9c-4b4f-b08d-dded61126f83,,clip_575.mp4,4.0,6,60,train
b02a6983-7eef-4566-921d-e827c400730d,,clip_744.mp4,21.0,282,336,train
9db0f747-b8f5-4a91-b0c3-c4271f1444e0,,clip_139.mp4,20.0,60,114,train
2677a412-7128-43c8-98ac-1d086510a02e,,clip_385.mp4,9.0,18,78,train
76d9a6a9-e7a0-4010-bbe0-52bfead110ee,,clip_549.mp4,25.0,810,864,train
b092f292-6ae2-4017-9006-8bcca7064c6c,,clip_131.mp4,13.0,432,486,train
f666986f-73b0-43a0-ac2b-08c45ea84a17,,clip_621.mp4,49.0,180,258,train
7e66d43a-294e-4e31-a09b-e9727a6ed30e,,clip_19.mp4,31.0,96,186,train
b95c9aab-6616-45a1-b742-fa35104d2d29,,clip_612.mp4,12.0,342,396,train
e1462c55-0881-4b94-b07f-eb947dd32ee0,,clip_267.mp4,10.0,270,324,test
d2640b1c-9537-499d-a7a7-c83f5c592715,,clip_726.mp4,21.0,192,252,train
983d1239-d3bb-47a2-9206-1c473d17b060,,clip_560.mp4,14.0,18,72,train
71dc2254-f010-41a3-962d-e8b2fc6385a8,,clip_279.mp4,5.0,6,60,test
b6e3d2f0-3a82-4e70-bc93-9115c1a8f419,,clip_128.mp4,18.0,18,72,test
1d230a57-334e-4d58-b8e0-c33817040567,,clip_680.mp4,1.0,36,90,train
6fb5b17a-b4fa-4592-b15c-f18b130fc836,,clip_165.mp4,8.0,396,450,train
11872908-462d-44b5-8ba2-7c63c1673754,,clip_268.mp4,11.0,42,126,test
db122dba-5e8e-4f5e-90ce-26a0a58fa246,,clip_124.mp4,4.0,360,414,train
5425538c-46e8-4fe6-9bfe-137b6ab6d245,,clip_405.mp4,9.0,6,72,train
2e842509-282e-4f24-81eb-bcaaffc85208,,clip_134.mp4,10.0,78,132,test
d7c27f1e-8765-4a0b-8bb2-c45df8836816,,clip_676.mp4,7.0,6,114,train
c23e9955-c953-47e2-a1ee-69bf25482f1d,,clip_491.mp4,23.0,144,198,train
91284323-2ba7-4c9b-92e4-520ec09c3c3b,,clip_40.mp4,34.0,474,528,train
ea88601c-2d0b-4e72-aec9-0cf77fb30b34,,clip_267.mp4,6.0,6,60,test
494e161b-55f7-44b6-a05a-35188cb308bb,,clip_452.mp4,16.0,534,588,train
f6c219e3-3530-4143-8bd6-d4a07d117fb4,,clip_452.mp4,8.0,156,234,train
7aa6c048-45ff-4985-8c93-170e6c53207f,,clip_628.mp4,32.0,216,288,train
f8bd520e-8302-4d00-9d73-8b97305303f1,,clip_355.mp4,26.0,516,570,train
97072540-ddf1-482a-a857-6ee23d4ecc7a,,clip_705.mp4,11.0,78,132,train
973a2ca2-8e57-4e59-87fd-7d6d54e1272c,,clip_29.mp4,4.0,120,174,train
8fc02e2e-c63f-4d33-aa02-1fc14bac2ed0,,clip_378.mp4,3.0,6,60,train
a8a047f9-09b6-4cbd-bd5c-0b108acd102c,,clip_120.mp4,11.0,354,408,train
f7b49671-1d39-4145-8148-aa0096851fc8,,clip_385.mp4,20.0,222,276,train
35661b3e-bee0-4f28-9bbe-17333827f6e7,,clip_598.mp4,7.0,6,78,train
f0ef080f-172e-47c6-adb2-e0144b723ad9,,clip_621.mp4,72.0,420,480,train
be7f5253-6df0-47f0-9454-e14ce9ae15b9,,clip_621.mp4,40.0,90,144,train
30db61ff-6a7b-4111-baf0-2185c42bd2b0,,clip_90.mp4,22.0,444,498,train
d3cd24b3-24b2-41f5-b3d7-1a80337c4356,,clip_206.mp4,22.0,1020,1074,test
c9f676c0-9204-45c1-aa75-9e931462147b,,clip_44.mp4,6.0,6,114,train
5d8fa88d-2e19-4e7f-a11b-6be9637c1761,,clip_461.mp4,2.0,6,60,train
224be62d-4509-4a94-a18a-98973c9fe386,,clip_568.mp4,24.0,192,264,train
0b9b235d-b388-4482-97e6-bd30d6a92e37,,clip_139.mp4,6.0,6,60,train
cd72a97e-c2e1-4e4b-9e9a-e8d6fb3de33a,,clip_684.mp4,29.0,408,504,train
03824a0b-5a3d-44c2-a3c4-e30722362aac,,clip_692.mp4,49.0,96,150,train
1d2409c2-a892-483b-9727-9f86b767d9da,,clip_781.mp4,13.0,66,120,train
aec4c45f-1272-456b-bc0d-9e4496cd6c7a,,clip_80.mp4,21.0,258,312,train
31380e3f-2e40-4566-bac9-e5a5f302249b,,clip_56.mp4,13.0,24,78,train
06e10ff2-ca55-416c-9f93-66af881a9ff8,,clip_568.mp4,22.0,180,246,train
e201f1a3-c37b-488b-a4b1-32406c0a410c,,clip_138.mp4,15.0,420,474,train
36b73664-00df-40b3-93c6-fc3bc8a0cdc7,,clip_775.mp4,10.0,6,60,train
c82fc8f5-fdcc-4dda-8556-4452e533f2a2,,clip_215.mp4,18.0,234,288,test
efcfe244-0b90-493b-a76b-05e662ee91a0,,clip_782.mp4,9.0,60,114,train
0e485646-dcfc-4e1e-9fff-5fb67c26e806,,clip_460.mp4,14.0,204,342,train
53f2a081-73f8-4d54-a4de-63e69ca3c3bb,,clip_357.mp4,12.0,114,168,train
9602422d-889e-4f94-a701-f9f87d60e821,,clip_3.mp4,52.0,504,558,train
d5062889-5f4c-44ca-ad5f-06f23c25c48c,,clip_217.mp4,14.0,72,126,test
cb44f8ff-923f-487b-a3ba-b21d720c2118,,clip_697.mp4,7.0,516,570,train
ab38952e-30b7-412b-93bc-c98238a989d2,,clip_358.mp4,9.0,24,96,train
d4b2c42a-b501-4645-9ece-5689437103da,,clip_468.mp4,9.0,414,468,train
e535f4ca-7a3a-43c4-8ab2-a73da7f98cb2,,clip_44.mp4,0.0,6,60,train
5d008e90-6db8-4821-819f-1800a9deb64a,,clip_761.mp4,57.0,384,438,train
ac0bb334-3b63-4b0d-8573-884c6b7fcce8,,clip_621.mp4,12.0,6,60,train
e3f97401-3781-4fb7-8315-deabe7a6e728,,clip_447.mp4,13.0,6,60,train
6ee56a6e-aee4-43be-b2c5-3d5b6552a8e8,,clip_125.mp4,28.0,504,558,train
981de567-afc3-4e0f-804b-6adb020e4b88,,clip_774.mp4,11.0,258,408,train
c9dd96c0-b111-4933-9433-9f7fd835257a,,clip_215.mp4,28.0,420,474,test
3f2c5b03-94a2-4f2f-8931-105a2f12ee51,,clip_32.mp4,18.0,486,540,train
342c04bc-67e0-40ee-b527-600b1db991b2,,clip_596.mp4,2.0,6,102,train
d17033fd-1649-4853-823b-6314f2c4f4b5,,clip_3.mp4,38.0,342,396,train
203c5f3f-eab9-4a21-9b3e-95a4e4cbfa56,,clip_685.mp4,3.0,6,60,train
e6bc3bcd-0708-4095-a0f2-02ce4dd3897a,,clip_194.mp4,9.0,468,522,test
3d006f0f-554f-4bf4-818b-6a3718ba0c55,,clip_7.mp4,19.0,516,570,train
f734c1dc-6f9f-4f55-906a-569e5f3753fd,,clip_55.mp4,32.0,342,396,train
9d33ebc2-838c-40b0-8ad9-51add7a335c8,,clip_25.mp4,19.0,84,138,train
26a7552a-be45-4586-838a-4c1ca84b68ae,,clip_345.mp4,5.0,6,72,train
a3d61a94-8db2-45ac-a296-95cbac1fcf17,,clip_568.mp4,1.0,6,60,train
c7dd49ef-b3b9-4204-aff5-235c5362a1ea,,clip_193.mp4,37.0,792,846,test
4dab5f6e-6b20-479c-a1ad-5a7079df03c3,,clip_105.mp4,32.0,444,498,train
2d10f278-cb4c-48fd-b190-1fd52c7f94c9,,clip_309.mp4,3.0,6,60,train
d7d94fe8-5e17-42bf-9dba-38a3bc4ea8fd,,clip_118.mp4,5.0,216,270,train
c742afeb-eef3-4885-8155-d583f9d5b575,,clip_37.mp4,21.0,312,366,train
a8d04b61-59a0-4b9f-9e39-e54d55a64d65,,clip_175.mp4,18.0,540,594,test
7e3bbc0a-52ad-4402-8284-630ca0c97b60,,clip_35.mp4,9.0,24,78,train
074941db-49c6-43ee-a11f-ae21e89290a0,,clip_373.mp4,48.0,504,558,train
bc2901ca-eaf4-4e78-ae7d-c1aa262b5c3f,,clip_28.mp4,20.0,186,258,train
23f754bd-2ab9-44fc-b127-e1665006dbe4,,clip_8.mp4,28.0,312,420,train
659af981-c6e6-49ea-869c-967d8dcbbd6d,,clip_69.mp4,17.0,420,480,train
44e03053-aaa6-4a21-9e80-35abbe34dd01,,clip_565.mp4,14.0,312,366,train
505352b4-5b7a-4aa6-a2da-2d5a8176e54b,,clip_438.mp4,0.0,6,60,train
cd01ade8-b763-4265-a741-d6800b0ec249,,clip_375.mp4,15.0,528,582,train
c0df4694-d874-4cac-a6a0-c06b48c59472,,clip_436.mp4,16.0,480,534,train
1138f123-59dd-46be-ace7-530782528d1e,,clip_119.mp4,39.0,492,576,train
a5fdbbbf-fe34-4d44-a060-10f3d8910b75,,clip_126.mp4,5.0,6,60,train
76d05024-dba5-453b-94b9-855255cc9f0a,,clip_272.mp4,1.0,6,72,test
f6a106c1-b253-488d-839d-0eeddd11a69f,,clip_107.mp4,26.0,378,534,test
84da7c35-fa22-4d17-8f87-70a5bb5472d0,,clip_130.mp4,11.0,6,60,train
9ed8dded-4bea-4323-8ad3-c907d3ce9448,,clip_280.mp4,7.0,6,84,test
86447485-a0aa-41a5-86cd-9dd0ef8bf51d,,clip_692.mp4,47.0,90,234,train
2d8d6b3d-c3e0-4ca9-a184-7cb22962c467,,clip_11.mp4,10.0,312,366,train
cb3268d9-4504-470a-992a-bb58ea58cc2a,,clip_23.mp4,10.0,354,408,train
9ae80a56-fa35-4963-9e8b-44fe00cfcf6c,,clip_40.mp4,33.0,474,528,train
23c0892e-9904-4b9e-986d-ce760bee8976,,clip_98.mp4,34.0,510,564,train
bb3c063f-a6c9-4bb5-a497-981642c5ca5f,,clip_28.mp4,0.0,6,60,train
68a9bdd6-632a-44e9-80de-399ff64b370a,,clip_772.mp4,5.0,6,60,train
83e2d2ba-95c5-4ac8-879f-828cdd17b828,,clip_65.mp4,8.0,474,528,train
392f0483-adc9-4104-8b19-5162410a8b89,,clip_412.mp4,4.0,6,66,train
d484a95b-da49-4cb7-a195-3311687b0e88,,clip_49.mp4,8.0,516,570,train
ac3840cf-63b7-4ab9-a22e-1d1ee2d9d5cc,,clip_69.mp4,0.0,294,348,train
2cca15cb-fbdd-45c1-8604-4b79cebefc62,,clip_628.mp4,31.0,192,270,train
7b61aeba-2811-4546-9332-793f33912b5a,,clip_123.mp4,27.0,246,324,train
67789613-6ab3-4be3-aef1-47487afb1122,,clip_118.mp4,13.0,378,444,train
26a9c7ce-4251-4fc4-8317-58b317c80d55,,clip_15.mp4,2.0,6,60,train
97aa1dbf-da19-4d44-ad52-c15d76e4a6b0,,clip_692.mp4,76.0,426,480,train
589d8ea5-caa8-4fa8-9ff0-ded62a109b84,,clip_320.mp4,4.0,6,60,train
f15d8a6e-b976-4733-9cb8-628403c12118,,clip_277.mp4,19.0,102,156,train
33d3b55e-e465-4b89-a38e-cdcff368ff57,,clip_560.mp4,13.0,6,108,train
024e7597-9c74-4226-8597-403a817ce0ce,,clip_147.mp4,33.0,828,882,test
ed7180a5-7942-476a-8064-ed70eb8a4867,,clip_621.mp4,15.0,6,66,train
4f41a57f-f159-4faf-9afc-d8eb71e4e6c6,,clip_614.mp4,13.0,516,570,train
a6c897b3-212a-464e-838c-63f686721c0d,,clip_279.mp4,20.0,942,996,test
b29c56a0-783c-44ef-bdda-e51100633383,,clip_134.mp4,12.0,54,204,test
2a0c06c0-5ab5-4c3a-a30c-a36b0a607534,,clip_155.mp4,6.0,6,60,train
6a23f7e0-ca2c-4ce0-a2c6-b7afb4c6eeb4,,clip_197.mp4,24.0,522,576,test
c1466559-9f26-4d7e-8b91-7786b4153785,,clip_621.mp4,50.0,186,270,train
63b74e66-91c4-47e5-a5b8-9f0c3ace0130,,clip_702.mp4,11.0,126,180,train
148a00ef-40cc-4ede-a159-346269f6893e,,clip_439.mp4,5.0,6,60,train
83395ff2-9b8c-41f5-b447-d6a7ef277c6d,,clip_61.mp4,12.0,6,66,train
cc62f76e-bb4e-4247-9e90-780dc659ccbb,,clip_680.mp4,17.0,6,60,train
0691e800-5ebc-41da-a5e1-d432292a75f2,,clip_270.mp4,22.0,492,570,test
a72fe1c5-2d89-4123-b0dc-cee81fd621af,,clip_136.mp4,17.0,528,582,train
72495e64-ba52-4591-8af7-1e27307e2f00,,clip_9.mp4,21.0,18,252,train
cb3969ef-cae1-4add-8f8a-589df67edba3,,clip_575.mp4,1.0,6,60,train
0fb072f5-4c27-4c43-a6a9-3cd52e3061bd,,clip_628.mp4,35.0,234,390,train
e90b311f-33a6-4430-817a-00387224cfa8,,clip_551.mp4,64.0,486,540,train
f65781be-f8f2-4f82-899f-4cae29919f94,,clip_300.mp4,24.0,720,774,test
bc7a8c98-818f-43a5-a230-d5faffc128c0,,clip_26.mp4,18.0,492,546,train
480a5edd-330d-4cc2-b64b-b52f89a428bf,,clip_211.mp4,8.0,102,156,test
089a2d02-80c3-4d39-b154-6dfb75705489,,clip_457.mp4,6.0,6,60,train
18cbfe95-c3b8-48d8-82cb-f41706cce529,,clip_401.mp4,21.0,168,348,train
3dc8f4a3-5a99-4fed-b95e-d37f34dfe308,,clip_55.mp4,11.0,6,60,train
eac5f455-8205-4a52-a0af-e16824eadca3,,clip_376.mp4,30.0,864,918,train
fdc8fcc6-baad-4606-acc9-d6961fd0e7dc,,clip_212.mp4,6.0,54,120,test
99d02376-09dd-4bd8-84fd-cf624c7f95f3,,clip_169.mp4,18.0,540,594,test
24d0487b-c84a-4d74-9cc9-6e3c828710a5,,clip_621.mp4,57.0,240,300,train
30cab263-7c0c-4548-bb3d-0955fb977184,,clip_177.mp4,7.0,6,60,test
356ca0ad-46f3-46da-a9e1-57343883d02e,,clip_122.mp4,15.0,6,60,train
5bd3c0fb-7e2a-4027-9579-17ae7eef27a1,,clip_195.mp4,8.0,150,204,test
92708f8e-6c4c-4089-aba4-620b30d0517e,,clip_551.mp4,24.0,6,60,train
d60ff9ed-f8fb-499d-af96-e37bbdc6be45,,clip_196.mp4,36.0,756,810,test
b8ab1d52-47c4-4b2b-86af-e4088bc428d7,,clip_407.mp4,1.0,6,60,train
64053660-3600-42aa-8d05-9bf4ef2c08fb,,clip_456.mp4,19.0,210,270,train
fb63add3-2a47-46e3-908b-fe952b559b7b,,clip_29.mp4,7.0,192,246,train
dc694499-aa84-4004-aff9-0bdbe9c4cf59,,clip_609.mp4,0.0,6,60,train
cec27c63-81da-417c-b063-9b637ffd4ec9,,clip_37.mp4,3.0,6,60,train
e2c8e991-5da5-4df5-8b65-951f79fcc449,,clip_202.mp4,11.0,480,534,test
066a9cb9-8b02-4387-bec0-b8b4681471e8,,clip_446.mp4,9.0,6,60,train
6b01c048-5216-43b1-9589-08038fd1ea17,,clip_122.mp4,38.0,330,384,train
4263e811-612a-4834-83df-0bc3c95bbb5d,,clip_140.mp4,26.0,18,72,train
d5a1c49e-c03e-4c65-8d05-8b391fb22c09,,clip_781.mp4,20.0,582,660,train
539b9028-63c7-42ff-9e3b-850492838819,,clip_199.mp4,15.0,522,576,test
866794c8-e582-4bc4-952f-c1fba616d110,,clip_133.mp4,14.0,42,96,test
4351f16c-bb37-48e4-8fb1-6280b53be508,,clip_621.mp4,2.0,6,60,train
5abcbd3a-2d0e-471c-8fdd-b8dafc339747,,clip_139.mp4,17.0,24,78,train
570a8d4c-2dff-4042-b999-58518279db66,,clip_466.mp4,15.0,186,240,train
f5948972-a448-413c-9cba-b5789b4dcea3,,clip_490.mp4,22.0,114,204,train
ac151aff-6133-4541-8281-90a6bf23a5d8,,clip_422.mp4,25.0,336,390,train
059ac853-fac6-4633-ab9a-61ef0074fde4,,clip_565.mp4,25.0,498,552,train
09c359a5-a30e-4003-9b46-a0613994c730,,clip_201.mp4,5.0,6,60,test
d8fbb009-8fd9-4c3d-b50e-7a773c6e65ef,,clip_19.mp4,51.0,456,576,train
8c16b30f-c190-4ceb-84d9-779dcfeb0901,,clip_290.mp4,17.0,438,498,train
45ae446b-2b5a-4744-819a-f0a0483173f4,,clip_22.mp4,16.0,180,240,train
46b8677e-54b4-4691-a8d0-245a3dddbc7b,,clip_88.mp4,7.0,180,234,train
0fffae25-0196-4e68-98d7-73e9d0f16b37,,clip_83.mp4,8.0,6,60,train
878e899c-d767-41d5-88d7-fced02a9fa7d,,clip_205.mp4,27.0,960,1014,test
b04286bf-93ce-47ca-98a4-3ed0cb02e9a3,,clip_148.mp4,25.0,744,798,test
b3f64537-1ec7-4219-ac32-9807ec692abf,,clip_18.mp4,36.0,324,594,train
990e3f6c-2d82-40ad-9f48-381dc548e642,,clip_375.mp4,5.0,162,216,train
83bba920-0025-4c48-bf5d-ec31cb7f80c8,,clip_81.mp4,11.0,6,108,train
df46a0fe-bb1b-4981-868f-1529b3ae976d,,clip_46.mp4,5.0,12,66,train
a5a4977e-be0d-4208-b16f-7664d20a8324,,clip_628.mp4,34.0,234,312,train
76aaf96f-234b-4f53-ab39-39c0a721eda1,,clip_376.mp4,16.0,138,192,train
6d4ea929-a197-4c9f-a17a-276b070e83c5,,clip_8.mp4,39.0,456,576,train
d759b266-7b27-42ed-ab8c-624b1ba5e2cb,,clip_449.mp4,23.0,270,324,train
e746cf46-edf8-4b01-b7a2-04dd256eb3cd,,clip_430.mp4,5.0,72,126,train
04e1e8a8-6395-41cf-b422-0a0ff7124238,,clip_25.mp4,24.0,150,240,train
b3cd8978-5bc0-4835-bb57-8cf591a5f0fb,,clip_144.mp4,9.0,6,60,train
41bc1624-fe02-4e15-a0a4-e41dd43eb4da,,clip_22.mp4,18.0,144,210,train
5b735c3d-a068-4e3d-badb-146fdba0150d,,clip_684.mp4,24.0,264,348,train
369b0e9d-e3ff-47be-a979-9ce78224ba6c,,clip_107.mp4,10.0,24,78,test
417b72f6-214f-44eb-99ea-d20e88eef74a,,clip_449.mp4,28.0,306,360,train
00df3353-2020-405a-b67f-bb50b1ed61c9,,clip_279.mp4,10.0,12,216,test
3759b436-03df-49e6-8115-92b54fea6c1e,,clip_551.mp4,5.0,6,60,train
6280c7dc-261a-47d5-9f91-a81183a4bb60,,clip_214.mp4,6.0,510,564,test
220eb93a-395c-4dcb-a50a-406fea33543b,,clip_771.mp4,19.0,696,750,train
8d2f9a90-9d22-4e82-b09c-71e8f132fa15,,clip_205.mp4,22.0,762,816,test
8932a0d3-f766-418a-a338-4c7c95712a4b,,clip_345.mp4,14.0,522,576,train
6c90f51a-89ca-4a95-9197-f261a4008891,,clip_3.mp4,36.0,330,396,train
acc43696-5677-449a-8f03-76b0f6027fab,,clip_15.mp4,16.0,126,198,train
51375310-78ba-4627-9eba-e22bfb9c152f,,clip_38.mp4,3.0,6,60,train
add595dc-639a-4549-8133-ee03d2ec9c14,,clip_116.mp4,4.0,6,60,train
3ea9646e-b07c-4353-a291-600c39141092,,clip_774.mp4,10.0,162,222,train
1916f55f-5102-4eac-a909-5c2a1189247c,,clip_94.mp4,14.0,270,324,train
598f273c-b1c8-4d31-b02b-ae708a8e9b40,,clip_276.mp4,4.0,126,180,test
378e731f-2974-4927-81a0-f3cf3e45a5c0,,clip_318.mp4,10.0,18,72,train
3a509f6a-e640-4074-8f82-3b07ba7ba089,,clip_462.mp4,10.0,6,78,train
704df49a-d40a-4d8a-9db3-5b38cef00e3c,,clip_307.mp4,10.0,6,60,train
5c6d5906-38e7-4b3a-97ac-222f57a44b92,,clip_82.mp4,11.0,234,306,train
b1890048-4fd6-4771-9390-0ceae9c145f3,,clip_26.mp4,14.0,174,228,train
c52a03a5-84d3-4195-9d7f-d0a74bd07856,,clip_79.mp4,14.0,186,264,train
17769a0f-bf91-4b2b-8b3f-e5dde10bfffa,,clip_466.mp4,2.0,6,60,train
1e83d84e-847b-4d9e-b431-4cbc23e7593f,,clip_215.mp4,9.0,6,60,test
1a044732-ad0a-47e4-8667-3cc0b967a026,,clip_688.mp4,0.0,6,60,train
97f1c2cb-c2e8-4608-8259-88f9ca886608,,clip_761.mp4,39.0,234,288,train
9cb1ab36-1679-4f08-8317-f7f4a6e1c6d6,,clip_231.mp4,19.0,366,438,test
33f0f15c-cb85-4af3-94e0-3a59051322c9,,clip_582.mp4,5.0,24,78,train
a905b6bd-221a-4b20-80ef-d94ab5aadecf,,clip_736.mp4,12.0,444,498,train
2793c6f4-9c25-4a68-b70a-0bde080ff451,,clip_22.mp4,19.0,150,204,train
451cff06-9ac6-49f5-adaa-4e020021da9b,,clip_122.mp4,3.0,6,60,train
19b548f6-137f-466c-9c04-790fb004d325,,clip_413.mp4,14.0,312,384,train
773e79d0-2453-4353-b9be-e998a9f1cb6e,,clip_45.mp4,23.0,486,540,train
7b769b87-e7c3-4b77-a133-af02e0281c85,,clip_564.mp4,6.0,150,204,train
6aa288b6-366a-4b33-af6f-0eff769ddcfb,,clip_430.mp4,0.0,510,564,train
09bda2bc-b1f4-48a9-961a-36ee8c3ca2e9,,clip_765.mp4,9.0,456,510,train
a825bed6-2997-4352-902d-5131bb477893,,clip_377.mp4,18.0,216,270,train
addd9351-afe3-4cef-a695-e4d918931fe1,,clip_491.mp4,30.0,228,282,train
993d2c47-2067-4698-a499-4db4afe8412e,,clip_119.mp4,31.0,510,594,train
c7a619de-e761-4b3c-859e-051ed40404be,,clip_702.mp4,9.0,6,60,train
16d09cd8-146c-45f5-9c3d-38c74e715dc8,,clip_551.mp4,58.0,300,450,train
2bd1ff7c-92a5-432c-b178-de517f97eaa8,,clip_171.mp4,2.0,6,60,test
e4db4593-a17c-4b8e-9e0e-b925a0e86a98,,clip_758.mp4,14.0,522,576,train
91003a3b-7cbe-4a5f-9c71-7cc390027c3b,,clip_376.mp4,41.0,984,1038,train
8e74e374-0200-466e-a156-dd3dd80cf9b8,,clip_491.mp4,16.0,66,120,train
6d8e2cd0-b14a-4f9b-9366-d2ad26315160,,clip_112.mp4,15.0,408,462,train
0ff44012-4c94-48d5-82b9-d1992a5a80c1,,clip_169.mp4,12.0,330,384,test
62d740a5-9ceb-43b5-aa44-5530bc01c2d6,,clip_62.mp4,7.0,6,60,train
f5bdaa36-85f2-4ed4-9ff8-ab8d811199c8,,clip_565.mp4,2.0,6,60,train
73b5237b-bae8-4b5f-bba3-84bf98b9d92b,,clip_401.mp4,4.0,6,60,train
b8f1470b-9d76-4536-98aa-af6bde84f990,,clip_621.mp4,46.0,162,240,train
773be7f5-b582-400a-98fe-50e5bde200a3,,clip_624.mp4,17.0,540,594,train
4f24b95b-b74b-4357-9449-db1c6a76982d,,clip_113.mp4,10.0,402,456,train
270cd2a2-79c9-41c9-aa16-3a4b82988822,,clip_608.mp4,7.0,12,66,train
75c82ef4-a31b-4c61-a390-16c3adfe7809,,clip_165.mp4,7.0,150,204,train
37658b05-b3ba-420f-8e77-49ed0716857b,,clip_20.mp4,9.0,6,60,train
de413171-b08a-4a09-92d3-d262fca9014d,,clip_446.mp4,17.0,36,126,train
168ba129-7162-4910-852d-9a5b6e57fb5c,,clip_14.mp4,11.0,210,312,train
ee3e4c1a-8f7f-4a1d-98ea-af3cd0fddcfe,,clip_27.mp4,0.0,6,60,train
058af8a4-1547-4e6f-9a6e-843aa6c997fe,,clip_444.mp4,3.0,6,60,train
725104d5-579b-4619-895d-3e4aae37d172,,clip_106.mp4,10.0,66,120,test
9667aec5-726e-430a-a372-b62b5906e28b,,clip_133.mp4,38.0,618,672,test
12317962-46e2-490d-a29c-d074bd1b3693,,clip_736.mp4,8.0,162,258,train
27a1c8a0-25a4-4ee2-984b-204af14724a9,,clip_684.mp4,13.0,6,60,train
a6f0bec7-650c-4bc6-b61c-36d481dfed51,,clip_287.mp4,17.0,504,558,train
80f21a8f-73d8-417a-a0d2-6b5cc0de3c47,,clip_551.mp4,57.0,270,414,train
8b1dd0c7-c399-465c-87c3-28a52b1ca1b8,,clip_729.mp4,8.0,384,456,train
4affb031-5051-44e6-b58f-7e0afb6cb9e3,,clip_95.mp4,6.0,132,198,train
c849c6ad-7735-407e-b8cd-5fed22a95ef6,,clip_18.mp4,13.0,102,156,train
dfff52e5-5383-411e-ba2d-c6c21b2b1204,,clip_466.mp4,25.0,402,456,train
84a054db-5154-4f0e-b292-256238438310,,clip_441.mp4,24.0,288,342,train
8ee4a5f9-db15-464c-8922-54c804a2099b,,clip_696.mp4,8.0,312,402,train
cff9b888-e6bb-47ce-8c3b-52aaced54fd1,,clip_191.mp4,6.0,66,174,test
faa9baae-2a7e-4de6-8789-e94c2370dc31,,clip_281.mp4,30.0,996,1050,test
7a3af438-5b5a-4772-becc-989b3aca43df,,clip_79.mp4,10.0,42,120,train
ffd42c08-07d0-4091-80bc-55cbb72cafa1,,clip_332.mp4,22.0,468,522,train
4a86f6ca-cb20-48b9-9fae-98970976ccdd,,clip_134.mp4,15.0,96,150,test
b3a74fb0-c2ac-4c0a-a2d4-1840c035760e,,clip_119.mp4,33.0,450,516,train
4368d8da-6308-41a0-ac73-ac849449d826,,clip_375.mp4,13.0,444,498,train
11fe1b60-d414-4cca-b56b-d39359211207,,clip_4.mp4,11.0,84,138,train
ccd3034b-d9a0-4023-8c32-dc84686cdd83,,clip_38.mp4,17.0,132,186,train
abe970d9-bc7a-4078-84d2-fd2b67c6786f,,clip_568.mp4,8.0,6,60,train
e12ba8b1-c57a-4889-a9f5-334647e759a2,,clip_38.mp4,22.0,180,234,train
5c566fff-31ec-4e09-9d80-fcd4f5ef946d,,clip_774.mp4,0.0,6,60,train
85252a6b-5727-4f75-98e4-c4088f4a07bd,,clip_358.mp4,5.0,6,120,train
90e5378c-24ef-47b8-8225-e4853d92d8ea,,clip_772.mp4,16.0,18,90,train
c6c7967e-1d5a-45a7-85e5-0a5f1f5a5397,,clip_763.mp4,10.0,6,60,train
1ea4afe1-2e00-4f8d-9e8f-4d2b11deeac6,,clip_638.mp4,4.0,6,60,train
b48b54f0-d5db-48dc-bd24-1172e81c5a41,,clip_247.mp4,14.0,96,150,test
b9ee23b3-e0d3-46a5-bb49-bead3dc4d95c,,clip_169.mp4,10.0,6,264,test
04726cfb-2ded-479b-9c4e-78f25f90e4e7,,clip_761.mp4,12.0,6,60,train
c7d23ccd-7a9b-49ca-a775-bc042b694e9b,,clip_8.mp4,16.0,114,168,train
38df24b2-f948-49ca-b9c8-6de00bf37a30,,clip_609.mp4,18.0,342,396,train
8ed32b4b-c5c8-42ab-a075-d31ccb6cabb3,,clip_278.mp4,8.0,42,150,train
b900809c-dea9-4c33-9906-2813d172c1c6,,clip_491.mp4,28.0,198,252,train
6afd1cba-c035-490b-baa4-0826f93089e7,,clip_134.mp4,44.0,816,870,test
2a0d0b52-4260-4a64-b4e6-ec3d788413a4,,clip_270.mp4,10.0,42,96,test
30b2711d-0ace-4b0c-8038-e397b04206b0,,clip_120.mp4,0.0,6,60,train
db3e8a09-db57-4d67-bb55-8d5f03c8337a,,clip_108.mp4,2.0,6,60,test
ce7e0cfe-2ac8-47ce-acb4-c5ab7de42b5d,,clip_565.mp4,5.0,48,102,train
7ff52989-4652-4e91-8921-4e5405137648,,clip_692.mp4,78.0,456,510,train
2ff88658-d88b-4115-bb51-52e8dd984303,,clip_445.mp4,6.0,6,60,train
e824f01a-9346-4ff1-bca5-cb588299edcd,,clip_173.mp4,22.0,366,420,test
892c4cf9-4119-454b-bf19-7c7bee03afb5,,clip_114.mp4,23.0,444,498,train
f23ad5ff-585d-4cbe-8f38-f1dacdb943a7,,clip_112.mp4,7.0,6,78,train
8a71b0c0-897e-440f-a97a-c797a739d12b,,clip_21.mp4,23.0,156,210,train
a06c8974-d3e4-45b0-b827-ec55942fd834,,clip_131.mp4,10.0,54,108,train
d0b61c71-715e-4585-b671-fe80331ce401,,clip_144.mp4,23.0,288,342,train
2920fc9f-49e7-409a-895b-7935f7fc398a,,clip_586.mp4,5.0,240,294,train
0f1ce46b-4846-4e03-a6d1-184c2b1637dc,,clip_266.mp4,13.0,210,264,test
d5111eb5-e7d9-4c49-a6a9-a31af294e7b7,,clip_48.mp4,6.0,6,60,train
2636b5ac-3250-4e3a-b7a3-3c9dad436137,,clip_85.mp4,9.0,540,594,train
73d0143a-e227-4c7c-9ae5-45c2dfe71f2d,,clip_491.mp4,20.0,126,234,train
8edfa3c2-d767-4856-808f-526665cfaa2e,,clip_449.mp4,34.0,336,390,train
9a1bcb19-a4cb-474b-9a03-9c56e67292b8,,clip_726.mp4,4.0,6,60,train
0a25749d-6708-4659-a204-a30a37c9c2d3,,clip_147.mp4,6.0,6,60,test
b6dc04ea-540e-4ea0-9afd-3e6afde3ae73,,clip_49.mp4,9.0,540,594,train
95e2c67e-0247-4297-b720-7375d373d5ea,,clip_173.mp4,24.0,372,426,test
bc7b42d8-5051-4e45-a792-7280f61c8880,,clip_692.mp4,66.0,408,480,train
dc15a17f-5d42-468b-be86-eab72f10d2f1,,clip_437.mp4,0.0,6,60,train
54c752ac-769e-4e9d-976f-e99704a23585,,clip_378.mp4,19.0,252,306,train
049051dd-8514-46ce-92ec-6681d5cb1600,,clip_361.mp4,5.0,6,60,train
63e2c518-093f-4341-90b0-bc57b2d111d3,,clip_683.mp4,10.0,120,174,train
d2a97ddf-4ec8-4843-ba1b-c28962c130b7,,clip_139.mp4,26.0,330,384,train
cd8be5ad-03a2-4d4f-ac6a-24f1dda193e6,,clip_34.mp4,11.0,162,216,train
0c949abe-3bda-4917-b8fc-3af9a40bd79e,,clip_137.mp4,8.0,72,144,train
7c24efdb-064e-4963-b68c-05d44299e9fa,,clip_781.mp4,17.0,366,420,train
f66e6902-1e43-47da-895b-7c2a6c28f4e3,,clip_152.mp4,15.0,42,96,train
2e89ee21-8fba-4d82-a5b9-13f079581afe,,clip_464.mp4,8.0,516,570,train
d3b591fc-f1e6-46b4-9dbb-d392741544ca,,clip_319.mp4,15.0,396,450,train
5d15c136-ea67-4194-876c-4d8f6008ee2e,,clip_7.mp4,5.0,24,78,train
0fb4111f-2d07-4909-8b07-562e01798b7c,,clip_249.mp4,18.0,396,450,test
8b23572b-4236-4d74-8430-d3c0366c6f28,,clip_133.mp4,29.0,234,288,test
05a72323-9dd9-42a4-a410-7b6ded7eb05f,,clip_56.mp4,22.0,192,246,train
1279c722-c0dd-4a9d-bc8f-144e248fa1da,,clip_3.mp4,50.0,498,552,train
62975086-41a5-40a6-8af8-6ddbad7d2d54,,clip_370.mp4,6.0,282,360,train
072f103f-21a1-472b-b4e8-c9038cc2cd21,,clip_331.mp4,2.0,6,60,train
d9b9fd15-2093-42a2-9d13-ae091bc631ad,,clip_97.mp4,20.0,504,558,train
f906ed19-26a5-4fdf-b724-1e7afedd3b1c,,clip_436.mp4,13.0,150,204,train
594c4110-f7a3-4a86-85c2-6b46504dc64b,,clip_446.mp4,10.0,6,60,train
fad40bed-a050-4ac8-9d83-c003f4f564e9,,clip_206.mp4,5.0,6,60,test
5c70c0fb-d213-4314-95d0-24ff9485b124,,clip_133.mp4,43.0,864,918,test
171e8c6c-c2e7-471f-9368-37f00bbf0da6,,clip_13.mp4,13.0,504,558,train
ce93aaed-2694-4ac1-9b4b-0f11c6b16aa0,,clip_104.mp4,10.0,504,558,train
d6008186-c7f1-4c91-b4a2-798b05101c91,,clip_761.mp4,29.0,162,216,train
61078d30-62a0-406e-bbca-143891f26f4a,,clip_554.mp4,12.0,252,330,train
920d6c4f-2b4b-427a-a30b-4f64afabcedd,,clip_196.mp4,31.0,666,720,test
9868da5c-95ca-44dc-9259-807f16ea5326,,clip_441.mp4,9.0,6,60,train
3083102d-d337-4a08-a5d2-3c8142802563,,clip_402.mp4,21.0,960,1014,train
309cb004-c9d3-4a08-912a-33347027ab06,,clip_105.mp4,11.0,6,72,train
b7343be6-2538-4f36-b33e-eeaec782b494,,clip_374.mp4,16.0,6,60,train
c7545fa1-106a-4363-a4ee-2565b10b1527,,clip_358.mp4,15.0,132,192,train
a1247628-b7f3-4c83-b254-361b4e635f32,,clip_187.mp4,10.0,246,312,test
4d485ef7-8605-4335-9b2d-401a48ea0505,,clip_382.mp4,0.0,6,60,train
58f6e14b-8362-4882-bf17-42e9a205397e,,clip_105.mp4,25.0,300,354,train
8c47ce42-07fa-4c44-ae45-e912ecedc544,,clip_211.mp4,11.0,774,828,test
cffdc21b-bc08-4b09-9aa3-d77d0434f50e,,clip_415.mp4,1.0,6,60,train
fa60309f-7798-4ec4-8b4f-b11a4d29ce51,,clip_407.mp4,8.0,6,60,train
fc3f34c0-5f87-4fcb-9a7d-a3ef3bde0c67,,clip_197.mp4,12.0,6,60,test
b274476b-e5f4-4599-9dc1-f42c90ffef05,,clip_19.mp4,42.0,174,228,train
84328f0b-c296-47fb-ac53-9367740ed6a1,,clip_375.mp4,14.0,510,564,train
b89493e6-ada7-4424-8b7c-a95f225fff89,,clip_559.mp4,5.0,6,60,train
4d610e5a-a2c2-4ade-a217-5762340403b1,,clip_621.mp4,62.0,282,450,train
f178fcc2-e607-4274-973e-15def58d560a,,clip_554.mp4,17.0,294,348,train
fff466c7-a92c-4c20-9ed6-ce0b74e56689,,clip_230.mp4,13.0,162,216,test
0a50a14e-002e-4311-a7aa-473f5f4a57f9,,clip_134.mp4,37.0,588,642,test
c676b49b-6438-4be3-b1b9-be593976b58b,,clip_39.mp4,5.0,6,60,train
1e50460e-d712-4f13-8a5d-3babf52cf8db,,clip_124.mp4,10.0,6,60,train
a8cb4b33-cdbb-47e6-b5a4-eb6d00761350,,clip_3.mp4,32.0,258,312,train
3a3710c9-5cc5-4b3f-8813-2e77d71f05d7,,clip_4.mp4,7.0,6,60,train
8ac92126-5af2-4e15-807a-4d66c1b70089,,clip_688.mp4,15.0,540,594,train
6d7ea533-1d2e-41ff-9a46-26e66519752d,,clip_362.mp4,0.0,6,60,train
26b75a2e-a162-482a-96b3-3c69b3da142b,,clip_684.mp4,19.0,66,120,train
79eaa991-4b0c-4b76-a655-369da71ec072,,clip_405.mp4,30.0,498,564,train
891d74cc-5c3a-4434-b6f7-c6dc20aeaa1b,,clip_441.mp4,22.0,198,252,train
8228fc81-d760-4479-aab1-94a579921cad,,clip_628.mp4,2.0,6,72,train
4e21c6ec-cac4-4e9c-a354-9636bd1de014,,clip_698.mp4,6.0,114,210,train
360fa3a9-c350-4b6f-beec-0eae204ec749,,clip_491.mp4,12.0,12,72,train
1beea57f-b74f-4405-9bea-115f1199a399,,clip_730.mp4,1.0,6,60,train
8f70270d-9556-4974-87ae-7486197b0c92,,clip_722.mp4,8.0,270,324,train
18e946d6-65f2-4c2d-92db-d61a759268dd,,clip_374.mp4,3.0,6,174,train
0dd4a488-9d5d-4737-8d1c-55c61a5583ee,,clip_726.mp4,20.0,168,222,train
04bc2e1b-0c98-4976-99c3-314d7a9d7dcb,,clip_416.mp4,7.0,96,150,train
242f8a98-8f2e-4d45-8321-37df6c8e17ca,,clip_249.mp4,2.0,6,60,test
01e012ca-43ee-4818-be81-4cce88afa8f1,,clip_216.mp4,18.0,234,288,test
74030a8d-143b-415a-ae68-ffbaf71c8889,,clip_29.mp4,13.0,534,588,train
001ff048-dddb-4ba7-b25c-583f24384143,,clip_165.mp4,4.0,6,60,train
7e2ea272-b5e3-4129-86ee-4f372e1dfd84,,clip_171.mp4,23.0,192,318,test
f533eaa6-1eb6-4ec6-823f-504289e42426,,clip_45.mp4,0.0,6,96,train
b276b062-0489-4d16-8c7b-b22c686f7a19,,clip_70.mp4,4.0,534,588,train
289f218d-b367-4d5e-89d9-3b0db324c482,,clip_280.mp4,17.0,384,438,test
023fd1d1-0516-4b3a-b774-99d93bcdd7f0,,clip_415.mp4,2.0,6,60,train
fa852e62-a369-4425-8e72-735e96d558dc,,clip_379.mp4,10.0,156,210,train
e5b9818b-a62b-4ac9-9e6e-f4d8debd5cce,,clip_217.mp4,22.0,342,414,test
ff0ad5bd-9dfd-42ef-926a-02b606deb920,,clip_449.mp4,12.0,48,234,train
d48b5274-6be1-410a-9e0c-96ba585ea18c,,clip_143.mp4,17.0,414,510,train
2d5dc58a-a6f0-49c6-a03a-79df75105765,,clip_331.mp4,22.0,534,588,train
3d4d5628-17e2-4683-9812-d18ea419bae6,,clip_621.mp4,8.0,6,60,train
52a5f4aa-91f8-4e43-80fe-e77cea3287db,,clip_436.mp4,11.0,144,198,train
8552ab34-8c9c-4051-92dd-cabd5a9da86e,,clip_216.mp4,16.0,204,288,test
2b554f52-3269-46f9-9078-aa81d868096d,,clip_12.mp4,19.0,384,438,train
e43952ff-6a0b-4f0e-bb41-4e5bf9e93056,,clip_712.mp4,0.0,6,60,train
99c2897c-a14d-4584-86d9-45294fc41174,,clip_205.mp4,26.0,900,954,test
e82770ca-bafc-4908-837a-1794154333b0,,clip_108.mp4,19.0,390,456,test
a5421a43-ac6b-4760-ab54-e91462de4a58,,clip_447.mp4,16.0,24,84,train
9e22022e-b150-4fb6-ab92-39b7f0075f74,,clip_491.mp4,1.0,6,60,train
59c66ba4-d7a7-4150-b720-f7c4b5c0b001,,clip_19.mp4,43.0,264,318,train
05a235d9-a460-4a59-9e15-c8b6957023ef,,clip_423.mp4,8.0,162,216,train
a5b29e39-8d99-4f67-bcf5-7658659e9b1a,,clip_465.mp4,19.0,474,528,train
d491d67f-f7f8-4827-8026-967228581db5,,clip_347.mp4,8.0,6,60,train
203f39c4-d436-4021-a5c9-b87be5c537e6,,clip_31.mp4,11.0,6,120,train
8a00b8c9-dfca-494a-a82f-6fe4e3e636b6,,clip_621.mp4,34.0,60,114,train
8cc5f85c-7a07-4a1a-a312-0b00d099fcf1,,clip_725.mp4,7.0,294,348,train
a704c44c-5210-46b8-86ec-921cedaf30b7,,clip_217.mp4,23.0,444,498,test
c7f3d627-4f92-4c55-add4-b764247f3519,,clip_41.mp4,24.0,540,594,train
4b5caa3e-a413-4e67-b66f-d15c207eb95c,,clip_385.mp4,22.0,444,498,train
9a1a0deb-b7af-4acf-a8f1-65c14c075549,,clip_145.mp4,18.0,162,216,train
d4c39ee1-f7fc-4d8c-bef4-787b9f9025e5,,clip_716.mp4,0.0,366,426,train
5c1f877d-c412-40fb-888d-56e0321beee4,,clip_688.mp4,11.0,138,192,train
bf2dafe2-1b04-443c-b421-2a7475086940,,clip_560.mp4,4.0,6,108,train
098b59fe-9681-464f-8677-f80a61669048,,clip_15.mp4,8.0,6,60,train
0e5010f8-9cbe-4876-824f-9506aa0a2b43,,clip_376.mp4,43.0,1002,1056,train
b5906c4c-bfc9-4c50-b52e-33c4a4fe64ab,,clip_158.mp4,7.0,36,90,test
8acd9797-7695-4970-b659-f3607ae3b0ee,,clip_143.mp4,7.0,6,96,train
d156f113-798f-4771-a768-8f7086f3c53f,,clip_374.mp4,13.0,6,108,train
9bc730d0-1926-46d8-a0e6-426f53c538f5,,clip_18.mp4,28.0,192,246,train
27989721-1068-42d0-89bb-38d502350dc0,,clip_100.mp4,22.0,48,102,train
84fe5b08-24a1-4a55-9de1-9830d2f958ec,,clip_244.mp4,8.0,6,60,test
b7c38a8c-a8f0-4b1e-857e-15992ac7dd86,,clip_422.mp4,3.0,6,60,train
b98295a8-e6e7-4d04-8723-a145787bfb0b,,clip_761.mp4,59.0,390,504,train
a0a85366-7406-4baa-b2b5-d62c43fbb27b,,clip_551.mp4,9.0,6,96,train
2fb9e0f0-693a-4bb5-85a7-d0381bb96ed9,,clip_140.mp4,30.0,168,222,train
566d96d6-aa23-4985-aab4-a16a6d59823f,,clip_147.mp4,5.0,6,60,test
1601d0d7-3697-41bb-b544-0c1ee7c9cfc2,,clip_744.mp4,17.0,72,162,train
15a2d407-f429-4dd9-9b58-242d83db7ce1,,clip_417.mp4,1.0,6,60,train
1c691290-bb65-4f31-8c0f-d2219e97e114,,clip_565.mp4,22.0,456,528,train
75148107-fa2c-4aba-a441-27855bf1ad19,,clip_17.mp4,6.0,6,72,train
22b8c627-5815-4688-899e-1cb4d8998ffe,,clip_87.mp4,19.0,312,384,train
c249fdf9-c2e9-4430-b29f-3eae19d19021,,clip_281.mp4,34.0,1032,1122,test
fca8557f-43dd-4aca-9697-30aa7f0d3432,,clip_499.mp4,18.0,522,576,train
93451684-3b9b-4046-a91a-ce400bd0e3a0,,clip_152.mp4,11.0,6,60,train
11fe133f-891a-4d00-aaf7-0c26044b2f6c,,clip_433.mp4,17.0,540,594,train
050ae89b-3070-4207-8de4-4f1efa66d4cb,,clip_55.mp4,37.0,414,504,train
4518e698-aa4c-4cab-be03-f622fc5a6cbc,,clip_45.mp4,16.0,102,180,train
16050c83-7254-46ba-84bb-07e764b5c818,,clip_113.mp4,9.0,348,402,train
9e13e157-2e14-4f7a-a2ab-e77520d4144f,,clip_758.mp4,15.0,540,594,train
526acb4a-b103-494f-8447-bc82caa9892d,,clip_374.mp4,4.0,6,78,train
b1439d8e-eccb-464d-bc7c-e1c9919e80de,,clip_79.mp4,15.0,216,270,train
f23291ed-a043-4e1f-b189-a7a6d34ae909,,clip_171.mp4,19.0,126,180,test
950c024d-4c78-42fc-8316-b6e38bd56c73,,clip_10.mp4,12.0,114,168,train
4c0333ae-2604-4cd6-8eeb-d14a7fb84569,,clip_281.mp4,27.0,978,1044,test
1f3eab01-38e4-4e3b-89b1-36c0705344b4,,clip_168.mp4,15.0,288,354,train
d19653d2-17fe-407a-b1dc-b13665d26a1f,,clip_676.mp4,13.0,492,546,train
110ed918-67a6-40be-b346-644f2411f322,,clip_32.mp4,3.0,6,60,train
f48873f2-4518-4dc5-8c67-55bc7e6cac91,,clip_21.mp4,39.0,504,558,train
48dbf3a9-06cb-46c7-914b-627376c970f8,,clip_466.mp4,14.0,150,204,train
d5d3c89c-be9f-49e6-8178-fead4e896480,,clip_283.mp4,0.0,6,60,train
97ce5c2c-2806-49dc-b039-18005fd0d3dc,,clip_296.mp4,0.0,6,60,train
9a455aa3-024c-4fb3-87b4-8d86e2d93f70,,clip_296.mp4,9.0,138,192,train
b8908055-032e-4dfd-b717-e50401378e30,,clip_187.mp4,4.0,6,60,test
bd1ecaea-2c07-4a03-84df-cbda8834ffd8,,clip_685.mp4,9.0,6,60,train
9e4bc7d1-b77b-4ab3-a662-a1f6d62cef57,,clip_763.mp4,13.0,6,60,train
dde3cf3e-f1cc-4750-b394-c782c8fe6df8,,clip_200.mp4,10.0,270,450,test
2b65fd0c-1a38-4fa7-bb35-b7494d9b0a05,,clip_155.mp4,20.0,528,582,train
3a4e9e82-9a41-44e5-af01-0d0188c3679e,,clip_30.mp4,2.0,60,114,train
7da27918-a231-49e5-86d0-6313959fe7cb,,clip_153.mp4,0.0,6,60,train
5490502f-09bf-4797-87c9-71e9688793e3,,clip_361.mp4,14.0,426,480,train
1b01065a-a0bd-46fe-8276-3c7889d03c35,,clip_621.mp4,30.0,18,72,train
14a949d4-ce21-450c-b234-bf968db9969e,,clip_147.mp4,32.0,504,558,test
65392daa-1c58-45a8-87ed-1d7a9e651e4b,,clip_491.mp4,32.0,258,312,train
e4b29737-6817-410d-bfd3-339ef60dfb8e,,clip_681.mp4,6.0,6,60,train
971554d6-6bb1-44d2-b9da-5b1af5fa5d7a,,clip_103.mp4,7.0,6,60,train
777a8c75-b376-4c2b-927d-2548b3c82083,,clip_10.mp4,3.0,54,108,train
702b6208-bfcb-451e-ad58-5d87acd2bdcf,,clip_269.mp4,0.0,6,60,test
b969a184-c164-489e-8b3e-ff023942c251,,clip_281.mp4,25.0,960,1020,test
28c4d7e9-4a21-4fda-9e0a-27f86dc7a9a9,,clip_420.mp4,0.0,6,60,train
bc949496-69e4-4648-b5a5-8d668cedee0d,,clip_621.mp4,18.0,6,60,train
fc8ca9b1-71ed-4b5a-9baa-fd19255bf9c5,,clip_153.mp4,17.0,528,582,train
706fa673-5a6f-453b-b05d-451c8f336185,,clip_384.mp4,5.0,6,78,train
638a1a14-e3f2-4c43-a014-07bb6dd3a099,,clip_384.mp4,23.0,528,582,train
39795a81-1eaa-41f2-9f95-c25a2a5f57ae,,clip_681.mp4,20.0,438,492,train
5b8daae6-7539-4993-8de1-8c68333443d9,,clip_378.mp4,14.0,24,78,train
79f314e5-0be6-42cb-8aac-aaba61164870,,clip_71.mp4,9.0,18,72,train
d6439caa-4cb6-4037-96b5-e75f076aabd1,,clip_429.mp4,5.0,6,60,train
2bbb8271-5d97-4ef3-aa82-c170b2879d58,,clip_730.mp4,16.0,522,576,train
ace945ef-3888-457d-bd2b-a40868ea5142,,clip_99.mp4,13.0,42,96,train
eb97b524-548e-4b51-bd2a-0f93765a744a,,clip_782.mp4,19.0,312,426,train
3b09c5d6-54f6-4466-84d9-afe5ca35dfc5,,clip_122.mp4,0.0,6,60,train
3a2ba3cf-cca2-416f-b024-c847645703db,,clip_467.mp4,16.0,522,576,train
4b4d3169-9564-4e79-84fc-abd8f97218d4,,clip_19.mp4,7.0,6,60,train
12542b7b-fbc0-4c79-8abd-6f295e01ad06,,clip_108.mp4,32.0,438,522,test
258709d7-a8c9-446a-af47-e5ebee120b58,,clip_31.mp4,21.0,408,462,train
10994904-981d-4b69-9cfb-1d791bd129f2,,clip_447.mp4,6.0,6,60,train
009c5e3f-e1c8-4d35-a6a9-75a4d6ed1652,,clip_25.mp4,22.0,132,294,train
9a6b09f0-3e58-40ce-887d-881d4e5bb5b9,,clip_332.mp4,2.0,6,90,train
21f912ec-39a9-4821-bc77-c54558eac5be,,clip_139.mp4,14.0,6,60,train
09c45b50-b72f-4913-9cca-74224e7673b4,,clip_273.mp4,35.0,864,924,test
4282c5d6-b4d8-494d-9423-9cd0b5621816,,clip_193.mp4,24.0,288,342,test
a41a993e-7d52-41c9-9290-35ad3d8dff53,,clip_379.mp4,5.0,6,60,train
50064700-8911-4304-992e-414bd3ee94eb,,clip_469.mp4,1.0,6,60,train
f03f2ef5-6c11-4f3d-a1b6-af16ff1b74df,,clip_155.mp4,15.0,378,432,train
ceebeff2-7665-43af-a99b-4dbcd1d73666,,clip_435.mp4,6.0,54,162,train
72e773b8-f844-4dce-b4de-91df13265b4d,,clip_307.mp4,19.0,684,762,train
cbc125d8-0503-47a8-a640-88822412f2b2,,clip_609.mp4,3.0,6,60,train
0609104d-c235-4ead-939a-1951bcb82067,,clip_102.mp4,8.0,138,192,train
048f62fa-3a22-4fa0-95be-f6ae18ee6406,,clip_315.mp4,5.0,6,72,train
45321a28-e454-42b9-ba89-10933f783613,,clip_37.mp4,0.0,6,60,train
69681727-b538-4c9e-aa71-5d9368b57c54,,clip_64.mp4,1.0,6,60,train
ce53343e-6240-472a-b02b-ac305ae2d743,,clip_576.mp4,4.0,6,60,train
d09b7042-d12e-4711-a7a8-b4e23a1f7c9d,,clip_281.mp4,31.0,996,1050,test
eab5ff23-c010-424f-bcd1-0ea97f1c6b4f,,clip_628.mp4,20.0,48,144,train
478ca23d-98e6-48a0-8881-dd36c722b5a4,,clip_165.mp4,6.0,120,174,train
a2f77123-6780-485a-aee0-7082c6d75284,,clip_621.mp4,9.0,6,72,train
cec3146c-de4d-4537-a843-d63a485984f9,,clip_177.mp4,4.0,6,60,test
6eafb66c-bb7f-4143-ad7e-a59e796a4e50,,clip_140.mp4,13.0,6,84,train
402de263-6135-4355-bfb3-cd537d60753e,,clip_319.mp4,17.0,456,510,train
bd7e6a03-f5df-434f-938b-7f5b01fc6414,,clip_291.mp4,14.0,180,234,train
8dde819f-0173-49d1-b600-c1cb94b69fa0,,clip_38.mp4,33.0,486,540,train
93d6365b-7c70-4bbc-801f-18843823fcc6,,clip_402.mp4,11.0,96,150,train
14c10cdd-5ee2-44ed-8508-b1b4db0e6693,,clip_415.mp4,11.0,150,204,train
02df80ba-f304-4c9c-b1bc-2c909c756dff,,clip_761.mp4,72.0,468,522,train
76021b8d-6147-4cec-8f23-53415e07b0cf,,clip_107.mp4,43.0,774,828,test
f8969206-2b62-40c2-b35c-68650bafdc50,,clip_609.mp4,25.0,450,504,train
b979a3a3-1c74-4a4c-a035-afd5d12b6ff7,,clip_362.mp4,7.0,156,210,train
60812d71-9342-454e-b384-44d651fa5c22,,clip_142.mp4,20.0,246,300,train
1953625f-6065-4863-9f86-1f2b3409f5a2,,clip_315.mp4,2.0,6,72,train
05e781a7-8bf1-49fe-9fb4-8dc0ae14264f,,clip_21.mp4,26.0,204,258,train
1b353b75-0638-4b6a-b256-43bd38d0223c,,clip_19.mp4,50.0,408,486,train
f9ca892d-6658-4831-b23c-f8ad22ba3e50,,clip_16.mp4,7.0,6,60,train
b9c67ba0-48b4-4637-ab14-c59ccec16726,,clip_348.mp4,12.0,186,240,train
76c3be8c-d73a-488d-a5a5-66212c0db763,,clip_383.mp4,16.0,372,432,train
7df783c9-b4bb-47b2-b2d7-4a0d1d08162e,,clip_139.mp4,11.0,6,78,train
28de575c-37e4-4944-ad30-5fde0912fec5,,clip_128.mp4,45.0,642,696,test
0bbd4fd4-7573-4c1a-a9c3-e2a1b2b6b6ca,,clip_419.mp4,10.0,6,60,train
d996d8e6-2097-4568-b2ca-52a0f2e9b335,,clip_55.mp4,23.0,90,174,train
d9fd5de6-fb1c-4724-9c77-7862629a5b98,,clip_384.mp4,12.0,78,132,train
dbd6d80c-cd52-4fa5-98ab-aace9fdd20dc,,clip_197.mp4,7.0,6,60,test
d53a245c-26e2-4e5d-8a02-a2ae17c8c988,,clip_588.mp4,12.0,156,210,train
84030b3f-624a-4a96-a114-866b1bbe386f,,clip_123.mp4,9.0,6,96,train
0799ea55-d5cc-4d04-b46d-a37bb0809701,,clip_352.mp4,5.0,90,144,train
5b413191-38f0-414b-8e5b-87261afb6269,,clip_150.mp4,16.0,498,552,train
1daa0b2d-dc68-4931-9ed1-fc7e9a95ce13,,clip_621.mp4,23.0,6,60,train
3c3ddc77-c66c-4580-936d-8cf390e4d0a0,,clip_279.mp4,3.0,6,60,test
191c8db0-ee63-400f-acbf-b46e7843eb15,,clip_177.mp4,20.0,6,60,test
a1efef8c-54f1-43ff-affd-38ae20be37fc,,clip_466.mp4,29.0,486,540,train
d060d66c-05fa-4d03-b38d-1df002541417,,clip_92.mp4,9.0,240,294,train
19905afe-8009-4809-a324-c33ae4169048,,clip_430.mp4,3.0,6,60,train
4c543f11-d92d-437e-b390-3f707eb601a7,,clip_25.mp4,34.0,318,402,train
b5fd3341-650d-4ff0-b14c-01e80ff0556c,,clip_292.mp4,18.0,462,516,train
82a9d7c6-0a0a-4b3c-be08-322dd5ccecd9,,clip_122.mp4,26.0,48,102,train
82b50593-8fd3-47f1-922e-7b3b95db0151,,clip_27.mp4,22.0,498,552,train
4b799542-bb12-44d1-8b68-b1c3a9907f22,,clip_353.mp4,19.0,354,426,train
5d6bae4c-a41a-4f48-b9e5-9315c9bf39b6,,clip_385.mp4,19.0,162,216,train
f3a69b79-c0ec-4043-a857-bde8f6b42afc,,clip_761.mp4,79.0,528,582,train
dbdeffe6-294c-4219-8423-7d8bdedc928c,,clip_32.mp4,11.0,168,246,train
dcef91da-b544-4439-a2f3-75ff3755d588,,clip_114.mp4,8.0,36,90,train
39ecb6bc-a9b4-4719-a850-098d9e5710a0,,clip_427.mp4,8.0,408,462,train
2ed49490-d7a6-4371-828a-f4c187c74c5c,,clip_17.mp4,18.0,180,234,train
5bd5ef9b-07a2-4382-af15-8cc687379ef0,,clip_19.mp4,25.0,42,132,train
552c178f-4bd6-486c-a91e-66b61afb5b5e,,clip_127.mp4,30.0,798,876,test
4b2bb99c-b414-4406-94e1-8f1eb5a22447,,clip_683.mp4,15.0,510,564,train
1bd18d5d-89c2-49c4-ae39-256cdd8165b9,,clip_61.mp4,26.0,174,228,train
f437c3ef-ea76-4b94-8978-2ffe8e3c7810,,clip_45.mp4,1.0,6,90,train
1228b3af-f6e0-44ef-9504-90b91ca01d7c,,clip_25.mp4,32.0,258,318,train
ac4061ef-b523-4ec4-8a5b-c6d881d3b3e3,,clip_127.mp4,3.0,6,60,test
ad83e70d-e619-45bf-a25d-39e20aa5503e,,clip_400.mp4,10.0,486,540,train
906867be-2008-4616-a508-05ce1ee8848c,,clip_621.mp4,60.0,264,318,train
c459ca77-9601-4d98-a14e-7989aa7214be,,clip_424.mp4,12.0,474,528,train
b4f4f6e8-05b3-44c4-8c81-00e7a69a6084,,clip_466.mp4,34.0,900,954,train
edb28fa7-5a2d-44a5-a8f4-51c9c5282c71,,clip_223.mp4,7.0,6,60,test
4572a6ba-7f71-4513-ab6c-fdec4cf3d987,,clip_445.mp4,14.0,360,414,train
42727e31-1ccb-489f-947c-3a7186096dd0,,clip_413.mp4,13.0,258,360,train
21ac3f51-3a87-45a5-a69b-e5316859c17a,,clip_628.mp4,16.0,30,84,train
6c71bc8a-237a-4535-90d8-be36f0421559,,clip_44.mp4,9.0,36,90,train
db7c9bbb-34d0-46a1-8b60-40854c9f5603,,clip_46.mp4,20.0,6,66,train
6caf60a1-9fac-4db6-954e-604a157b44f7,,clip_560.mp4,2.0,6,60,train
70cae834-0426-4a19-a640-132f22de0609,,clip_575.mp4,2.0,6,60,train
bae762a3-db07-4069-955a-776f22ec016f,,clip_314.mp4,0.0,6,60,train
51ee9376-f921-49ef-b6d7-aa2b94264b29,,clip_249.mp4,13.0,186,246,test
2bdd932c-4e8e-41e1-bb85-61c87e4255f4,,clip_453.mp4,1.0,378,432,train
b4ab55c8-ba38-4ff5-9621-c9e7b1884f64,,clip_134.mp4,24.0,192,246,test
894861d2-5169-4468-a291-01cdacc4457c,,clip_19.mp4,16.0,6,60,train
8615ab49-3c1e-4eda-aae5-84090bb5f889,,clip_406.mp4,7.0,6,108,train
71e30625-7472-416a-9aaa-8eaad73382f4,,clip_174.mp4,2.0,6,60,test
16ebdde6-d57c-42da-b240-15f9e7b66a63,,clip_245.mp4,4.0,6,60,test
ff42e1e0-11d4-4379-8b96-6791eb049f25,,clip_52.mp4,5.0,6,60,train
1ff961f3-98dc-485a-84f4-9d06e542a0f2,,clip_245.mp4,11.0,6,60,test
b3d49fe7-67da-4b15-a646-6e9e5b59d896,,clip_154.mp4,0.0,6,60,test
9a81fe9f-b91f-48e1-a540-a5b37b18e028,,clip_60.mp4,25.0,540,594,train
b3b7fbf1-3255-4f8e-8a34-3bb70788cdf5,,clip_180.mp4,25.0,402,456,test
5c8c8ca0-5d8e-47d3-af60-6c9ce366eb37,,clip_568.mp4,2.0,6,60,train
26205a2e-6c58-4097-9a90-580b7347e827,,clip_724.mp4,12.0,438,492,train
7c6a1fbf-a51e-4744-9543-3f5ea8754ab3,,clip_278.mp4,6.0,6,60,train
b84879e7-b140-4de4-8c38-0656672e7103,,clip_196.mp4,24.0,468,522,test
3a1d2763-7ea0-4778-be94-01b54abd09e7,,clip_180.mp4,4.0,6,60,test
87b10f64-988d-4ebe-8e34-d1193c6d8469,,clip_101.mp4,16.0,378,498,train
0976fc15-11f3-42cc-a821-718634d25b16,,clip_122.mp4,27.0,66,468,train
b52f4913-801b-45be-aaf0-1b4044b23f9e,,clip_690.mp4,0.0,6,60,train
4e577521-7597-4e9b-ae00-d7862d08b036,,clip_103.mp4,19.0,198,252,train
17b7ff61-7736-4fb2-91b6-6bb1e45f0a8e,,clip_405.mp4,22.0,48,132,train
253f1f0e-23b9-4f8b-b5f8-ac82e7c2adc4,,clip_98.mp4,32.0,462,516,train
e8ae4bbd-cb38-4287-b951-98331548bd31,,clip_761.mp4,38.0,228,282,train
a6bb8b22-fcdc-43df-ad4e-1da6c570e4d1,,clip_81.mp4,8.0,6,60,train
fce60add-75bb-4251-bebe-82eec2213d21,,clip_554.mp4,19.0,300,366,train
0a7a07f2-b842-4103-9da7-1fb95d4884fe,,clip_435.mp4,10.0,294,348,train
bd40fa0f-190a-40cf-a689-a2ba777e6886,,clip_12.mp4,7.0,6,84,train
89996252-7c6d-4cf9-a4e6-a1a124d37050,,clip_21.mp4,19.0,132,186,train
605856f6-94c8-43bd-a727-2de4e2b5e54b,,clip_451.mp4,9.0,6,60,train
9017d3ef-b6ae-453e-837d-a2709005219e,,clip_353.mp4,4.0,6,60,train
9992166e-5759-4959-ba90-450eb9381b36,,clip_56.mp4,5.0,72,126,train
de6209e2-1efd-4c21-98ce-bf39e9160f67,,clip_111.mp4,4.0,162,216,train
db6cdb7a-87de-4a6e-b7ca-55987739728f,,clip_83.mp4,23.0,372,426,train
c4c7682e-0989-4a1e-8413-bce9aafe9c57,,clip_551.mp4,11.0,6,150,train
c4631797-546b-4412-ba8e-1cf565123d68,,clip_296.mp4,7.0,24,78,train
d41ff656-9c4d-4edf-bc40-23516a705f16,,clip_469.mp4,9.0,498,552,train
8ee8063d-a0fe-47f5-ba41-b854fbb19a5f,,clip_356.mp4,9.0,6,84,train
4e999b60-8564-4901-858e-38db2d3443b3,,clip_139.mp4,29.0,378,504,train
cf26211a-db86-4822-baa6-b6f74afe3b6c,,clip_549.mp4,15.0,180,234,train
018faca5-5fd8-4f56-8657-788032f42162,,clip_384.mp4,10.0,6,60,train
472ac77e-2fb9-4442-9c40-9c5252b790ac,,clip_24.mp4,19.0,36,90,train
cc3836a0-9acc-4907-a3e8-e135529865fd,,clip_19.mp4,33.0,102,198,train
96e021f8-a257-4962-85dd-7878bf55ff31,,clip_143.mp4,14.0,540,594,train
664ccd7d-ea24-4267-9f39-aa1a8805c12b,,clip_276.mp4,12.0,6,60,test
1571a6f0-fb7b-46f1-9b6b-7e6ebf1c5627,,clip_437.mp4,20.0,438,492,train
4f1a267e-fa71-425d-becc-f9043717409a,,clip_146.mp4,16.0,318,408,train
93d6a9bd-70db-48cb-8a50-7b88e9536d8b,,clip_779.mp4,0.0,6,60,train
ef350a2b-f084-4af8-9061-1ad8e877b1d4,,clip_206.mp4,21.0,906,1074,test
70fbaa1d-073d-489d-b582-532763bbe093,,clip_680.mp4,29.0,414,480,train
16afba40-1239-481b-abbe-563a230d80c1,,clip_405.mp4,31.0,516,570,train
4abf5349-a5dc-44a2-ae6b-f7bc1fd0e6b9,,clip_23.mp4,5.0,6,60,train
68428bd4-e714-429d-9098-451663362b11,,clip_440.mp4,6.0,6,60,train
3e5a201c-628d-49eb-a837-ecfd7bbc41f8,,clip_546.mp4,5.0,24,78,train
9d123345-acb1-41af-9fd6-80269aaeaa82,,clip_209.mp4,22.0,84,138,test
17a5211b-556f-490c-a689-b29255930a1e,,clip_64.mp4,20.0,534,588,train
284b5816-79c5-45f2-ab81-d526a8a579a2,,clip_496.mp4,12.0,486,540,train
8361db48-1497-49ec-8f21-7d648daf29e8,,clip_197.mp4,23.0,396,450,test
c5f1d8f9-507f-4180-a055-63960b12cf18,,clip_467.mp4,14.0,294,348,train
2e1cbdbe-f1de-49d6-ad43-dff33647d5c4,,clip_124.mp4,12.0,6,90,train
856cd907-f0c0-4f1d-8087-08c11022eeed,,clip_10.mp4,10.0,6,60,train
aad4d430-829a-47d5-bc8a-afff5a0a80c2,,clip_69.mp4,12.0,294,360,train
f58fd6d1-3f92-41f6-a582-7a4bd3689cd4,,clip_435.mp4,9.0,270,324,train
f5259cf7-3061-4dee-bf0a-73e19320565d,,clip_445.mp4,4.0,6,72,train
d68b5658-a17b-43a3-b43f-46d38eb7f012,,clip_316.mp4,3.0,6,60,train
343c8655-801f-486e-bd79-e808850606f3,,clip_621.mp4,42.0,120,174,train
4ac9d01a-744e-44b6-b688-56ecd4690ed9,,clip_728.mp4,6.0,174,228,train
d03f973d-a6cd-47d8-a3af-cc7c25620e00,,clip_202.mp4,6.0,66,120,test
885a12cf-8910-4154-9c70-6e48f7cdb047,,clip_126.mp4,11.0,174,228,train
a878d9a0-a191-4db9-82a1-2dc312d85ca8,,clip_55.mp4,3.0,24,78,train
4e9c498f-4216-42e3-bdff-2f848f7b24ab,,clip_383.mp4,7.0,6,312,train
337d8372-9521-467c-a556-ee0813f69b6d,,clip_621.mp4,20.0,6,96,train
47433ab2-595b-44da-9268-4f2aa859fc57,,clip_19.mp4,55.0,486,540,train
a9da0a4f-9fa6-4646-8746-fc4ae0e7acb2,,clip_125.mp4,20.0,288,342,train
d59a23d1-5e41-4de4-b583-8d167a367114,,clip_135.mp4,8.0,90,144,train
0fc242d0-4ea0-43dc-96c2-72de544bfbc8,,clip_100.mp4,10.0,6,66,train
90f1a0ce-696b-4e81-b065-5edf794c3b1e,,clip_38.mp4,9.0,6,60,train
534a013e-8bc2-48ac-9d5c-448d66bb3e31,,clip_62.mp4,35.0,486,540,train
f2b0271b-8384-450e-9264-cf50e669f62c,,clip_315.mp4,10.0,204,258,train
803f4b49-cbd3-42f5-93fe-43743dfeedeb,,clip_461.mp4,1.0,6,60,train
a03828ef-ab5b-455b-8f77-e170daee3ef8,,clip_621.mp4,64.0,300,354,train
12f34429-da50-4ee9-9b84-f23f88ce4ef6,,clip_772.mp4,27.0,498,552,train
c31954dd-54b8-421b-b2a5-aad211a6cecc,,clip_446.mp4,11.0,6,78,train
719f3d95-7887-41d9-98c8-10364af590f3,,clip_621.mp4,59.0,258,318,train
c4fe6b15-f5cf-4958-8bfb-a1159c17a8fd,,clip_385.mp4,16.0,120,186,train
e3e8760e-1db1-44aa-8b20-5e25065bf627,,clip_422.mp4,28.0,450,504,train
907378cc-6f0e-4787-8f19-831544eea2ad,,clip_314.mp4,5.0,6,60,train
e6ec5f61-1b01-4558-bbce-3e860e90f969,,clip_761.mp4,58.0,390,474,train
d25df1c1-62b4-4f6a-9842-664c1f31559d,,clip_548.mp4,5.0,6,60,train
17327d4c-a567-4a80-aad1-d47688e3fdc1,,clip_9.mp4,24.0,24,78,train
b0766834-7bb1-4a3d-a237-303c672e62c2,,clip_281.mp4,28.0,990,1056,test
f51a518b-9500-476c-9309-d6ad47e9b92d,,clip_43.mp4,11.0,180,234,train
e1dbe92b-4fdd-453c-b168-1e676d7248f6,,clip_215.mp4,21.0,270,324,test
8111f2b1-0913-4f57-b936-232584c00a33,,clip_249.mp4,20.0,456,510,test
a33f728c-6a93-4377-9e84-b19f2f5719c3,,clip_294.mp4,15.0,318,372,train
10fbcc26-e8d7-4751-a07a-b62dfea7790f,,clip_275.mp4,3.0,84,138,test
037d48d4-fc37-4f31-a4a2-6c3c606eeccb,,clip_564.mp4,9.0,510,564,train
3309bbf7-6a77-43e7-a741-7ef0044ab1b0,,clip_229.mp4,13.0,6,66,test
d3a9aebf-1818-498c-bf5f-9f3d5397939e,,clip_546.mp4,18.0,534,594,train
9e3279d3-141d-4ab1-92b9-6e0450bf0a37,,clip_286.mp4,3.0,198,252,train
5fe9e3b8-2635-4785-b147-caf18b87734a,,clip_352.mp4,4.0,6,60,train
09606407-c2eb-406b-8a74-c3665123100f,,clip_236.mp4,2.0,6,60,test
126620f7-7651-4efa-a550-11fcf145cfdc,,clip_145.mp4,10.0,114,264,train
6263a5af-ed88-46f4-a931-1267d2eac296,,clip_37.mp4,26.0,396,462,train
3a89b60c-cc3d-4a0d-8c19-d72aa98ab43c,,clip_19.mp4,58.0,540,594,train
a4b7d131-5d29-4c38-acaf-36511e538207,,clip_608.mp4,14.0,72,126,train
983aab68-0795-496d-89a2-e5afff0db1af,,clip_290.mp4,0.0,6,60,train
826db4da-079b-4424-9cf9-0d5939f71c98,,clip_31.mp4,12.0,6,60,train
f98519ac-0b63-49ca-850b-d48d9a465bfc,,clip_438.mp4,11.0,102,186,train
daf487c8-ce91-4116-958d-8a12b50d4590,,clip_210.mp4,4.0,6,84,test
6158221b-0b4f-40ff-998d-f57ffc7b71b6,,clip_217.mp4,5.0,6,60,test
f3ad774c-01ce-469a-a5d9-54984571bede,,clip_373.mp4,3.0,6,60,train
db2989ab-dc86-4d00-b4a8-f020591c9db2,,clip_19.mp4,28.0,66,156,train
6ff22b8b-99eb-4cf4-8d46-8cb4f331c555,,clip_684.mp4,0.0,6,60,train
e93e48da-b1d7-4ba2-9a15-9e9603686924,,clip_407.mp4,10.0,6,60,train
dd5170a2-afc4-4ef8-b242-1664ce2c7cf1,,clip_553.mp4,15.0,300,354,train
2b83e034-abf8-4aa7-95be-a9493071406d,,clip_101.mp4,8.0,6,60,train
3ead5606-15e7-4639-bcb8-043572be67c1,,clip_30.mp4,10.0,246,318,train
b9d68b56-577e-4d4c-8693-9f1436a0a85b,,clip_408.mp4,6.0,42,96,train
d3b26188-4dc7-4bf6-8a24-7f1060274b45,,clip_546.mp4,16.0,474,528,train
845f5a52-5693-4273-8e4d-02c5fd2fcd69,,clip_3.mp4,44.0,444,504,train
996a714c-21fd-4feb-a063-404a23884f40,,clip_320.mp4,12.0,54,108,train
7566e49d-85d2-4d9a-81de-b0eb7594de5e,,clip_5.mp4,16.0,132,186,train
c3242019-3fbe-4e17-9844-d4937fc3af31,,clip_3.mp4,45.0,474,528,train
bdfdbf30-c11a-4070-9d9c-a5af34550cd6,,clip_416.mp4,2.0,6,84,train
8adb9476-fd91-4396-af04-a95f643d58c2,,clip_135.mp4,19.0,426,480,train
42ea8ba3-0e25-4a46-87bc-a7360fd6be40,,clip_60.mp4,17.0,240,318,train
44606094-2483-4d75-b710-d9ff77c7861e,,clip_16.mp4,2.0,6,60,train
ec34f5c9-4f8d-4220-aed5-eead0da87e65,,clip_355.mp4,27.0,528,582,train
fdde82de-0413-45bb-b0e5-bb9e490200a7,,clip_373.mp4,52.0,540,594,train
dbb2bf86-f162-47eb-9d5a-e778dbea752a,,clip_247.mp4,20.0,180,234,test
7004e2e2-6b52-4cc0-b770-9bea79a91632,,clip_127.mp4,19.0,486,540,test
0fe9b368-6dd8-4b65-a1a2-26d8f535c6af,,clip_92.mp4,16.0,534,588,train
9f12c98d-ff72-4f36-8ac7-23dbdeaaa32d,,clip_437.mp4,10.0,30,84,train
5faf9da0-7efd-48c6-a570-f5d3464d700c,,clip_290.mp4,11.0,336,390,train
64636499-2976-4017-b06e-cedb051866a9,,clip_105.mp4,7.0,6,60,train
1f820198-11a7-4761-b6c4-f84722a1178b,,clip_212.mp4,21.0,402,468,test
ca7708bb-595a-4786-8661-667c2c61ce8b,,clip_7.mp4,10.0,90,174,train
5fde73d9-bcd2-458b-b9a8-c0e1f28e66c3,,clip_12.mp4,3.0,6,66,train
1f1b8cd6-f92a-467a-9791-ea5c55d7be8d,,clip_197.mp4,2.0,6,60,test
1899b495-034d-42bf-ae4d-9754e918ea13,,clip_143.mp4,6.0,6,60,train
fcfc3219-7b5e-4fb3-b536-3af07f06ecf0,,clip_683.mp4,9.0,24,78,train
4239c9fa-c979-4977-b0be-01bd4e9a1a54,,clip_113.mp4,11.0,426,480,train
9d267ede-1a8f-4e1b-bb2d-bf2da6b962e1,,clip_103.mp4,17.0,156,210,train
b527935a-6879-40ae-9eab-a5c77a82577c,,clip_358.mp4,18.0,474,528,train
6c4cb323-93b5-4e0e-9001-e1c8d8f6a8d9,,clip_416.mp4,6.0,30,84,train
6cc12fd3-5bdb-4449-9df8-50d09db6413a,,clip_201.mp4,17.0,456,510,test
92d7b6f8-1ff6-4477-bf9c-b66de96219ea,,clip_103.mp4,26.0,444,498,train
a1808e00-46f1-43c8-8107-7f018c20ccf2,,clip_733.mp4,6.0,354,408,train
578c6849-d0b0-4c3c-94eb-7f1590471bb1,,clip_122.mp4,13.0,6,60,train
c32be084-f21c-4af6-aa80-80acb57ea27f,,clip_628.mp4,29.0,162,216,train
2713059f-8506-4964-81f8-cece86fcb718,,clip_119.mp4,17.0,96,222,train
cc4beac4-3e16-4357-8130-b33e961cd12d,,clip_692.mp4,82.0,528,582,train
c8293f3c-78db-4cb9-bd11-39ba1d719d90,,clip_280.mp4,31.0,1116,1170,test
b0369920-1a69-4460-9c67-2595c5dd4af5,,clip_621.mp4,4.0,6,60,train
a68b1a4e-09e7-4347-88c3-3d158182586f,,clip_124.mp4,0.0,6,60,train
537adef0-7f5a-487d-af3b-faef06a25ad0,,clip_226.mp4,21.0,276,330,test
c2334414-327d-4c2d-bd45-a5852b7cba44,,clip_140.mp4,27.0,30,84,train
87d98784-641f-46bb-a730-bf858fe07130,,clip_37.mp4,5.0,6,60,train
0435eb74-5560-4956-990d-7ea06160dc21,,clip_467.mp4,6.0,96,168,train
10a94e7f-8ff4-4e35-a2cc-2119828e35bb,,clip_118.mp4,17.0,456,510,train
a1d9e93d-5339-45e2-9af9-5cd58b125c5f,,clip_761.mp4,48.0,324,450,train
9985bdc4-b819-433f-8f84-afdfc8731750,,clip_429.mp4,11.0,90,144,train
024ffef8-1633-4eb9-87c8-83ac40d50589,,clip_25.mp4,28.0,330,396,train
3fe30571-b829-49aa-b398-9f8e9a36d84e,,clip_228.mp4,4.0,6,60,test
f20c6709-3196-4a6a-a12a-39eaa81a50ca,,clip_105.mp4,33.0,450,504,train
16134240-3a0e-4a98-a029-feda0ae57f1f,,clip_26.mp4,20.0,540,594,train
1ee4d8a8-9b75-4086-9694-d9edc5b72062,,clip_364.mp4,0.0,6,60,train
6e04120b-c478-44f3-9209-0b5df32fc0eb,,clip_373.mp4,39.0,414,510,train
ebc64f65-26ee-4aad-8ae0-3eb92ac749fb,,clip_144.mp4,25.0,366,420,train
bff7dbd7-ecdf-4fc5-a947-0a78947d0058,,clip_771.mp4,18.0,624,678,train
d4069458-7de6-463f-bddd-d10f17ae3246,,clip_449.mp4,20.0,210,300,train
a089187b-6a07-4089-b83f-ebbc3372382b,,clip_14.mp4,17.0,426,480,train
30ebd5a5-25b5-4e8d-9df0-d430900e6295,,clip_295.mp4,11.0,252,306,train
6a095290-741d-40c2-8a39-0affcd6738c0,,clip_449.mp4,39.0,372,456,train
2a5cb41c-c0fc-4262-8f7f-d1ba1aead772,,clip_177.mp4,22.0,18,72,test
8d2e6970-7268-4c15-a0f4-20449f73d216,,clip_14.mp4,19.0,486,540,train
a5d002e0-4fdc-4cbd-a704-0624f073ef65,,clip_61.mp4,11.0,6,60,train
842e794c-601f-496c-9a2e-c310e4ec52b4,,clip_353.mp4,13.0,150,204,train
aba1085e-8b2e-4620-9162-724106142d7f,,clip_406.mp4,2.0,6,60,train
e930cff9-5f0b-4f3f-9652-8fa0bf55d30f,,clip_65.mp4,1.0,6,60,train
ba713eba-2de2-4c9b-9715-5922b508f8f7,,clip_127.mp4,18.0,486,546,test
516e4200-4df9-40f6-b5df-0dfa64d4a986,,clip_417.mp4,11.0,192,246,train
fcf94763-78b9-440b-9b68-0de2de63d613,,clip_35.mp4,25.0,456,510,train
b3ad3f4f-afc8-4a6d-80fc-856f3b8a682a,,clip_62.mp4,26.0,216,270,train
5bc0375e-8144-4c15-bd03-3585f1ad036d,,clip_31.mp4,9.0,6,60,train
1c090822-e241-4f33-9efd-7211556e73a6,,clip_41.mp4,20.0,420,474,train
ed5afc90-420b-456e-83f1-bfc8b6d1b7ff,,clip_345.mp4,7.0,6,60,train
f8a3fc20-055a-4023-afdd-a50e4aeb8000,,clip_118.mp4,9.0,306,360,train
99517631-6885-496c-9480-f4e7f0c7a7b1,,clip_560.mp4,7.0,6,114,train
0ee45236-e2cf-4365-bf6d-57ac7fdd5543,,clip_22.mp4,20.0,156,210,train
88bd049f-c25a-460e-a82d-77bfb8a39cb7,,clip_378.mp4,5.0,6,60,train
05cd4bf1-ec7e-45cd-b5db-2c4ac7d0ec65,,clip_157.mp4,14.0,6,66,test
659579e7-df6a-45b8-a25c-1ac93470f1cd,,clip_62.mp4,23.0,204,270,train
e7c96ea5-a124-4b9a-9470-0319e626fd50,,clip_94.mp4,23.0,462,516,train
ec2d1cd1-7ff9-47f6-a45f-ccdd836fcad2,,clip_319.mp4,8.0,48,102,train
aa41b8c3-6032-4637-9fed-6e01338036db,,clip_374.mp4,26.0,120,240,train
a62e9d88-5b78-4c8c-8a14-32a346ad44b7,,clip_701.mp4,0.0,6,60,train
b2407c37-aeb6-4d93-ae14-d78bbf1111ba,,clip_19.mp4,45.0,276,330,train
e15733b8-caf7-4882-823e-1b325a194324,,clip_148.mp4,0.0,6,60,test
d66f7510-8e0f-462b-b43c-f5e302e1f6a6,,clip_546.mp4,17.0,510,564,train
17529827-7268-47bc-8d27-8f5d999594ae,,clip_553.mp4,9.0,324,378,train
6f3982f7-19b8-4072-bd97-7b80b8b3e887,,clip_307.mp4,9.0,6,60,train
eca62291-fe6c-4828-b378-c5b998c02478,,clip_621.mp4,32.0,60,114,train
62243af2-1b6e-48cf-80c0-f96bde20aa94,,clip_717.mp4,13.0,534,588,train
8837b2f8-9895-4e82-972b-fb0abdce3068,,clip_378.mp4,23.0,474,528,train
a806420c-a794-4092-86ce-2b770b3f1e22,,clip_276.mp4,17.0,6,60,test
c60de1da-151f-47b6-991b-a3dd1c42ef23,,clip_383.mp4,15.0,366,426,train
8f88e304-f3d3-4dce-a3c7-6cf9055858f6,,clip_443.mp4,5.0,6,60,train
1e5eed70-3a88-4697-b687-65fd6e6ac072,,clip_441.mp4,8.0,6,78,train
9194f7b7-4fcd-4a9f-b31f-a9209f695f0d,,clip_33.mp4,10.0,6,60,train
c617ed75-2a25-4413-aac5-ed749db0f364,,clip_133.mp4,3.0,6,60,test
301c196e-6fe2-45d1-8a87-f7e6dddf2d09,,clip_551.mp4,43.0,444,498,train
51cab169-ba99-46c9-bb7e-5e7b626cd06e,,clip_12.mp4,5.0,48,138,train
88be90aa-8326-4f84-bb7f-eabaacdbbddd,,clip_124.mp4,3.0,312,366,train
8e044dd2-fdce-49bb-b5c5-95e59f5c1b47,,clip_374.mp4,28.0,156,210,train
43765273-4781-48e9-8b68-de637f7bf7e9,,clip_377.mp4,16.0,150,204,train
2b3ad3bf-5da5-42c2-83e1-0f75695a0e7c,,clip_621.mp4,44.0,144,198,train
30cfe6ba-0f5d-44a8-9a1b-b964c59aada2,,clip_3.mp4,53.0,510,564,train
8a2495ae-36d2-4798-8a07-56a2f490b4ec,,clip_415.mp4,10.0,102,156,train
646676c8-d3d6-4a59-a3a1-02af7bccd55e,,clip_284.mp4,5.0,6,60,train
062bae22-87e3-42e3-9687-ce9e8f411c28,,clip_86.mp4,4.0,6,60,train
23106d64-9c91-42eb-9d18-918de921e30b,,clip_122.mp4,28.0,72,198,train
65071218-a3f3-4699-a07f-f4585af7156c,,clip_628.mp4,22.0,60,156,train
9900d99c-bfe9-4a12-b0c1-6535446397de,,clip_621.mp4,35.0,60,114,train
b8e16902-5b34-4090-9256-faae3586bad4,,clip_24.mp4,25.0,306,360,train
685eb482-06fc-4229-a71c-1a01c537a3fa,,clip_151.mp4,20.0,456,540,train
43735b0d-04f7-447e-bba9-911bca80d946,,clip_40.mp4,9.0,6,60,train
9a463e4b-0bb4-43ca-8dea-f94db05fdde4,,clip_411.mp4,16.0,408,498,train
66b60914-4937-40db-8f7a-c44a915546fb,,clip_135.mp4,20.0,462,516,train
3c13fda3-f86e-42fa-863c-270cd6a3e1a8,,clip_270.mp4,21.0,474,528,test
3e3062fa-800c-4cbc-9dad-fb61ddd02e7a,,clip_82.mp4,17.0,288,342,train
95a3c8d7-eaf2-4b43-a88c-8c9167fc13e5,,clip_23.mp4,12.0,390,444,train
6b742e30-7776-4e1a-90bc-638c0b89d0f1,,clip_431.mp4,3.0,6,60,train
3d85cb76-6f2e-44a5-aa77-f73d1f59c529,,clip_107.mp4,40.0,702,756,test
f16eb1c1-eeb5-4356-97d6-90a220012c31,,clip_156.mp4,21.0,672,726,test
fa473790-e012-4212-94ae-663702bce6f0,,clip_446.mp4,21.0,180,246,train
462256ea-753c-4768-9ae6-55262d88610c,,clip_565.mp4,6.0,66,138,train
693a24ba-cc2d-41d8-aabc-e3cc9409823d,,clip_568.mp4,7.0,6,60,train
9155db7b-07b6-4d62-947d-40518c6e0678,,clip_177.mp4,11.0,6,96,test
4a49afb3-4b6b-47ea-ab19-5d53886d61f8,,clip_81.mp4,17.0,102,156,train
07698f23-c6da-439f-8655-aa5f0dac367f,,clip_66.mp4,11.0,210,264,train
cf0a006b-672c-4263-a360-e737c40868ea,,clip_717.mp4,10.0,516,570,train
892ac54f-0590-4b70-8483-75bf482d9311,,clip_588.mp4,26.0,438,492,train
c683ee70-98c7-4d8e-93c2-1dbccbfd3c71,,clip_546.mp4,0.0,6,60,train
551ab135-7a98-417e-bbea-4b9f4b8ac52b,,clip_18.mp4,30.0,204,258,train
feba746d-6a14-42e2-bdaf-abdb0d226f6a,,clip_94.mp4,12.0,204,258,train
4a7779f6-c6ae-43d9-98c6-978e172783d5,,clip_99.mp4,29.0,510,564,train
9b0ff1a4-de40-40eb-b43f-40f0f949c768,,clip_144.mp4,16.0,162,228,train
608e3d12-8637-4a56-85c9-67110ded78c7,,clip_152.mp4,10.0,6,96,train
2bb5287f-f61d-4e54-b947-f2d59473d584,,clip_155.mp4,9.0,6,60,train
0473d837-8a51-4958-90db-fd51cc580d98,,clip_447.mp4,25.0,462,516,train
f4124afe-f73e-49dc-bb89-114f29de624b,,clip_772.mp4,17.0,54,120,train
a437d9bb-78a6-4f6d-9e96-3390884693ef,,clip_775.mp4,3.0,6,60,train
80bd8119-7a3d-4bbd-ad12-b926b9f868c9,,clip_8.mp4,40.0,504,558,train
1e80815d-2ae0-4ed0-9817-50b7fa5233c7,,clip_401.mp4,25.0,534,588,train
532950a2-d643-4551-8bdd-8aa5d655ac70,,clip_459.mp4,5.0,6,60,train
ee72f00a-cf98-4a8c-8243-eef56391deaa,,clip_98.mp4,33.0,498,552,train
4cb6cad3-8f39-4ad5-a6d8-6f701293d475,,clip_598.mp4,17.0,186,252,train
99a08797-cc8d-41b6-ae92-92966e5fabda,,clip_12.mp4,4.0,6,60,train
a1afdecb-ae6c-4cce-af2d-0a682f468ca5,,clip_5.mp4,12.0,6,60,train
35228ed8-0b42-4f30-ae8d-eaa899d0cda3,,clip_26.mp4,17.0,456,510,train
b67a19fc-d10d-4844-953c-0600ed48eff4,,clip_18.mp4,35.0,306,366,train
2308d0f8-194d-4b61-84c0-5e49c3f3b9ca,,clip_772.mp4,3.0,6,90,train
ec8a5888-16fa-4896-9ea2-6e08585e3c7a,,clip_357.mp4,15.0,444,498,train
4cdc0d8b-902f-43e4-9e28-29b4e954f002,,clip_442.mp4,9.0,6,60,train
96b355db-1389-4f18-a6a1-6ad4ca2c90d0,,clip_21.mp4,25.0,342,396,train
3840188e-68c4-461f-96b0-7ff03f25b1c0,,clip_437.mp4,21.0,480,534,train
199b6dec-6f41-484b-842b-c73d4fbdaec8,,clip_173.mp4,7.0,6,60,test
77386ca1-9541-489c-b43b-c8accd02d82d,,clip_48.mp4,0.0,6,60,train
3ad2c58c-3bde-42b6-80bc-d1336c3cfce5,,clip_55.mp4,31.0,180,246,train
ae095340-3330-43a1-84c8-942eab268193,,clip_249.mp4,8.0,540,594,test
eee06c75-6449-4188-acaf-69f03b7d0ae7,,clip_405.mp4,21.0,42,96,train
6d940e22-ab39-4573-9e21-e4064d8684ed,,clip_274.mp4,5.0,120,222,train
a9f2700d-ce6f-4367-93b4-8b2c3841b01a,,clip_30.mp4,5.0,6,60,train
d058f746-3b32-4697-b503-2d73a280137e,,clip_412.mp4,8.0,42,96,train
8a8546f1-4e9c-4038-9791-966fae0e844c,,clip_446.mp4,6.0,6,60,train
c227151f-5fd3-44e2-84de-4b06865083f0,,clip_19.mp4,52.0,456,510,train
24fe5c4d-eefc-4bcf-9d74-2c6910f19f92,,clip_23.mp4,8.0,300,354,train
0bb5a6c1-122b-4fbc-b4cb-45a8603c16e7,,clip_148.mp4,26.0,816,888,test
9df5b5b8-5b41-41a6-a05f-f2bb0e8de0b7,,clip_8.mp4,33.0,384,438,train
528bb1c6-2088-4942-b1f2-b71b9cde18aa,,clip_374.mp4,10.0,6,60,train
d26d0b1d-fdc3-434d-9fac-41eb7af52e06,,clip_140.mp4,10.0,6,60,train
3a1083c1-cf13-49de-9bc3-9b46ced6eeea,,clip_309.mp4,20.0,96,150,train
6a0b68ab-10fc-49c0-8348-06003cf8da8e,,clip_249.mp4,7.0,6,60,test
b5e28793-52b6-45fd-b0d6-63d18b20d23a,,clip_25.mp4,13.0,36,138,train
6d851fd1-9318-4ebc-a3d1-1628951c5b34,,clip_739.mp4,8.0,270,324,train
24de48fe-f917-41ff-b66d-607ea36853f3,,clip_79.mp4,20.0,390,456,train
63a95f49-79b8-4904-aed8-a6f6e0b4fad0,,clip_452.mp4,9.0,168,222,train
1126d6af-4894-4777-be52-27d367fd3502,,clip_112.mp4,9.0,222,288,train
86020402-6976-4a3f-b008-28e0bf52a14e,,clip_549.mp4,17.0,336,390,train
7ea3d8b9-40f9-4743-b22c-648b4d4037c9,,clip_676.mp4,9.0,156,210,train
16156973-c1e5-457e-8dfd-814d3657aa15,,clip_421.mp4,0.0,6,60,train
ce5101a7-96eb-4b91-8b42-7d44920ea998,,clip_692.mp4,33.0,48,102,train
18919508-609b-4a9f-80f0-68af6a8935bb,,clip_331.mp4,4.0,6,60,train
747aba13-4f54-4382-b1bf-7931c0ec3deb,,clip_40.mp4,16.0,72,126,train
1273229c-d2e6-4c44-8366-7314ff41c761,,clip_42.mp4,23.0,312,366,train
bde455f7-2215-4417-8f4c-af9f48619d2f,,clip_370.mp4,7.0,492,546,train
2153c30c-9c0d-42c3-99db-d9d35a4303b9,,clip_320.mp4,6.0,6,84,train
c5442731-d10a-4089-8c4b-36b92810efde,,clip_81.mp4,12.0,6,60,train
cd5b92da-7d68-4a22-84fa-1129e8fa0759,,clip_103.mp4,22.0,264,318,train
33926f5a-2c47-412a-a7f4-b3b5c1e4201b,,clip_465.mp4,10.0,60,132,train
46d0bea9-c506-41d4-8216-a63b8d3937ff,,clip_192.mp4,7.0,474,528,test
abd13c79-7dee-481a-86d7-d3d823de5d8a,,clip_290.mp4,7.0,186,240,train
533a7f0c-1c8b-42d1-8216-a675b2e36475,,clip_628.mp4,8.0,6,60,train
bc4fc8bb-05c5-488c-8407-eaff10a7e646,,clip_94.mp4,10.0,132,186,train
fdabb0fc-f8f8-4877-8f1e-08bd7e2ef03a,,clip_361.mp4,11.0,6,60,train
55e7601d-3dce-4b50-af30-54db84d34c06,,clip_271.mp4,11.0,108,252,test
8b7d1094-746c-48aa-8124-6067c2960ae3,,clip_26.mp4,4.0,6,102,train
5a854c0a-29d3-4557-807b-f1c2a9eaf2d6,,clip_419.mp4,9.0,6,96,train
40a97be2-719f-4d46-8a04-a1fcaa97cab7,,clip_378.mp4,16.0,54,108,train
92b3b188-c979-4021-bd61-fda1a916e327,,clip_135.mp4,2.0,12,66,train
7e9864b6-44f8-40b1-afd1-b18faf1e3e0e,,clip_43.mp4,12.0,186,240,train
e5691ddd-ba1f-4aa5-a9d9-4a2e012bb599,,clip_100.mp4,15.0,6,60,train
eb8ba3b6-375d-4799-bc06-309feca58175,,clip_688.mp4,6.0,6,60,train
21eb1a06-53fc-4713-bf35-0510f2a13ebc,,clip_226.mp4,1.0,6,60,test
c61bf0bf-6a30-4798-8015-727f07dabe29,,clip_455.mp4,22.0,342,432,train
25e59946-9899-48af-8769-7e6fdb859986,,clip_91.mp4,13.0,288,414,train
1c8bd9df-83c2-437e-8604-bed9a5cdaf20,,clip_281.mp4,32.0,1014,1068,test
77a41798-530c-4e2b-a3e0-86d09af2497b,,clip_159.mp4,6.0,6,60,train
b8d61659-e133-4d1c-8873-970abf853ee6,,clip_401.mp4,2.0,6,60,train
41af8487-3f60-4304-b2c9-7d30e5786931,,clip_156.mp4,18.0,444,540,test
f570e135-78f5-4f2f-9ca3-e75404412b07,,clip_758.mp4,7.0,42,138,train
99795d42-20d2-4fca-82a0-b6b739e941ad,,clip_292.mp4,19.0,468,522,train
93e58e78-aaa1-4c7a-94b0-92abcbc9afc4,,clip_248.mp4,2.0,6,60,test
fc4d082e-8d56-4eeb-9229-38a356e336f1,,clip_9.mp4,26.0,36,90,train
73e83325-0ec5-477f-b494-82cd58cc29dd,,clip_681.mp4,12.0,6,60,train
9d32e471-24c3-43e9-acce-3ccf7ddb84b0,,clip_705.mp4,6.0,6,60,train
0a336368-97ac-457c-a4b7-582bb07b6345,,clip_589.mp4,22.0,408,462,train
42317665-bf4f-488e-940a-e52a4c4050a1,,clip_733.mp4,5.0,336,390,train
3ce40df7-bd29-43ab-a9ea-8dbc22080b21,,clip_376.mp4,27.0,714,768,train
ee925c10-6723-4e71-a804-23b9c1642913,,clip_198.mp4,14.0,138,192,test
0e3e1411-1414-4a5c-811f-55a9576025d3,,clip_80.mp4,8.0,42,96,train
142db452-65a0-4bb8-86b8-ddb0a25fc626,,clip_435.mp4,4.0,6,84,train
f744a409-1b8c-460e-8768-759b673d3aff,,clip_98.mp4,22.0,174,228,train
fadf8b5c-272d-4160-8ab0-f501ff589bed,,clip_309.mp4,30.0,582,690,train
caba8e5a-a121-4b46-9e61-f85d8d7e0cbd,,clip_139.mp4,9.0,6,60,train
f5583961-2cb6-46d1-b211-175f77967b3c,,clip_144.mp4,15.0,216,276,train
320d9067-deb3-41e8-9f89-b38e1844fcb8,,clip_332.mp4,18.0,240,294,train
480c3f92-2842-4c27-bf19-a578588ef682,,clip_363.mp4,0.0,6,60,train
688c1cf8-c650-43f4-860c-92ab4d1fe204,,clip_194.mp4,13.0,534,588,test
b398d796-714e-4e30-af99-529bc7672a3b,,clip_159.mp4,14.0,426,498,train
8458a5c1-d742-4f03-907b-995fcb099e9e,,clip_551.mp4,49.0,114,174,train
0c267147-c5e0-4482-8854-05610a9c00f8,,clip_315.mp4,4.0,6,72,train
1d373cd8-db58-445f-9f11-2b9de5f22d1e,,clip_406.mp4,13.0,6,60,train
09be2a5b-8e71-4743-95bb-7191a30673f5,,clip_27.mp4,20.0,450,504,train
f5fda789-bdc0-4dd4-9ab0-06aca10e120a,,clip_609.mp4,14.0,480,534,train
425c65e5-d3ee-49bf-88d3-430205b2d0d6,,clip_62.mp4,10.0,6,60,train
c21d9317-0626-407a-90ef-555467cfd874,,clip_186.mp4,9.0,252,306,test
19fb10c4-b77c-44aa-85b7-41af3c66dca7,,clip_170.mp4,2.0,6,66,train
b2ade269-5db7-4910-bc65-18fe8873c688,,clip_153.mp4,5.0,6,60,train
3c4e246b-02af-4989-8a1f-549db7743ede,,clip_23.mp4,7.0,204,288,train
9416ad27-d685-41d3-b3ef-4840cb3c8615,,clip_465.mp4,22.0,510,564,train
0e4b8659-d6ca-45c7-974b-eb9a41f2e7ca,,clip_628.mp4,17.0,30,84,train
bde4f895-23e8-4b18-8561-a8d1918a9f76,,clip_175.mp4,11.0,354,408,test
01fb7c4a-caaa-49c9-b22f-4b41ad50478a,,clip_3.mp4,60.0,588,642,train
b96a4e32-82cf-4806-84f9-7969c439cb79,,clip_436.mp4,3.0,6,60,train
49ba7e84-1326-4293-8595-a8c1e7199132,,clip_177.mp4,23.0,36,90,test
f1a5bca7-0498-470a-ae13-a0af38aff169,,clip_692.mp4,52.0,126,246,train
afd8ed7e-af7f-46d4-9e97-220207dc7a10,,clip_204.mp4,0.0,6,60,test
b05ec443-60a1-4af8-b85c-c143881038d1,,clip_692.mp4,70.0,372,426,train
35150bcf-6a9c-473e-8cdc-40e8750cd21f,,clip_266.mp4,16.0,240,294,test
ea8fd378-f442-4ad3-bd5d-ffe4ecdf1ef6,,clip_465.mp4,2.0,6,60,train
9922d32e-3f6f-48c9-87aa-f041dd3e9a55,,clip_11.mp4,8.0,246,348,train
894dea85-8d5d-47cc-ae96-490814a276c4,,clip_457.mp4,9.0,186,240,train
fc236da0-57e7-4cc6-ab1a-9a3cebf1d57b,,clip_68.mp4,6.0,96,150,train
a19a9dc5-d9a6-40da-a474-8b205cddc662,,clip_546.mp4,4.0,12,96,train
b2904f19-f1d0-4e7e-83b4-bf03e4ec0682,,clip_38.mp4,24.0,210,396,train
9d98a2f6-2ff9-44df-9323-bf0084059e4a,,clip_551.mp4,52.0,162,348,train
8cfeee5f-e818-4070-b7c0-361e342de0d0,,clip_374.mp4,30.0,204,258,train
27888d8f-7ea3-46c7-82b3-54d268b1fc43,,clip_105.mp4,23.0,282,336,train
7c2c262b-e9ba-4088-a983-1f0b7191eb73,,clip_246.mp4,6.0,138,372,test
2283fb82-bf44-4518-8787-1cdd973a2335,,clip_86.mp4,15.0,252,306,train
e66094c1-4bf1-4112-81a8-2d40bd9fda7e,,clip_173.mp4,18.0,270,324,test
a51dbd7d-7621-49e3-a1c6-8cfd2975bac5,,clip_551.mp4,62.0,444,516,train
2a9d7c4a-2d00-4717-9ab6-9e5350e83b91,,clip_36.mp4,10.0,54,108,train
7485227d-23a2-4365-ac33-768ddba94983,,clip_105.mp4,14.0,60,114,train
0d00c8b7-d022-44a7-ade0-bc66d64dfdb9,,clip_684.mp4,15.0,6,60,train
bbffcbc0-b84e-492b-abad-b02477a3db33,,clip_134.mp4,17.0,120,240,test
445734e4-8c1b-477c-9f0e-b238c695e760,,clip_144.mp4,12.0,6,78,train
f15447a0-bd96-426c-9344-d2faa38c50fa,,clip_40.mp4,29.0,366,420,train
aeb70ed8-809d-4a82-b485-5cc3216060c9,,clip_105.mp4,30.0,396,462,train
b1124307-6d5d-4fd5-bdb4-0b3831604030,,clip_551.mp4,12.0,294,348,train
31fce1b8-cae9-4a00-9ef8-08a97500b740,,clip_185.mp4,10.0,6,60,test
e089c9be-7c10-4ecb-905a-44f7faa0819a,,clip_353.mp4,8.0,6,60,train
7164d238-6a72-4088-8634-22ab3703ba79,,clip_551.mp4,19.0,6,60,train
998268dd-7922-47a1-8e8e-909107395b39,,clip_105.mp4,12.0,6,60,train
36a7481e-c51c-46d0-b373-7a72a1ee1d6f,,clip_312.mp4,0.0,6,60,train
c1427533-4b09-4f0e-b32a-96a80917431f,,clip_61.mp4,7.0,6,60,train
9c9e92ab-0f5d-400e-a05a-3b2ccb7a15e0,,clip_596.mp4,20.0,468,522,train
531d68ad-042e-4ddf-9c0a-a229da50611e,,clip_490.mp4,1.0,6,60,train
9d019d81-d044-4ce6-b9c5-2ec47a7b7577,,clip_123.mp4,10.0,6,60,train
be051152-56e3-464a-9cd1-816a55bcd5fa,,clip_111.mp4,6.0,510,564,train
c3fed6e8-f1dd-4910-bedd-111524bafdfa,,clip_772.mp4,25.0,438,522,train
6dc14d2c-1046-4dbb-a662-013240a434c9,,clip_137.mp4,15.0,156,222,train
d5a0b502-ccfa-4eb2-935f-ac8ec1e199c5,,clip_280.mp4,16.0,246,300,test
23f8f5ce-ce13-473f-8a67-b5e22637e5ad,,clip_331.mp4,12.0,6,60,train